"baseMean","log2FoldChange","lfcSE","stat","pvalue","padj","Taxon"
6849.06928289897,3.88031650527265,1.20041986102218,3.23246609896016,0.00122726696920147,0.0199739100108087,"Lactobacillus"
2528.61540595578,7.52482979424599,2.13181745946743,3.52977210165351,0.000415917768246473,0.0199739100108087,"Candidatus_Arthromitus"
266.70659814936,3.22296893923688,1.02542244030601,3.14306456788197,0.00167188956291586,0.0199739100108087,"Romboutsia"
95.3120650046333,-4.17479634841362,1.26876980496937,-3.29042851749959,0.00100034914633233,0.0199739100108087,"Muribaculum"
66.7119038500192,5.46076154711843,1.76025937018429,3.10224824796514,0.00192056827027007,0.0199739100108087,"ASF356"
7207.61824521395,2.43188742331063,0.859752059201783,2.82859156576892,0.00467533243728106,0.0405195477897692,"Others"
44.0482315451177,3.4593693976164,1.32090295377588,2.61894288882281,0.00882027129291195,0.0655220153187745,"Lachnospiraceae_UCG-001"
3850.30971068975,-2.62058798088868,1.04623420431456,-2.50478140561801,0.0122527092987477,0.0764308123664926,"Muribaculaceae"
401.393705362389,3.62308881855284,1.47622428200967,2.45429428489045,0.01411614060759,0.0764308123664926,"Mucispirillum"
45.42741160154,7.24925763106119,2.97133573108638,2.43973023822882,0.0146982331474024,0.0764308123664926,"Stenotrophomonas"
245.448768503024,-3.90092696383893,1.68817555435308,-2.3107353697784,0.0208474763113375,0.0985517061990499,"Faecalibaculum"
102.724578494151,2.63487554816847,1.18065910352227,2.23169883695287,0.0256348741760544,0.111084454762902,"Alloprevotella"
961.325104055354,-3.96050905020687,1.80961593891551,-2.18859094078293,0.0286265848623203,0.112864522550974,"Coriobacteriaceae_UCG-002"
50.539001256132,-2.74422242458298,1.26753094609505,-2.16501414268207,0.0303866022252622,0.112864522550974,"Parasutterella"
130.142355073928,3.19331229255613,1.58219342746256,2.018281859303,0.0435619149144201,0.15101463836999,"Roseburia"
50.891437575388,3.59846043362973,1.89030174627884,1.90364339487782,0.0569566431362321,0.185109090192754,"Sphingomonas"
104.324490697344,2.3564527055629,1.33346503082527,1.76716498077532,0.0772006025783366,0.236143019651383,"Anaerotruncus"
96.0512322592444,2.13539120755841,1.23742528216459,1.72567284533175,0.0844062859429753,0.24384038161304,"A2"
30.8533447809808,3.98777511502634,2.37020354308634,1.68246103869784,0.092479473861476,0.253101717936671,"Acinetobacter"
134.449359626173,-1.97398540029183,1.2256649951163,-1.61054236529332,0.107279504469206,0.278926711619935,"Clostridium_sensu_stricto_1"
100.352076232208,-1.61304898660188,1.11560093551584,-1.44590142877214,0.148204851140816,0.366983440920116,"Clostridia_UCG-014"
58.8865873694484,1.86975949935828,1.41025779439518,1.32582816190721,0.184896622533386,0.418027146597222,"Enterococcus"
33.5530110409175,3.21523338673707,2.42375663438581,1.3265495970687,0.184657718317877,0.418027146597222,"Lactococcus"
1410.13267008688,1.77927721173388,1.5069228558524,1.18073543368444,0.237707840544885,0.515033654513917,"Helicobacter"
36.3195898234471,1.66962626340673,1.49048147586135,1.12019256223352,0.262631712792464,0.546273962608325,"Intestinimonas"
1614.90864522909,-1.65130867050059,1.5309199706299,-1.07863814058233,0.28074907171943,0.561498143438859,"Bifidobacterium"
90.432832116252,-1.40754387923377,1.43133583439879,-0.983377796745361,0.325421533843719,0.597013424841022,"Blautia"
44.5804250640459,-2.83757784681222,2.81192712960204,-1.00912211306621,0.312916074065647,0.597013424841022,"Faecalibacterium"
33.1650008105931,-1.12406558781006,1.16099763504885,-0.968189386331313,0.332949794622878,0.597013424841022,"Rikenellaceae_RC9_gut_group"
50.1069079380816,-1.56181394321734,1.68886045367484,-0.924773825936267,0.355083568215146,0.615478184906254,"Dubosiella"
542.299044002869,1.13285723827364,1.27053902287318,0.89163513900723,0.37258852927296,0.624987210393352,"Alistipes"
132.04091072318,1.37708459112113,1.61358842830018,0.853429887677005,0.39342095311871,0.639309048817905,"Pseudomonas"
32.1487504775168,-1.39105796118107,1.82598220995344,-0.761813534435552,0.446171301378606,0.652210427389385,"Ralstonia"
276.118927167479,-0.975890946504441,1.19559381787685,-0.816239538807118,0.414363147025973,0.652210427389385,"Lachnoclostridium"
82.9071799759921,0.88607470883557,1.17693510440589,0.752866241748185,0.451530295884959,0.652210427389385,"Eubacterium_xylanophilum_group"
69.1142946450024,1.062061923267,1.3767920986903,0.771403267259672,0.440467939090709,0.652210427389385,"Eubacterium_coprostanoligenes_group"
60.1309996803944,0.961021388723811,1.42536918331535,0.674226298683203,0.500167452313033,0.702938041088586,"Butyricicoccus"
31.7446568866743,-1.64036060849374,2.87710592722834,-0.570142584244014,0.568580994455077,0.767107874791205,"Ruminococcus_torques_group"
83.251679303992,0.786383589952112,1.40371053688691,0.560217772316593,0.575330906093404,0.767107874791205,"Clostridia_vadinBB60_group"
42.1530272657272,0.821761549721014,1.64818999334596,0.498584236670903,0.618072312397575,0.803494006116848,"Prevotellaceae_NK3B31_group"
33.923000148694,-0.602544015837897,1.32141851056301,-0.455982726911533,0.64840239928634,0.822364018607066,"Parabacteroides"
232.068141611197,0.560787410385027,1.3715618940115,0.408867738913958,0.682636725393911,0.845169279059127,"Bacteroides"
67.8021466789467,-0.457380743098287,1.18628573056342,-0.385556979498569,0.699824799558186,0.846299757605249,"Enterorhabdus"
190.251195344075,-0.41699567509964,1.23724397845908,-0.337035930147735,0.736089814703939,0.869924326468291,"Turicibacter"
66.3837691031599,0.422170738790129,1.370246242532,0.308098446604767,0.758007423206921,0.875919689039108,"Oscillibacter"
37.2710136467638,-0.412049356377815,1.86633518948294,-0.220779932082817,0.825263789904634,0.889663227979903,"Akkermansia"
134.082962924089,0.271060799310201,1.32858776547601,0.204021748772528,0.838336503288754,0.889663227979903,"Colidextribacter"
211.419580713271,0.339826481608865,1.26939172521472,0.267708127332705,0.788923993388983,0.889663227979903,"Desulfovibrio"
32.1160029271345,0.423658088154251,1.76223831250331,0.240409078129979,0.810013141220376,0.889663227979903,"Eubacterium_siraeum_group"
62.51194602344,0.192502520124599,1.18847235076937,0.161974756922178,0.87132573240793,0.906178761704247,"Marvinbryantia"
45.4929386032511,0.0970895238164194,0.927896297834043,0.104634024344156,0.916666215362976,0.934640062723034,"Lachnospiraceae_UCG-006"
1365.67141022073,-0.07302845602558,1.30266149278621,-0.0560609616772986,0.955293243072965,0.955293243072965,"Lachnospiraceae_NK4A136_group"
386.394497308673,2.42419007611344,1.7452886152373,1.38899094106784,NA,NA,"Streptococcus"
9.25342442646638,0.879681325520848,2.70923003137199,0.324697908754306,0.745409717550805,NA,"Rodentibacter"
878.121266720067,5.15630420187629,3.41728739020641,1.50888807791049,NA,NA,"Corynebacterium"
27.4650660614579,-0.145270148894035,1.3396815331097,-0.108436330055868,0.913649583810934,NA,"Prevotellaceae_UCG-001"
130.85237141022,2.08109393592548,2.74911962575355,0.757003775474134,NA,NA,"Staphylococcus"
293.066362375785,3.7538066120495,3.0458892855869,1.23241728772364,NA,NA,"Cutibacterium"
1.87397794625097,0.174796120923001,3.51565233370581,0.0497193989425997,0.96034599745616,NA,"Weissella"
25.4233042957927,0.838761391301065,1.91539637364833,0.437904865457922,0.661455248461519,NA,"Bacillus"
198.738487032231,5.68665657798874,3.18717003082018,1.78423382593283,NA,NA,"Lawsonella"
5.61440394315505,0.355556756118862,2.76995840624243,0.128361767208335,0.897862686155192,NA,"Pseudarthrobacter"
130.420194684709,3.99434509406178,2.94277176995806,1.35734110774031,NA,NA,"Prevotella"
4.37877664861583,6.99387713663848,4.0427103262493,1.72999709903212,0.0836307935306329,NA,"Streptomyces"
28.2789739910882,-1.98434488247049,1.86665171115292,-1.06305041835838,0.287759087586707,NA,"Escherichia-Shigella"
5.88957231621723,-1.33164814550498,1.441669074093,-0.923685032463334,0.355650327163322,NA,"Candidatus_Saccharimonas"
2.53399485789438,6.27861005353934,4.09134459553924,1.53460797713907,0.12488015200571,NA,"Nocardioides"
2.35235136902862,1.32483470248484,2.57423073847039,0.514652662127736,0.606795758222065,NA,"67-14"
7.33099341041042,-6.12408949822008,4.24930747381616,-1.44119707410117,NA,NA,"Brevibacillus"
4.62799350036823,1.54125701318673,2.94962793111028,0.522525908074984,0.601304212551132,NA,"Subdoligranulum"
64.9096486239013,4.92567675750806,3.61125898070292,1.36397771077313,NA,NA,"Haemophilus"
65.0108901445604,4.63068382384703,3.64225018771094,1.27137993965134,NA,NA,"Dolosigranulum"
2.54253105510628,5.34340197955677,4.2796828300686,1.24855093046022,0.211829369298771,NA,"Fusicatenibacter"
44.5360392027917,7.99505118974491,2.47114157889081,3.23536751517635,NA,NA,"Comamonas"
11.9060093790265,5.30797334691714,2.67944049986015,1.98100064069129,0.0475912017375323,NA,"Chloroplast"
5.86989347901535,6.40829007587747,4.19215021922448,1.52864037326004,0.126353621505658,NA,"Neisseria"
5.21254013923488,-0.50484633756392,3.11256819419989,-0.162196072845785,0.871151452268058,NA,"Gaiella"
3.44234594150094,1.58422831496407,4.13349111236098,0.383266413764993,0.701522239360181,NA,"Anaplasma"
2.89833370617041,-1.94790748069399,3.46229081328755,-0.562606547439148,0.573702832597524,NA,"Eubacterium_ruminantium_group"
1.45161688561274,1.36524843930658,3.57524469667114,0.381861538198418,0.702564070330349,NA,"Anaerostipes"
16.6317498446861,2.3413423797316,1.33445588663649,1.75452962003336,0.0793397991065037,NA,"Ruminococcus"
42.5043194197755,3.74643952848498,3.32692253434475,1.1260976141793,NA,NA,"Paracoccus"
29.744947213848,0.253133373054173,1.44895739000001,0.174700356822895,0.86131508738289,NA,"Odoribacter"
20.4473271732549,-6.95525165746791,3.74562807397713,-1.85689863491513,0.0633255768348661,NA,"Barnesiella"
2.62786337017699,1.66737705535934,2.64201295704524,0.631101013684691,0.527974478383538,NA,"Bryobacter"
5.49414945618418,0.940809226910516,2.38873842499313,0.393851924960442,0.693690365753118,NA,"Rikenella"
10.1914478142417,-0.980306719034474,1.79817064498219,-0.545168903613252,0.585637356475319,NA,"Delftia"
2.44992013725552,5.50460940059271,3.86305724911838,1.42493601456436,0.154175697894559,NA,"Vicinamibacteraceae"
1.38247633939212,0.479022364469083,4.16318225179071,0.115061588827403,0.908396305314177,NA,"Eubacterium_hallii_group"
17.4135518662592,-0.299018711274242,1.95338317993874,-0.153077345164618,0.878337281242045,NA,"Erysipelatoclostridium"
30.6406683966926,3.86399591703805,3.21998869321338,1.20000294571904,NA,NA,"Peptoniphilus"
0.708840366409974,-2.93592079415454,4.26752727671814,-0.687967669280453,0.491473141234226,NA,"Caulobacter"
3.5165466177177,0.647174662830936,2.63972237247485,0.245167700050284,0.806326584912891,NA,"Massilia"
3.55577160482484,4.65807678160486,4.29935153705776,1.08343705822962,0.278614474301535,NA,"Agathobacter"
10.6537725627059,0.167887726389259,1.61857864732187,0.103725405414836,0.91738726479366,NA,"UCG-005"
25.8410911669522,5.52207204383021,3.33914275690204,1.65373943130046,NA,NA,"Porphyromonas"
29.2352646279969,3.57930757290605,3.13288008509624,1.14249747059696,NA,NA,"Actinomyces"
1.21862694899959,-3.59359934978224,4.2600497523664,-0.843558070603764,0.398916402865087,NA,"Enhydrobacter"
27.0251645928266,4.66141738262436,3.0118501030245,1.54769235625085,NA,NA,"Fusobacterium"
1.0472235143356,-2.51610322503385,4.27440781284874,-0.588643698776359,0.556100313289378,NA,"Mitochondria"
3.5928405790106,2.45835492723757,2.39682579392198,1.02567109110375,0.305046645310274,NA,"Lachnospira"
14.6684837078263,4.04323086354247,3.08270372849019,1.31158593872487,NA,NA,"MB-A2-108"
10.0601637366047,1.79489329392195,2.70085053334584,0.664565947564085,0.506328155419962,NA,"Nitrospira"
25.6437164679993,3.66918536575804,3.50817950785029,1.04589441832935,NA,NA,"Finegoldia"
22.8934062799628,5.42744973287181,3.89424938250126,1.39370882544399,NA,NA,"Veillonella"
24.9543256847042,0.735590851871564,2.1433253482797,0.343200742930593,0.731447445807478,NA,"Lachnospiraceae_FCS020_group"
3.91915859232353,0.537471720121309,3.39509428297443,0.15830833412097,0.874213841277285,NA,"Sphingobium"
12.3752285217592,-5.06102485385785,2.97466094537713,-1.70137872745568,NA,NA,"RF39"
4.47370122238698,1.42777944440877,2.85551434285592,0.50000779998912,0.617069585251247,NA,"KD4-96"
18.3442364795928,2.02018425385889,4.02869164976331,0.50144921217229,NA,NA,"Rothia"
15.9993220407697,22.5211802356781,4.24968441447684,5.29949474811782,NA,NA,"Raoultella"
0.767538591480252,-1.4200374438294,3.706450832068,-0.383125935880037,0.701626390078681,NA,"Dietzia"
4.20930421195048,1.90215100502781,3.46301698143944,0.549275679334718,0.582816275146041,NA,"Haliangium"
0.568924986958642,-2.47278779149875,4.27523726252777,-0.57839779166705,0.562995584549193,NA,"Deep_Sea_Euryarchaeotic_Group(DSEG)"
5.1035545822533,0.252399021260135,3.42940406670309,0.0735985075980802,0.941329858684382,NA,"MND1"
14.5361722250063,3.59352734812457,2.60889757084304,1.37741220210625,0.168384842442235,NA,"Lysobacter"
1.71917872315523,1.83011650970597,4.18682270382619,0.437113448351536,0.662029074705197,NA,"Rickettsia"
11.0083912156078,-1.06929301347908,1.71688884819056,-0.62280852636792,0.533410354621416,NA,"GCA-900066575"
7.82339850934674,7.14097768552674,2.68487704904457,2.65970379837986,0.00782093981514021,NA,"Prevotellaceae_UCG-003"
5.76832257591574,-5.96046544665526,4.24957802875889,-1.40260171864547,NA,NA,"Bacteroidetes_vadinHA17"
5.41660216518525,1.24598062234997,2.69742822742471,0.461914281789634,0.644142791831022,NA,"Brevundimonas"
1.62666451512037,-4.13660119729376,4.25598013048388,-0.971950307677648,0.331075270502256,NA,"Burkholderia-Caballeronia-Paraburkholderia"
4.90813412161251,-5.72759448939319,4.25001998919248,-1.34766295310565,NA,NA,"Smithella"
6.24825054720147,-3.10607191016474,2.66621650464449,-1.16497362639307,0.244029668593298,NA,"Christensenellaceae_R-7_group"
1.17748567188058,0,4.40735632392609,0,1,NA,"Sutterella"
8.14084303345214,-2.41273477586868,2.36313446805869,-1.02098920246834,0.307259554397316,NA,"Erysipelotrichaceae"
0.576875679208117,0,4.4073563239299,0,1,NA,"Megamonas"
16.8839074011221,2.82455050813999,1.54703030294337,1.82578874037956,0.0678820899989419,NA,"Bilophila"
3.31050073028522,6.65422266659596,4.26024145896154,1.56193556883932,0.118303168184642,NA,"BIrii41"
2.29103140891569,2.64023283169473,2.88025170546239,0.916667396355514,0.359316955845261,NA,"Mycobacterium"
12.5700011823927,5.00669931219802,3.56556714457759,1.40418034752537,0.160265152427413,NA,"Enterobacter"
4.83677194178917,6.54035778696028,3.67692076127172,1.77875951416973,0.0752791973354779,NA,"Dialister"
16.4353140354941,0.683787549709159,1.27508674926839,0.536267473645614,0.591773706861253,NA,"UCG-009"
1.18710541905868,5.02437621715066,4.28770584465898,1.17180991401482,0.241273381458741,NA,"Amaricoccus"
0.839159714542475,-1.14151195421219,4.31743267067105,-0.264396005979814,0.791474788828904,NA,"Aerococcus"
6.2824863457351,-0.535639617178655,3.32992393926665,-0.160856412022618,NA,NA,"Kocuria"
2.98573185880178,0.581046400777,4.40735632392441,0.131835585342377,NA,NA,"Mesorhizobium"
1.63178775404654,1.93025744421638,4.16100064578155,0.463892608662123,0.642724688646639,NA,"Ramlibacter"
12.159484750985,22.0266477337691,4.2505200006953,5.18210659640843,NA,NA,"Woeseia"
6.12458039923826,0.926434255207467,3.12270251674705,0.296677077063537,0.766713059377694,NA,"Subgroup_7"
0.576875679208117,0,4.4073563239299,0,1,NA,"Aquabacterium"
1.08441877452257,0.145208160076343,4.23141948256742,0.0343166544169327,0.972624644387059,NA,"Collinsella"
3.50813255309268,-5.19563987528895,4.25134160263111,-1.22211771269413,NA,NA,"Herbaspirillum"
28.6079719034212,0.961664319624646,0.92156818578009,1.04350859161942,0.296712803746244,NA,"Incertae_Sedis"
3.75964933540158,-1.655594684933,3.96704607144559,-0.417336893778425,0.676432006399364,NA,"Shuttleworthia"
6.61560148970322,-1.32192095293617,1.90513370724475,-0.69387305883531,0.487761820408344,NA,"Butyricimonas"
11.3595186489465,21.9683530252582,4.25076521456488,5.16809372345137,NA,NA,"Nitriliruptoraceae"
6.25746818547169,3.73644343453437,2.46545511199404,1.51551874392569,0.129641087209027,NA,"Gemmatimonas"
3.23658831476544,-4.33169821459687,4.25485268377724,-1.01806067954188,0.308649120141442,NA,"RB41"
1.82859425572799,0.27303957651864,2.65085025169902,0.103000754698852,0.91796237197759,NA,"Methylobacterium-Methylorubrum"
0.884774227954019,0.246724070436849,4.20661826930762,0.0586514046774818,0.953229766109301,NA,"Thiobacillus"
6.64926357106607,-3.5010881863159,3.44749225592023,-1.01554635265783,0.309845462764104,NA,"Candidatus_Udaeobacter"
0.970593525581743,1.92969896671646,4.20876652590076,0.458495132681058,0.646596758585189,NA,"Gardnerella"
12.5259862386451,1.22293582573256,1.18536328079683,1.03169707172849,0.302214049634672,NA,"Eubacterium_brachy_group"
11.8844052844112,3.03172743195335,3.09792064796518,0.978633017583808,NA,NA,"Anaerococcus"
9.11961356323871,21.6252275397717,4.25168048160249,5.0862776808715,NA,NA,"S0134_terrestrial_group"
6.81634289914499,0.559703883293987,2.0125788981996,0.278102828065366,0.78093342486203,NA,"Tuzzerella"
8.34488368236698,4.50154095244492,3.15922724714033,1.42488672080162,NA,NA,"Actinobacillus"
3.99950099227273,3.26527059604332,3.21008077174715,1.01719265907011,0.309061787536146,NA,"IMCC26256"
6.58332612880157,2.36387982018118,3.55746409744581,0.66448451914902,0.506380253914141,NA,"Klebsiella"
8.68373448173484,0.023543392397195,2.49429248825559,0.00943890602567639,0.992468954438584,NA,"Acetatifactor"
4.87491601243693,1.33656089974979,2.11489132486826,0.631976160681943,0.527402454923994,NA,"Tyzzerella"
2.7612792910555,6.3479272818018,4.09985171293986,1.54833094615754,0.121542637419031,NA,"TRA3-20"
2.33783289003947,0.470852299338944,4.14277808761199,0.113656172109947,0.909510356896601,NA,"Micrococcus"
1.38450163009948,0,4.40735632392555,0,1,NA,"Phascolarctobacterium"
2.65053940519987,4.33735288253685,4.31223067223802,1.00582580390714,0.31449937231613,NA,"Eubacterium_eligens_group"
1.72037690860645,-4.21639655563027,4.25550056264349,-0.990810950101501,0.321777901376439,NA,"Syntrophorhabdus"
2.04159289104911,1.15981426628712,3.82674513778754,0.303081136717059,0.761828029200723,NA,"TK10"
4.9597898326386,7.28599562456824,4.25556578023918,1.71210974070732,0.0868764466230134,NA,"0319-7L14"
8.3801140145497,5.54548783809127,4.18334467863931,1.32561102756061,NA,NA,"Gemella"
0.976645764845344,-2.13908936834979,4.28252449742017,-0.499492616945541,0.61743238671962,NA,"Agrococcus"
2.17577079617874,-4.55480373374568,4.25373661194421,-1.07077709535567,0.28426966806801,NA,"Syner-01"
12.9786998488912,3.41848089906824,2.61559684364979,1.30696017139175,0.191226238591835,NA,"SC-I-84"
7.00767156134641,-3.38995430510441,1.75829605565677,-1.92797697190884,0.0538579905606392,NA,"Monoglobus"
4.31981695100781,7.08682602520133,4.25682630725166,1.66481446826446,0.0959497764988011,NA,"S085"
6.95655422606172,5.93475489288186,4.10002058617762,1.44749392549142,NA,NA,"Campylobacter"
8.47964068160793,21.6776292259308,4.25203007039002,5.09818342463943,NA,NA,"Halomonas"
8.31964746120023,21.5904815773266,4.25212535109734,5.07757410579507,NA,NA,"Marinobacter"
7.94827470380957,1.13681903106375,2.64333686179793,0.430069677267889,0.667144956810307,NA,"Ellin6067"
5.86315870192388,2.98939526702365,1.64269072180585,1.81981624863464,0.0687869924322721,NA,"Anaeroplasma"
15.5012348920131,2.00116110511624,1.29808375620617,1.54162710653194,0.123164234618746,NA,"UCG-010"
1.79752891909114,2.20666374907754,4.15676203701679,0.530861215875906,0.595514955626354,NA,"Ilumatobacter"
8.71985986464733,20.5249790379073,3.47504433489186,5.90639343268869,NA,NA,"LWQ8"
3.23488799056485,0.844871156390692,1.75735094916999,0.480764048177021,0.630684204736121,NA,"Gastranaerophilales"
7.99966102038484,21.5368678770295,4.25233094525309,5.06472053899551,NA,NA,"SAR202_clade"
6.91094400602798,6.69497264471156,3.65029061197065,1.83409305077143,NA,NA,"Gordonia"
1.01198641682732,-3.45215210820539,4.26138495697752,-0.810100974931377,0.417882144007226,NA,"Dechloromonas"
1.03837622257461,0,4.40735632392659,0,1,NA,"UCG-002"
7.83966779997714,21.5151202032607,4.2524386397853,5.05947810791855,NA,NA,"C1-B045"
5.74178333620166,0,3.54875383407651,0,1,NA,"Prevotellaceae_Ga6A1_group"
7.78154837501694,-0.584409868961541,1.86695874224713,-0.313027736359147,0.7542595897533,NA,"Negativibacillus"
6.99428617835551,4.30029741372606,3.74371956871907,1.14866974803816,NA,NA,"Aggregatibacter"
7.51058514462311,4.53067845581308,3.84888006906251,1.1771420191112,NA,NA,"Parvimonas"
2.29755770343644,1.00237489447082,3.36169094519632,0.29817580224118,0.765568989258909,NA,"Rokubacteriales"
2.20462056161216,-4.39232743103709,4.25453216447307,-1.0323878775003,0.301890448557001,NA,"Sellimonas"
2.53439937552108,3.31378161072726,2.55847942602792,1.29521526615204,0.195245979916217,NA,"Eubacterium_ventriosum_group"
4.89992954458411,4.91267124949394,4.18406401138758,1.17413864513625,0.240339496540132,NA,"Tsukamurella"
6.71163813863066,4.96257054588219,3.67215957502139,1.35140383866714,0.176566104824756,NA,"Treponema"
2.39121323834334,2.93780623718211,3.31726808162417,0.885610136080329,0.375827647687125,NA,"Acidibacter"
6.55972203671557,7.68911930283442,4.25348876687256,1.80772060871997,0.0706499954271858,NA,"HOC36"
7.02122258008206,7.6890831965995,4.25348876683473,1.80771212011955,0.070651317252449,NA,"Luteimonas"
1.0689509670791,-3.53236039328198,4.2606118723901,-0.829073499084161,0.40706281843867,NA,"Moraxella"
1.61917826692372,-4.12905090497363,4.25602689170774,-0.97016560516065,0.331963951986259,NA,"Desulfomicrobium"
6.14472260854722,4.64668707660888,3.68431134498825,1.26120912200587,0.207233512954608,NA,"Rhodococcus"
1.38548464394834,3.07500769926399,2.95780783775554,1.03962389307798,0.298514671859491,NA,"NK4A214_group"
1.36377229789186,4.92035347616916,4.29072303692679,1.146742270201,0.251488154869885,NA,"Gitt-GS-136"
1.59081252016723,3.92884297739799,3.43908777600148,1.14240846215502,0.253284275470933,NA,"Acidothermus"
1.11318505851005,-3.58937420415596,4.2600877775326,-0.842558743293053,0.399475273072944,NA,"Fournierella"
8.22391367385053,4.99343969791679,3.44408257080719,1.44986062188006,0.147097390287353,NA,"AD3"
5.20198119923613,3.2444190059542,2.95479403174528,1.09801866766255,0.272196337876312,NA,"Candidatus_Solibacter"
6.00782238170636,6.89334950882796,3.23567111744584,2.13042341406731,0.0331366724589864,NA,"Subgroup_2"
4.00427141142529,5.66829432614694,2.70699346351338,2.09394459297664,0.0362649162488322,NA,"UCG-003"
1.53586822278998,0,4.40735632389509,0,1,NA,"Shinella"
2.74671484858374,1.58067638313092,4.02239335453361,0.392969121567724,0.694342287945201,NA,"Bradyrhizobium"
3.0364527271585,-4.68037657058365,2.65467844009806,-1.76306723250849,0.0778891509630194,NA,"Anaerofustis"
2.3840562027618,-1.22049399742207,4.15405642109134,-0.293807756492009,0.768904807728367,NA,"OLB14"
11.8039940737252,3.39910091773924,1.75909028695385,1.93230611467097,0.0533217341568042,NA,"Eubacterium_nodatum_group"
5.27977627345399,7.37613612360224,4.25504987832558,1.73350168259481,0.0830065386958409,NA,"Echinicola"
1.11975794377892,0,4.4073563239275,0,1,NA,"WD2101_soil_group"
0.943059817411354,-2.38150491356798,4.27706807089148,-0.556807811822269,0.577658745980601,NA,"CAG-352"
1.64798036576908,-3.71494494893771,4.09900869145614,-0.906303262220702,0.364775359315801,NA,"Anaerovorax"
5.41610717655604,3.21692278978981,3.18506435760756,1.01000244535284,0.312494118470041,NA,"Lachnospiraceae_NK4B4_group"
4.41254014104993,6.8144621237297,3.6383363035716,1.87296103360215,0.0610737660251979,NA,"Pseudolabrys"
3.11873543718197,2.58710132344361,2.50466486734656,1.03291316821335,0.301644535770801,NA,"Reyranella"
1.88503580355473,5.61198113200348,3.82253006677948,1.46813263308917,0.142068198888917,NA,"Aeromicrobium"
0.782958245827307,-2.47938270315559,4.27510937966859,-0.579957723408656,0.561943127784046,NA,"Blastomonas"
3.67984406937702,6.85568651315599,4.25852400993572,1.60987386642901,0.107425395253135,NA,"Candidatus_Entotheonella"
3.45091705822482,-1.35316228679356,2.31857663833366,-0.583617666296363,0.559477571734323,NA,"UBA1819"
0.912788986378906,-3.13100560411932,4.264946312848,-0.734125443663211,0.462872287744499,NA,"CHKCI001"
0.91078777514459,-3.300491045866,4.26296889248914,-0.774223581992606,0.438798585123877,NA,"Syntrophus"
1.55756433386192,0,4.4073563239252,0,1,NA,"Izemoplasmatales"
9.12425937147849,2.07040402605856,1.70905556184244,1.21143166570113,0.225730009426634,NA,"Family_XIII_UCG-001"
4.15982373060012,7.03241918432802,4.25720188839146,1.65188764091833,0.0985574580022218,NA,"Methylophaga"
1.01572081122739,0.581053195215776,4.40735632392865,0.13183712695547,0.895113119779809,NA,"Azospirillum"
1.90917541199958,2.76092205742481,4.16695071180659,0.662576125415174,0.507602064969142,NA,"Sandaracinobacter"
3.41419857025288,4.64211634045273,3.54644181461773,1.30895037423675,0.190551161353492,NA,"Leptotrichia"
3.99983051019242,6.97588053280906,4.25760743074937,1.6384508544465,0.101327678068618,NA,"AKAU4049"
3.99983051019242,6.97588053280906,4.25760743074937,1.6384508544465,0.101327678068618,NA,"Pelagibius"
1.16378437935142,-3.6533816046148,4.25952343999706,-0.857697264982611,0.391059650670087,NA,"Caldisericum"
0.969697898561998,-0.210289945802317,3.70799001455101,-0.0567126515921269,0.954774095724242,NA,"Achromobacter"
4.88740753462427,3.08727947960738,3.43116681162541,0.899775396855415,0.368239789941818,NA,"Saccharimonadaceae"
1.44382366379336,5.16548132599505,4.2839406143803,1.20577799530078,0.227903102224745,NA,"C0119"
2.35151819832825,6.10408897009324,4.26635059664424,1.43075184090461,0.152501349868874,NA,"Olsenella"
1.86788778220989,1.22079561359739,3.87042785773594,0.3154161913023,0.752445674919052,NA,"Arenimonas"
4.17550615984597,-4.83362851557414,2.73876926029828,-1.76489074331428,0.0775821297198745,NA,"Paludicola"
2.33134719365845,-1.77778644750383,3.59444061645274,-0.494593356019408,0.62088719301783,NA,"Candidatus_Koribacter"
0.769833586348011,0,4.40735632392975,0,1,NA,"Methylobacillus"
1.77554343666158,5.37837061130559,3.27191435405078,1.64379932642397,0.100217660555458,NA,"Pajaroellobacter"
2.80491978487639,6.33748191875981,4.26347398861259,1.48645961853801,0.137157590406711,NA,"Lachnoanaerobaculum"
3.16715070940462,6.25341729204178,3.24650770019213,1.92619820112292,0.0540796303640636,NA,"Defluviicoccus"
3.19986440815393,6.65423920697828,4.26024145897093,1.56193945133467,0.118302253465003,NA,"Marinoscillum"
3.62091891809296,0.905120502348293,2.24933076415045,0.402395466586768,0.68739300585556,NA,"Harryflintia"
5.14183311649252,-4.55462031044517,2.87439120490428,-1.58455129652293,0.113068318070215,NA,"Adlercreutzia"
0.664856279118737,0,4.40735632393087,0,1,NA,"Group_1.1c"
1.02381688874144,1.61468322524559,4.26295347559296,0.378771017439029,0.704857911269695,NA,"Flavisolibacter"
0.505993208413661,-2.45515375137953,4.27558206239639,-0.574226787265418,0.565814344645901,NA,"Leptolinea"
2.71988474693084,6.42002378576565,4.26256271916316,1.50614177637861,0.132030782179482,NA,"Litorivivens"
1.11841130351826,-2.13609680507673,4.23294469577468,-0.504636124164102,0.613814432650365,NA,"Christensenellaceae"
0.809589133461858,-3.13099019661692,4.26494650332043,-0.734121798287346,0.462874509281679,NA,"TPD-58"
0.559878971889462,0,4.40735632393239,0,1,NA,"Ruminiclostridium"
4.11781338303683,1.8238112390254,3.4126370733946,0.534428712986825,0.593044957976952,NA,"bacteriap25"
0.48989410040328,0,4.40735632393375,0,1,NA,"Nitrososphaeraceae"
2.55989152652315,6.33266396865757,4.26352912158928,1.48531035863946,0.137461629126759,NA,"Microbulbifer"
1.71056852620826,5.65560477894077,4.27336015249787,1.32345615092492,0.185683729214265,NA,"Chujaibacter"
2.84252948655759,-3.98644868997959,3.99790333142818,-0.997134837813975,0.318699064975256,NA,"Flavonifractor"
2.39989830611545,6.23967134236138,4.26462381049868,1.46312350622827,0.143433586904832,NA,"PAUC26f"
2.39989830611545,6.23967134236138,4.26462381049868,1.46312350622827,0.143433586904832,NA,"Nitrosococcus"
1.59993220407697,5.65562132396904,4.27336015242407,1.32346002261496,0.185682442452106,NA,"BD2-11_terrestrial_group"
1.62958635876232,0.296470475662704,3.60483733377671,0.0822424004780539,0.934453956920321,NA,"Peptococcus"
2.39989830611545,6.23967134236138,4.26462381049868,1.46312350622827,0.143433586904832,NA,"KI89A_clade"
0.607191850096393,-2.7172065312955,4.27086410844973,-0.636219383782222,0.524633440780312,NA,"RBG-16-49-21"
0.758989812620492,-3.03813388212429,4.26613184239216,-0.712151896463826,0.476370720834814,NA,"Longilinea"
2.08932055642194,-0.776506764958996,3.58724757062946,-0.216463109855209,0.828626777551175,NA,"A21b"
0.708390491779125,-2.93888591938228,4.2674853987038,-0.688669238393864,0.491031438589306,NA,"Methanosaeta"
1.95530166127496,5.82549426691779,4.27044783753743,1.3641413005239,0.172523098405672,NA,"Gemmobacter"
0.708390491779125,-2.93888591938228,4.2674853987038,-0.688669238393864,0.491031438589306,NA,"Thauera"
1.84405782496317,5.82550444195852,4.27044783755023,1.36414368318344,0.172522348656381,NA,"Millisia"
1.09778937635092,3.36500202035183,4.37077808444009,0.769886266322051,0.441367361264081,NA,"Rhodanobacter"
0.657791170937759,-2.83230016358789,4.26904573062291,-0.663450415457278,0.507042126160387,NA,"Trichococcus"
3.484112171622,2.77555520455434,1.85468729079183,1.49650845095799,0.13452120731405,NA,"Ruminococcaceae"
1.53639248443256,5.60453537992395,4.27430443087143,1.31121577102577,0.18978487557641,NA,"Tetragenococcus"
2.05988838786473,5.91818260289068,4.26899666345235,1.38631698955338,0.165650131288105,NA,"Truepera"
1.91991864489236,5.91820368404842,4.26899666347454,1.3863219277458,0.165648624067667,NA,"MBNT15"
0.384916793174005,0,4.40735632393669,0,1,NA,"OLB12"
1.75992542448466,5.79287883458274,4.27098122785406,1.35633441720683,0.174992789577738,NA,"TX1A-55"
0.349924357430914,0,4.40735632393803,0,1,NA,"Pedosphaera"
0.576875679208117,0,4.4073563239299,0,1,NA,"Cavicella"
0.505993208413661,-2.45515375137953,4.27558206239639,-0.574226787265418,0.565814344645901,NA,"Latescibacteraceae"
3.14595537548602,6.14367097144554,3.50720584818923,1.7517280813778,0.0798205758477385,NA,"Saccharimonadales"
1.34122518711645,5.14214898925246,4.28453846380607,1.20016403929878,0.230075638425105,NA,"TM7a"
0.744934379948251,-1.94308712178982,4.28764834347664,-0.453182482827933,0.650417345096707,NA,"ADurb.Bin063-1"
1.41535321001848,1.07372971178699,4.1584775854844,0.258202596915505,0.796250553817869,NA,"Subgroup_21"
1.33814941191235,4.61397494484744,4.30096262387069,1.07277727066018,0.283371061222039,NA,"Atopobium"
0.848727670826002,0,4.40735632392751,0,1,NA,"Family_XIII_AD3011_group"
1.26852730044383,5.02437043040246,4.28770584464817,1.17180856440369,0.241273923429461,NA,"Filifactor"
2.39234639814993,5.05860932177451,3.03588480027631,1.66627182998317,0.0956592848432014,NA,"Gordonibacter"
1.50287603599581,-0.19673398650729,3.91978017146155,-0.0501900560494786,0.959970935691277,NA,"Defluviitaleaceae_UCG-011"
1.17906143566395,5.02437513493715,4.28770585341081,1.17180965922378,0.241273483776503,NA,"Selenomonas"
0.786305989777002,1.61417237326525,3.7734373288679,0.427772408174468,0.668816827050752,NA,"Candidatus_Soleaferrea"
2.3844209889087,5.99963712234275,3.09137691780529,1.94076532298176,0.0522867489424128,NA,"Panacagrimonas"
1.89454372949265,4.86881682089522,4.2703661943497,1.14014035314755,0.254227832495495,NA,"Dokdonella"
1.81318403736746,5.83056793512401,4.27036632662319,1.36535544943156,0.172141358974072,NA,"Rudaea"
1.19070959412943,4.92035940118274,4.29072309332159,1.14674363601817,0.251487590219284,NA,"Sulfurifustis"
1.68997626181014,5.16545446943054,4.2839406143508,1.20577172618284,0.227905520120899,NA,"Aquicella"
