"","dbN.1.B","dbN.1.F","dbN.1.L","dbN.1.O","dbN.2.B","dbN.2.F","dbN.2.L","dbN.2.O","dbN.3.B","dbN.3.F","dbN.3.L","dbN.3.O","dbS.1.B","dbS.1.F","dbS.1.L","dbS.1.O","dbS.2.B","dbS.2.F","dbS.2.L","dbS.2.O","dbS.3.B","dbS.3.F","dbS.3.L","dbS.3.O","WTN.1.B","WTN.1.F","WTN.1.L","WTN.1.O","WTN.2.B","WTN.2.F","WTN.2.L","WTN.2.O","WTN.3.B","WTN.3.F","WTN.3.L","WTN.3.O","WTS.1.B","WTS.1.F","WTS.1.L","WTS.1.O","WTS.2.B","WTS.2.F","WTS.2.L","WTS.2.O","WTS.3.B","WTS.3.F","WTS.3.L"
"Lactobacillales",0.321652402452996,0.300390861917919,0.029483118808545,0.851607251162477,0.174203113417346,0.435103443628277,0.0588651526383179,0.870274277242402,0.2042590471056,0.211806725520588,0.0932003504279264,0.801637576656109,0.267538243816969,0.32310128714873,0.268751263562235,0.638082081002763,0.264876339375969,0.241559404272525,0.497843520452861,0.771547947974931,0.301334321719792,0.177471527730979,0.0360536424287351,0.642496125075814,0.0476110250016848,0.144147179729092,0.0175550913134308,0.693207089426511,0.032043938270773,0.0630096367679763,0.0731855246310398,0.218040299211537,0.101994743581104,0.00741289844329133,0.33159242536559,0.756789541074196,0.227306422265651,0.0595053575038749,0.242165914145158,0.531201563447672,0.257092796010513,0.0253049396859627,0.379338230338972,0.625109508727003,0.0738257294965968,0.0665476110250017,0.122784554215244
"Bacteroidales",0.0450165105465328,0.524327784891165,0.0199137408181144,0.0271581642967855,0.109980456904104,0.409090909090909,0.018970281016241,0.00299885437024058,0.058224947772761,0.383246849518161,0.164431565469371,3.36949929240515e-05,0.0841700923242806,0.331861985308983,0.0299548487094818,0.0493294696408114,0.104858817979648,0.346586697216793,0.0105802277781522,0.000370644922164566,0.09165038075342,0.524462564862861,0.0375362221173934,0.0808342880247995,0.405451849855111,0.539018801806051,0.029449423815621,0.068771480557989,0.638351640946155,0.569950805310331,0.0950198800458251,0.00626726868387358,0.194319024193005,0.338533593907945,0.0548891434732799,0.03143742839814,0.156951277040232,0.393389042388301,0.133364781993396,0.00400970415796213,0.125614933620864,0.500640204865557,0.0887863063548756,0.0495653345912797,0.291866028708134,0.463508322663252,0.0433991508861783
"Lachnospirales",0.0930655704562301,0.00232495451175955,0.0622346519307231,0.0164768515398612,0.108733742165914,0.0214300154996967,0.035312352584406,0.0011119347664937,0.169047779499966,0.147179729092257,0.228249882067525,0.000168474964620257,0.209313296044208,0.0281016240986589,0.0866972167935844,0.0131410472403801,0.131140912460408,0.0767571938809892,0.00886178313902554,0.00090976480894939,0.224172787923714,0.0374351371386212,0.079857133230002,0.0135453871554687,0.125008423748231,0.135959296448548,0.00896286811779769,0.0090976480894939,0.0986926342745468,0.0987600242603948,0.0955926949255341,0.00411078913673428,0.326403396455286,0.41933418693982,0.0721072848574702,0.0100074128984433,0.222858683199676,0.186771345778017,0.107655502392344,0.00589662376170901,0.0404002965159377,0.230878091515601,0.157692566884561,0.0197789608464182,0.455084574432238,0.110418491812117,0.0865961318148123
"Pseudomonadales",0.000539119886784824,0.00677269357773435,0.0291461688793045,0.0174540063346587,0.00313363434193679,0.0101421928701395,0.0264168744524564,0.0452523754970011,0.0120628074668104,0.00188691960374688,0.0274277242401779,0.00835635824516477,0.0165105465327852,0.00400970415796213,0.0369634072376845,0.0502055394568367,0.00249342947637981,0.0297189837590134,0.00552597883954444,0.0140171170564054,0.00272929442684817,0.00994002291259519,0.0305276635891906,0.022878900195431,0.00967046296920278,0.0113215176224813,0.446694521194151,0.00906395309656985,0.00101084978772154,0.00390861917918997,0.0554282633600647,0.0810364579823438,0.00438034908012669,0.0022238695329874,0.0258777545656715,0.0264842644383045,0.0280342341128108,0.034031942853292,0.00936720803288631,0.0423546061055327,0.000269559943392412,0.00158366466743042,0.0201496057685828,0.0489588247186468,0.00107823977356965,0.00646943864141789,0.0286407439854438
"Pasteurellales",0.000101084978772154,0.00225756452591145,0.00101084978772154,0.00751398342206348,0.019610485881798,0.00158366466743042,0.00198800458251904,0.00522272390322798,3.36949929240515e-05,0,0.00171844463912663,0.00832266325224072,0,0,0.00633465866972168,0.0746681043196981,0.00384122919334187,0.00414448412965833,0.300458251903767,0.0173192263629625,0,0.000202169957544309,0.00178583462497473,0.0817103578408249,0,0.0022912595188355,0.00249342947637981,0.00259451445515196,0.000741289844329133,0,0.020318080733203,0.00067389985848103,0.00114562975941775,0,0.00151627468158232,0.00144888469573421,0,0,0.00219017454006335,0.00522272390322798,0,0,0.00114562975941775,0.00461621403059505,0.000876069816025339,0.000539119886784824,0.000336949929240515
"Burkholderiales",0.00178583462497473,0.00323471932070894,0.181144281959701,0.00727811847159512,0.0045151290518229,0.00299885437024058,0.0941775052227239,0.0135453871554687,0.0116921625446459,0.00178583462497473,0.0318080733203046,0.0168138014691017,0.00313363434193679,0.00582923377586091,0.300458251903767,0.0181616011860638,0.00259451445515196,0.013107352247456,0.00414448412965833,0.0169148864478738,0.00690747354943055,0.00343688927825325,0.133870206887256,0.0113889076083294,0.0291798638722286,0.00424556910843049,0.129557247792978,0.00441404407305074,0.009165038075342,0.00353797425702541,0.29324752341802,0.156108902217131,0.00667160859896219,0.00158366466743042,0.204461217063144,0.0201833007615068,0.0129725722757598,0.039894871622077,0.0295842037873172,0.103409933283914,0.000269559943392412,0.0022238695329874,0.0201496057685828,0.0220028303794056,0.0044477390659748,0.00936720803288631,0.224476042860031
"Bifidobacteriales",0.000471729900936721,0.000438034908012669,0.0199811308039625,0.00154996967450637,0.00279668441269627,0.00023586495046836,0.0157692566884561,0,0.00023586495046836,0.000269559943392412,0.0656715412089763,0,0.00202169957544309,0.000505424893860772,0.0163083765752409,0.000572814879708875,0.00411078913673428,0.000202169957544309,0.00293146438439248,0.000269559943392412,0.00192061459667093,0.000168474964620257,0.0155670867309118,0.000336949929240515,0.00923242806119011,0.000101084978772154,0.00495316395983557,0.0012467147381899,0.00808679830177236,0.000336949929240515,0.0344699777613047,0.000572814879708875,0.00845744322393692,0.000101084978772154,0.0200822157827347,0.000134779971696206,0.0456230204191657,0,0.0211941505492284,0.000774984837253184,0.285902014960577,0.00320102432778489,0.011759552530494,0.00549228384662039,0.00929981804703821,0.00161735966035447,0.0234854100680639
"Clostridiales",0.2353595255745,0.000303254936316463,0.00195430958959499,0.00168474964620257,0.0152301368016713,0.000741289844329133,0.00138149470988611,0,0.132387627198598,0.00650313363434194,0.00404339915088618,0.000842374823101287,0.0289776939146843,0.000943459801873442,0.0034031942853292,0.000101084978772154,0.0786441134847362,0.00158366466743042,0.00171844463912663,0.00242603949053171,0.00943459801873442,0.00256081946222791,0.00518902891030393,0.000134779971696206,0.027461419233102,0.000842374823101287,0.000303254936316463,0,0.0143203719927219,0.000943459801873442,0.0100748028842914,0.00195430958959499,0.00977154794797493,0.00101084978772154,0.00192061459667093,0.000370644922164566,0.00525641889615203,0.00431295909427859,0.00192061459667093,0.00144888469573421,0.00023586495046836,0.0103106678347598,0.00593031875463306,0.000471729900936721,0.00933351303996226,0.00151627468158232,0.00242603949053171
"Corynebacteriales",0,0.0189028910303929,0.00407709414381023,0.00245973448345576,0.232225891232563,0.00192061459667093,0.00539119886784824,0.00313363434193679,0.000168474964620257,0.000438034908012669,0.000741289844329133,0.00148257968865827,0.000134779971696206,0.0114226026012535,0.00660421861311409,0.00555967383246849,0.0751735292135589,0.00495316395983557,0.000741289844329133,0.00323471932070894,0.00023586495046836,0.0216995754430892,0.00353797425702541,0.0156344767167599,0.00360536424287351,0.00192061459667093,0.000808679830177236,0.0221039153581778,0.00414448412965833,0.00983893793382303,0.00532380888200013,0.00090976480894939,0.00593031875463306,0.0122312824314307,0.00134779971696206,0.000707594851405081,0,0.000707594851405081,0,0.000943459801873442,0.000808679830177236,0.00862591818855718,0.00549228384662039,0.00397600916503808,0.00414448412965833,0.00586292876878496,0.000977154794797493
"Coriobacteriales",0.000943459801873442,0.000707594851405081,0.0022912595188355,0.000606509872632927,0.00306624435608869,0.000404339915088618,0.000471729900936721,3.36949929240515e-05,0.000505424893860772,0.00151627468158232,0.00812049329469641,0,0.00296515937731653,0.000842374823101287,0.00192061459667093,0.000640204865556978,0.00303254936316463,0.00148257968865827,0.000370644922164566,0.00023586495046836,0.00421187411550644,0.00181952961789878,0.000977154794797493,0.000606509872632927,0.0275625042118741,0.00296515937731653,0.00171844463912663,0.00232495451175955,0.027495114226026,0.00549228384662039,0.00407709414381023,0.000707594851405081,0.0102095828559876,0.00107823977356965,0.00272929442684817,0.000101084978772154,0.0309656984972033,0.00138149470988611,0.0090976480894939,0.000438034908012669,0.162308780915156,0.00973785295505088,0.00788462834422805,0.00101084978772154,0.00795201833007615,0.00448143405889885,0.00384122919334187
"Verrucomicrobiales",0,0,0.00367275422872161,0.000269559943392412,0.00138149470988611,0,0.0023586495046836,0,0,0.000808679830177236,0.0146573219219624,0,0.000404339915088618,0.00168474964620257,0.00370644922164566,0,0.000977154794797493,0.00178583462497473,0.000202169957544309,0,0.000572814879708875,0.0011793247523418,0.0033358042994811,0,6.7389985848103e-05,0.000808679830177236,0.000202169957544309,0.000134779971696206,0.00181952961789878,0.00128040973111396,0.00606509872632927,0,0.00171844463912663,0.000741289844329133,0.00411078913673428,3.36949929240515e-05,0.00306624435608869,0.00370644922164566,0.00454882404474695,0,0.000943459801873442,0.00114562975941775,0.000876069816025339,0.00299885437024058,0.00842374823101287,0.145899319361143,0.00380753420041782
"Oscillospirales",0.0181952961789878,0.0068063885706584,0.0308309185255071,0.011153042657861,0.0305613585821147,0.0304265786104185,0.0154996967450637,0.000977154794797493,0.0352786575914819,0.0843722622818249,0.0998719590268887,0.000505424893860772,0.0740278994541411,0.0234180200822158,0.0309993934901274,0.00896286811779769,0.0449491205606847,0.0518565941101153,0.00518902891030393,0.00154996967450637,0.074567019340926,0.0239234449760765,0.0459599703484062,0.00818788328054451,0.0253049396859627,0.035952557449963,0.00424556910843049,0.00926612305411416,0.0224408652874183,0.0787115034705842,0.0544848035581913,0.00185322461082283,0.0886178313902553,0.142563515061662,0.0384459869263428,0.00943459801873442,0.0430622009569378,0.131612642361345,0.0369634072376845,0.0201159107756587,0.000336949929240515,0.0843048722959769,0.0367612372801402,0.00987263292674708,0.0470045151290518,0.03925466675652,0.0673562908551789
"Campylobacterales",0.0610890221713053,0.0021564795471393,0.000336949929240515,0.00545858885369634,0.052362019003976,0.000471729900936721,0,0,0.0648628613787991,0.00343688927825325,0.000404339915088618,0,0.056270638183166,0.00165105465327852,0.00293146438439248,0.000336949929240515,0.0289103039288362,0.00336949929240515,0.00114562975941775,0.000134779971696206,0.0244962598557854,0.00987263292674708,0.000269559943392412,0.00134779971696206,0.0532043938270773,0.0131747422333041,0.00023586495046836,0.000168474964620257,0.00407709414381023,0.00309993934901274,0.0033358042994811,0.00067389985848103,0.122986724172788,0.00394231417211402,0.00522272390322798,0.000168474964620257,0.00535750387492419,0.00326841431363299,0.00148257968865827,0,0,0.00262820944807602,0.00646943864141789,0.000539119886784824,0.00737920345036728,0.000876069816025339,0.00239234449760766
"Clostridia_UCG-014",0.000774984837253184,0.00175213963205068,0.0022912595188355,0.00151627468158232,0.00154996967450637,0.0209919805916841,0.000269559943392412,0,0.00141518970281016,0.0242603949053171,0.00869330817440528,3.36949929240515e-05,0.00599770874048117,0.0104117528135319,0.000606509872632927,0.00188691960374688,0.000876069816025339,0.0162072915964688,0.000101084978772154,0,0.00306624435608869,0.00771615337960779,0.00380753420041782,0.00320102432778489,0.0107823977356965,0.0201496057685828,0.000438034908012669,0.00363905923579756,0.0117258575375699,0.0482175348743177,0.00175213963205068,0.000505424893860772,0.0077835433654559,0.0121975874385066,0.00293146438439248,0.00552597883954444,0.00572814879708875,0.0868993867511288,0.00414448412965833,0.000707594851405081,0.000101084978772154,0.024226699912393,0.00424556910843049,0.00330210930655705,0.00239234449760766,0.0802951681380147,0.00377383920749377
"Micrococcales",0.000269559943392412,0.00606509872632927,0.0600781723835838,3.36949929240515e-05,0.00845744322393692,0.0011119347664937,0.0815418828762046,0.00023586495046836,0.000438034908012669,0.000168474964620257,0.00326841431363299,0.00495316395983557,0.000505424893860772,0.00448143405889885,0.0151964418087472,0.00461621403059505,0.00357166924994946,0.0056944538041647,0.000741289844329133,0.00138149470988611,0.000101084978772154,0.00128040973111396,0.0555293483388368,0.00141518970281016,0.00690747354943055,0.000741289844329133,0.0011119347664937,0.00323471932070894,0.000202169957544309,0.00154996967450637,0.00609879371925332,0.000572814879708875,0.000336949929240515,0.000134779971696206,0.00165105465327852,0.00768245838668374,0,0.0012467147381899,0.00427926410135454,0.000707594851405081,0,0.000101084978772154,0.000943459801873442,0.00165105465327852,0.000336949929240515,0.0011119347664937,0.00320102432778489
"Erysipelotrichales",0.00700855852820271,0.00185322461082283,0.00481838398813936,0.00168474964620257,0.00781723835837994,0.00252712446930386,0.00239234449760766,0,0.00154996967450637,0.00684008356358245,0.0193072309454815,0,0.015027966844127,0.00508794393153177,0.00370644922164566,0.00219017454006335,0.00859222319563313,0.00515533391737988,0.000876069816025339,0.000202169957544309,0.0147584069007345,0.00242603949053171,0.0136464721342408,0.000842374823101287,0.0620324819731788,0.00245973448345576,0.0011119347664937,0.00161735966035447,0.0686030055933688,0.00508794393153177,0.00801940831592425,0.00272929442684817,0.0213626255138486,0.000640204865556978,0.004582519037671,0.000336949929240515,0.02486690477795,0.00353797425702541,0.00545858885369634,0.000505424893860772,0.00872700316732933,0.00774984837253184,0.0106813127569243,0.00178583462497473,0.0136464721342408,0.00441404407305074,0.0114226026012535
"Staphylococcales",0,0.0447806455960644,0.000774984837253184,0.000404339915088618,0.0206887256553676,0.000572814879708875,0.000572814879708875,0.00384122919334187,0.000134779971696206,0.000303254936316463,0.00438034908012669,0.00161735966035447,6.7389985848103e-05,0.0390861917918997,0.004582519037671,0.00151627468158232,0.00899656311072175,0.00192061459667093,0.0034705842711773,0.00967046296920278,0,0.0613248871217737,0.00377383920749377,0.00232495451175955,0.00987263292674709,0.00154996967450637,0.000774984837253184,0.0177235662780511,0.000640204865556978,0.0236201900397601,0.0126356223465193,0.00272929442684817,0.00141518970281016,0.000943459801873442,0.0367612372801402,0.000404339915088618,0,0.000336949929240515,0.0057618437900128,0.0147584069007346,0.00384122919334187,0.00185322461082283,0.000842374823101287,0.00161735966035447,0.000707594851405081,0.00293146438439248,0.0339308578745198
"Propionibacteriales",0.000168474964620257,0.000336949929240515,0.0323471932070894,0.00067389985848103,0.0608194622279129,0.00299885437024058,0.0452860704899252,0.000471729900936721,0.00090976480894939,0.0056944538041647,0.000741289844329133,0.00320102432778489,0,0.00990632791967114,0.00431295909427859,0.0129051822899117,0.013073657254532,0.0233169351034436,0.000505424893860772,0.00862591818855718,0.000101084978772154,0.00414448412965833,0.0348069276905452,0.00684008356358245,0.00684008356358245,0.00778354336545589,0.000269559943392412,0.00175213963205068,0.00171844463912663,0.00202169957544309,0.00185322461082283,0.000202169957544309,0.0022912595188355,0.00468360401644316,0.000404339915088618,0.00175213963205068,6.7389985848103e-05,0.00350427926410135,0.00131410472403801,0.00208908956129119,0.0022912595188355,0.0135790821483927,0.00269559943392412,0.00731181346451917,0.00202169957544309,0.0154996967450637,0.00067389985848103
"Bacillales",0,0.00198800458251904,0.0383785969404946,6.7389985848103e-05,0.000471729900936721,0.00987263292674708,0.0505087943931532,0,0.00323471932070894,0.0023586495046836,0.00181952961789878,0.000774984837253184,0.000808679830177236,0.00407709414381023,0.000505424893860772,0.0182289911719119,0.000134779971696206,0.0188691960374688,0.00067389985848103,0.00495316395983557,0.000168474964620257,0.00862591818855718,0.0390524967989757,0.0196778758676461,0.0033358042994811,0.0154660017521396,0.00724442347867107,0.00613248871217737,0.0011119347664937,0.0056944538041647,0.00138149470988611,0.000336949929240515,0.000438034908012669,0.00128040973111396,0.000539119886784824,0.0011119347664937,0.00168474964620257,0.0010445447806456,0.00748028842913943,0.000539119886784824,0,0.00464990902351911,0.000774984837253184,0.00360536424287351,6.7389985848103e-05,0.00582923377586091,0.000842374823101287
"Rhizobiales",0.000370644922164566,0.000438034908012669,0.0303928836174944,0.0011793247523418,0.000808679830177236,0.000269559943392412,0.0384122919334187,0.00154996967450637,0.00245973448345576,0,0.00758137340791158,0.000134779971696206,0.00151627468158232,0.000438034908012669,0.00522272390322798,0.00266190444100007,0.000336949929240515,0.00350427926410135,3.36949929240515e-05,0.00114562975941775,0.00165105465327852,0.0011119347664937,0.0298874587236337,0.000707594851405081,0.0010445447806456,0.000269559943392412,0.000471729900936721,0.00121301974526585,0.0011119347664937,0.000303254936316463,0.00448143405889885,0.000269559943392412,0.000269559943392412,6.7389985848103e-05,0.00309993934901274,0.00154996967450637,0.00771615337960779,0.000741289844329133,0.000539119886784824,0.000876069816025339,0,0.000370644922164566,0.000606509872632927,0.00276298941977222,0.00141518970281016,0.000741289844329133,0.00670530359188624
"Solirubrobacterales",0,0,0.0217669654289372,0.000539119886784824,6.7389985848103e-05,0,0.0334928229665072,0.000505424893860772,0.000202169957544309,0,0.00101084978772154,3.36949929240515e-05,0.000134779971696206,0,0.000269559943392412,6.7389985848103e-05,0.000101084978772154,0.00023586495046836,0,0,0.000336949929240515,0,0.0230473751600512,0.000269559943392412,3.36949929240515e-05,0,0,0.00121301974526585,0,0,0.00101084978772154,0.000438034908012669,0.000168474964620257,0,0.000438034908012669,0,6.7389985848103e-05,0,0,6.7389985848103e-05,0,0,0.000101084978772154,0,0.000336949929240515,0,0.000606509872632927
"Enterobacterales",0.000269559943392412,0.00181952961789878,0.0266864343958488,0.00192061459667093,0.00336949929240515,6.7389985848103e-05,0.0248332097850259,0.00495316395983557,0.00946829301165847,0.0212952355280005,0.026854909360469,0.000168474964620257,0.013747557113013,0.00067389985848103,0.0245636498416335,0.000876069816025339,0.0012467147381899,0.00181952961789878,0.00107823977356965,0.000842374823101287,0.0022912595188355,0.000471729900936721,0.0188018060516207,0.000202169957544309,0.000774984837253184,0.000336949929240515,0.00559336882539255,0.000336949929240515,0.0023586495046836,0.0012467147381899,0.0110182626861648,0.0011793247523418,0.0044477390659748,0.000438034908012669,0.0257766695868994,0.000336949929240515,0.00316732933486084,0.000842374823101287,0.00212278455421524,0.00067389985848103,0.000134779971696206,0.000808679830177236,0.0131747422333041,0.000539119886784824,0.0021564795471393,0.000572814879708875,0.0331558730372667
"Peptostreptococcales-Tissierellales",0.0174203113417346,0.000101084978772154,0.00481838398813936,0.00141518970281016,0.0254060246647348,0.0011119347664937,0.00283037940562032,0,0.00313363434193679,0.0213963205067727,0.00822157827346856,0.00299885437024058,0.0204865556978233,0.00148257968865827,0.0105465327852281,0.00330210930655705,0.0163083765752409,0.01438776197857,0.0012467147381899,0.00886178313902554,0.0214637104926208,0.00141518970281016,0.0303928836174944,0.000101084978772154,0.00461621403059505,0.0011793247523418,0.000370644922164566,0.00128040973111396,0.00323471932070894,0.00313363434193679,0.0114226026012535,0.00390861917918997,0.00774984837253184,0.00185322461082283,0.00387492418626592,0.000202169957544309,0.00539119886784824,0.00131410472403801,0.00114562975941775,0.00323471932070894,0.000943459801873442,0.00350427926410135,0.00623357369094952,6.7389985848103e-05,0.00461621403059505,0.00188691960374688,0.00603140373340522
"Rickettsiales",0,0,0.00512163892445583,0.000943459801873442,0.00067389985848103,0,0.0057618437900128,0.00101084978772154,0,0,0.015701866702608,0.000202169957544309,3.36949929240515e-05,0,0.00593031875463306,0.000168474964620257,0.000741289844329133,0.000438034908012669,0.000471729900936721,0.000101084978772154,0,0,0.00552597883954444,0.000438034908012669,3.36949929240515e-05,3.36949929240515e-05,0.000943459801873442,6.7389985848103e-05,0.000202169957544309,0,0.0295168138014691,0.000774984837253184,0.00067389985848103,0.000101084978772154,0.00899656311072175,0.00151627468158232,0.000438034908012669,0,0.0011793247523418,0.000168474964620257,0,0,0.00067389985848103,0.000842374823101287,0,0,0.0135790821483927
"Streptomycetales",0.000101084978772154,0,0.0213289305209246,0,0,0,0.0290450839005324,0,0.000707594851405081,0,0.000404339915088618,0,0,0,0.000370644922164566,0,0.000134779971696206,0,0,0,0,0,0.0197115708605701,0.00023586495046836,0,0.000168474964620257,0,0,0,0,0.000471729900936721,0,0,0,0.000336949929240515,0,0,0,0,6.7389985848103e-05,0,0,0,0,0,0,0.000404339915088618
"Deferribacterales",0.0141518970281016,0.0011793247523418,0.000438034908012669,0.000606509872632927,0.0206887256553676,0.0011793247523418,0.000101084978772154,0,0.0248332097850259,0.0034031942853292,0.00256081946222791,0,0.013713862120089,0.00192061459667093,0.00522272390322798,0.000303254936316463,0.00977154794797493,0.00357166924994946,0.0011793247523418,0,0.0128377923040636,0.0023586495046836,0.000943459801873442,0.00067389985848103,0.000707594851405081,0.00619987869802547,0.000640204865556978,0.000842374823101287,0.00219017454006335,0.00946829301165847,0.00185322461082283,3.36949929240515e-05,0.0116921625446459,0.0239908349619247,0.000707594851405081,0.000606509872632927,0.00589662376170901,0.00963676797627873,0.00741289844329133,0,0,0.026854909360469,0.00808679830177236,0.000168474964620257,0.00633465866972168,0.00219017454006335,0.000741289844329133
"Desulfovibrionales",0.000842374823101287,0.00171844463912663,0.00121301974526585,0.00144888469573421,0.00262820944807602,0.00411078913673428,0.000808679830177236,3.36949929240515e-05,0.00249342947637981,0.00481838398813936,0.00552597883954444,0,0.00603140373340521,0.00245973448345576,0.0011119347664937,0.000977154794797493,0.00623357369094953,0.00394231417211402,0.0010445447806456,0,0.00616618370510142,0.00252712446930386,0.000606509872632927,0.00175213963205068,0.000977154794797493,0.0112541276366332,0.000539119886784824,0.00090976480894939,0.00245973448345576,0.00535750387492418,0.0033358042994811,0.000134779971696206,0.00731181346451917,0.00764876339375969,0.00242603949053171,0.000471729900936721,0.0140845070422535,0.00508794393153177,0.00485207898106341,0,0.0244962598557854,0.0101758878630635,0.00353797425702541,0.0010445447806456,0.00758137340791158,0.00138149470988611,0.00309993934901274
"Saccharimonadales",0,0.00023586495046836,6.7389985848103e-05,0.000101084978772154,0.00131410472403801,0.01438776197857,0,0.000336949929240515,0.00259451445515196,0.00818788328054451,0.000606509872632927,0,0.000505424893860772,0.00336949929240515,0.000168474964620257,0.00067389985848103,0.0011119347664937,0.00994002291259519,0,0,0.000471729900936721,0.00131410472403801,0.000168474964620257,0.0011119347664937,0.000134779971696206,0.0144888469573421,0.000303254936316463,0.000943459801873442,0.000572814879708875,0.0231147651458993,0.000539119886784824,0,0.000471729900936721,0.00293146438439248,0.000438034908012669,0.000471729900936721,0.000606509872632927,0.0140845070422535,0,0,0.000168474964620257,0.00990632791967114,0.000202169957544309,0.000370644922164566,0.000606509872632927,0.00192061459667093,0.000134779971696206
"Azospirillales",0,0,0.0159714266460004,0,0,0,0.0220702203652537,0,0.000168474964620257,0,6.7389985848103e-05,0,0,0,0,0,0,0.000168474964620257,0,0,3.36949929240515e-05,0,0.0161735966035447,0,0,0,0,0,0,0,0,0,3.36949929240515e-05,0,0.000101084978772154,0,0.000876069816025339,0,0,0,0,0,0,0,0,0,0.000134779971696206
"Xanthomonadales",0.000471729900936721,0,0.0165779365186333,3.36949929240515e-05,0.00023586495046836,0.000303254936316463,0.0219017454006335,0.00249342947637981,0.0145899319361143,0,0.00535750387492419,0,0.000404339915088618,0.00141518970281016,0.00195430958959499,0.00252712446930386,0.000168474964620257,0.0044477390659748,0,0.00023586495046836,0.00171844463912663,0,0.00491946896691152,0,0.000202169957544309,0,0.00370644922164566,0,0.0012467147381899,0,0.00219017454006335,0.000134779971696206,0,0,0.00188691960374688,0,0.00188691960374688,0,0.000438034908012669,0.000808679830177236,0,0.000202169957544309,0.00663791360603814,0,0.00121301974526585,0,0.00316732933486084
"Brevibacillales",0,0.00181952961789878,0,0,0,0.00195430958959499,0.000168474964620257,0,0,0.00532380888200013,0,0.000539119886784824,0,0.00764876339375969,0,0.0152638317945953,0,0.0197789608464182,0,0.0022912595188355,0,0.00144888469573421,0,0.0121975874385066,0.00468360401644316,0.0106476177640003,0,0.00832266325224072,0,0.00946829301165847,0,0,0,0.00171844463912663,0,0.000303254936316463,0,0.000438034908012669,0,0,0.000168474964620257,0.00593031875463306,0,0.00400970415796213,0,0.00849113821686097,0
"Gaiellales",0.000101084978772154,0,0.0141855920210257,0.000168474964620257,3.36949929240515e-05,0,0.0194757059101018,0.000640204865556978,0.000808679830177236,0,0.0034031942853292,0,0.000101084978772154,0,0.00178583462497473,0,0,0,0,0.000303254936316463,0.00269559943392412,0,0.0133095222050003,0,0,0,0,0,0.00181952961789878,0,0.00286407439854438,0,0.000876069816025339,0,0.00239234449760766,0,0.00245973448345576,0,0,0,0,0,3.36949929240515e-05,0,0.0010445447806456,0,0.00336949929240515
"Frankiales",0,0,0.0120291124738864,0,0,0,0.0180942112002156,0.000101084978772154,0.000370644922164566,0,0.00208908956129119,0,0.000202169957544309,0,0,0,0.000101084978772154,0.00023586495046836,0,0,0.000168474964620257,0,0.0141855920210257,0.000101084978772154,0,6.7389985848103e-05,0.000202169957544309,0,0.000370644922164566,0,0.00067389985848103,0,0,0,0.000336949929240515,0,0.000505424893860772,0,0,0,0,0,0.000101084978772154,0,0.00023586495046836,0,0.000741289844329133
"Gemmatimonadales",0.000640204865556978,0,0.0149942718512029,0,6.7389985848103e-05,0,0.0173529213558865,0.000539119886784824,0.00151627468158232,0,0.00502055394568367,0,0.00067389985848103,0,0.00158366466743042,0,0,0,0,0,0.00131410472403801,0,0.0122312824314307,0,0,0,0,0,0.00107823977356965,0,0.00212278455421524,0,0,0,0.0022912595188355,0,0.00181952961789878,0,0,0,0,0,6.7389985848103e-05,0,0.00134779971696206,0,0.00404339915088618
"Vicinamibacterales",0.000134779971696206,0,0.0114899925871016,0,0,0,0.0167127164903295,0,0.000808679830177236,0,0.00128040973111396,0,0,0,0.000370644922164566,0,0,0,0,0,0.00023586495046836,0,0.0102095828559876,0,0,0,0,0,0.000269559943392412,0,0.00101084978772154,0,0,0,0.000977154794797493,0,0.000471729900936721,0,0,0,0,0,0,0,0.000539119886784824,0,0.00188691960374688
"Flavobacteriales",0,0,0,0,0.000101084978772154,0.000505424893860772,0,0,0.000539119886784824,0,0,0,0,3.36949929240515e-05,0,0.00023586495046836,0,0.000707594851405081,6.7389985848103e-05,6.7389985848103e-05,0,0.0164431565469371,3.36949929240515e-05,6.7389985848103e-05,0.000202169957544309,0.000404339915088618,0.000943459801873442,0,0,0.000134779971696206,0.000101084978772154,0,0,0.000741289844329133,0,0,0.000336949929240515,3.36949929240515e-05,3.36949929240515e-05,0,0,0,0,0,0,0,0.000168474964620257
"Sphingomonadales",0.00154996967450637,0.000303254936316463,0.0102769728418357,0.00808679830177236,0.00532380888200013,0,0.0158366466743042,0.0011793247523418,0.00619987869802547,0,0.00721072848574702,0.000168474964620257,0.00249342947637981,0,0.00363905923579756,0.00303254936316463,0.00168474964620257,0.00545858885369634,3.36949929240515e-05,0.000741289844329133,0.00249342947637981,0.000438034908012669,0.0140845070422535,0.000471729900936721,6.7389985848103e-05,0.000168474964620257,0.000505424893860772,0.00067389985848103,0.00205539456836714,0.000539119886784824,0.00417817912258238,0.000303254936316463,0.00141518970281016,0.000404339915088618,0.00566075881124065,0.00636835366264573,0.00141518970281016,0.00148257968865827,0.00023586495046836,0.000134779971696206,0,0.000168474964620257,0.0012467147381899,0.000741289844329133,0.00195430958959499,0.000438034908012669,0.00525641889615203
"Microtrichales",0,0,0.00812049329469641,0,0.000471729900936721,0,0.0134106071837725,0,0.000842374823101287,0,0.000303254936316463,0,0,0,6.7389985848103e-05,0,0.000101084978772154,0,0,0,0,0,0.0100074128984433,0,0,0,0.000134779971696206,0,0.00023586495046836,0,0.000370644922164566,0,0.00023586495046836,0,0,0,0,0,0,0,0,0,0,0,0,0,0.000404339915088618
"Actinomarinales",0,0,0.00212278455421524,0.00023586495046836,6.7389985848103e-05,0,0.00289776939146843,0,0.0130062672686839,0,6.7389985848103e-05,0,0,0,0.000303254936316463,0,0,0,0,0,0,0,0.0022912595188355,3.36949929240515e-05,0,0,0,3.36949929240515e-05,0,0,0.000101084978772154,0,0,0,6.7389985848103e-05,0,0,0,0,0,0,0,0,0.000606509872632927,0,0,0
"Chloroplast",0,0,0.0056944538041647,0,0.000134779971696206,0,0.00242603949053171,0,0.00225756452591145,0,0.00684008356358245,0.000134779971696206,0,0,0.00778354336545589,6.7389985848103e-05,0,6.7389985848103e-05,0.000876069816025339,0,6.7389985848103e-05,0,0.00192061459667093,0,0,0.000101084978772154,0.00114562975941775,0.000101084978772154,3.36949929240515e-05,0,0.00478468899521531,0.000202169957544309,0.000134779971696206,0,0.0120628074668104,0,0.000269559943392412,0,0.000505424893860772,0,0,0,0.000134779971696206,0.000842374823101287,0,0.000168474964620257,0.0033358042994811
"Veillonellales-Selenomonadales",0,0,0.00128040973111396,0.000168474964620257,0.00724442347867107,0,0.00090976480894939,0,0,0,0.0116921625446459,3.36949929240515e-05,0.000876069816025339,0,0.00165105465327852,0.0010445447806456,0.00171844463912663,0.00131410472403801,0,0.000101084978772154,0,0,0.00195430958959499,3.36949929240515e-05,0,0,0.000471729900936721,0,0.000202169957544309,0,0.00963676797627873,0,0.000101084978772154,0,0.00293146438439248,0,0,0,0,0,0,0,0.000505424893860772,0,0.000471729900936721,0,0.00202169957544309
"Micromonosporales",6.7389985848103e-05,0,0.00832266325224072,0,0,0,0.011119347664937,0,6.7389985848103e-05,0,0.000370644922164566,0,0.000202169957544309,0,0.00023586495046836,0,0,0,0,0,0.000202169957544309,0,0.00808679830177236,0,0,0,0,0,0,0,0.000101084978772154,0,0,0,0,0,0.000101084978772154,0,0,0,0,0,0,0,0,0,0.000168474964620257
"Polyangiales",0.000101084978772154,0,0.00869330817440528,0,6.7389985848103e-05,0,0.0105465327852281,0,0.000943459801873442,0,0.000336949929240515,0,0,0,3.36949929240515e-05,0.000134779971696206,0,0.000404339915088618,0,0,0.000168474964620257,0,0.00741289844329133,0,0,0,0,0,3.36949929240515e-05,0,0.000269559943392412,0,0,0,0.000202169957544309,0,6.7389985848103e-05,0,0,6.7389985848103e-05,0,0,0,0,0.000134779971696206,0,0.000640204865556978
"Acetobacterales",0,0,0.00131410472403801,0,0.000168474964620257,6.7389985848103e-05,0.00202169957544309,0,0,0,0.000168474964620257,0,6.7389985848103e-05,0,3.36949929240515e-05,0.00306624435608869,3.36949929240515e-05,0.00464990902351911,3.36949929240515e-05,0,0,0,0.0011119347664937,0,0,0,0,6.7389985848103e-05,0,0,0.0102769728418357,0,6.7389985848103e-05,0,3.36949929240515e-05,0,0.000168474964620257,0,0,0,0,0.000101084978772154,3.36949929240515e-05,0,0,0.000168474964620257,0.000134779971696206
"Clostridia_vadinBB60_group",0.00350427926410135,0.000101084978772154,0.0010445447806456,0.00168474964620257,0.00148257968865827,0.00067389985848103,0,0,0.00219017454006335,0.000977154794797493,0.000707594851405081,0,0.00357166924994946,0.000303254936316463,0.000640204865556978,0.000336949929240515,0.000707594851405081,0.000842374823101287,0.000303254936316463,3.36949929240515e-05,0.00185322461082283,0.000202169957544309,0.00471729900936721,6.7389985848103e-05,0.00994002291259519,0.000808679830177236,0.000269559943392412,0.000269559943392412,0.00245973448345576,0.00202169957544309,0.000606509872632927,0.00023586495046836,0.0023586495046836,0.00330210930655705,0.00316732933486084,6.7389985848103e-05,0.0055596738324685,0.000977154794797493,0.00299885437024058,0.000303254936316463,0,0.000842374823101287,0.00313363434193679,0.000269559943392412,0.00219017454006335,0.000707594851405081,0.000471729900936721
"Tistrellales",0,0,0.00667160859896219,0,0,0,0.00990632791967114,0,0.00195430958959499,0,0,0,0,0,0,0,0,0,0,0,0,0,0.00778354336545589,0,0,0,0,0,0,0,0,0,0,0,0,0,0,0,0,0,0,0,0,0,0,0,0
"Rhodobacterales",0,0,0.00353797425702541,0.000134779971696206,0.00973785295505088,0.00343688927825325,0.00623357369094953,0,0.000269559943392412,0.000168474964620257,0.00023586495046836,0.000101084978772154,0,0.000202169957544309,0.00138149470988611,0.0011793247523418,0.00286407439854438,0.00225756452591145,0.000741289844329133,0.00023586495046836,0,0.00144888469573421,0.00518902891030393,0.00023586495046836,6.7389985848103e-05,0.000336949929240515,0.000168474964620257,0.000202169957544309,0.000336949929240515,0.000168474964620257,0.00090976480894939,0,0.0011119347664937,0,0.000303254936316463,3.36949929240515e-05,0.000101084978772154,0.000101084978772154,0.000471729900936721,0,0,0.000336949929240515,0.000842374823101287,0.00023586495046836,0.000842374823101287,0.00023586495046836,0.00279668441269627
"Caulobacterales",6.7389985848103e-05,6.7389985848103e-05,0.00316732933486084,0.000303254936316463,0.000370644922164566,0,0.00208908956129119,0.000134779971696206,0.0011793247523418,0,0.00195430958959499,0.000269559943392412,0.000101084978772154,0.00249342947637981,0.000876069816025339,0.00175213963205068,0,0.00353797425702541,0,0.0011119347664937,0,0.00380753420041782,0.00188691960374688,0.000101084978772154,0.000977154794797493,0.000269559943392412,0.000168474964620257,0.000202169957544309,0.000606509872632927,0.000168474964620257,0.00131410472403801,0.000168474964620257,0,0,0.0010445447806456,0,0.00023586495046836,0.000134779971696206,0.00023586495046836,0.000202169957544309,3.36949929240515e-05,0.000101084978772154,0.00192061459667093,0.000539119886784824,0.000606509872632927,0.00161735966035447,0.00886178313902554
"Myxococcales",0,0,0.00508794393153177,0,0,0,0.00862591818855718,0,0.00023586495046836,0,0.000269559943392412,0,0.000134779971696206,0.000101084978772154,0.000101084978772154,0.000134779971696206,0,0.000202169957544309,0,0,0.000269559943392412,0,0.0056270638183166,0,0,0,0,6.7389985848103e-05,0.000269559943392412,6.7389985848103e-05,0.000640204865556978,0,0,0,0.000269559943392412,0,0.000134779971696206,0,0,0,0,0,0,0,0.000202169957544309,0,0.000370644922164566
"Bryobacterales",0.000101084978772154,0,0.00663791360603814,0,0,0,0.00771615337960779,0,6.7389985848103e-05,0,0.000808679830177236,0,6.7389985848103e-05,0,0.000269559943392412,0,0,0.000202169957544309,0,0,0.000269559943392412,0,0.00724442347867107,0,0,0,0,0,0.000134779971696206,0,0.000471729900936721,0,0,0,0.000370644922164566,0,0.000505424893860772,0,0,0,0,0,0,0,0.000134779971696206,0,0.000808679830177236
"Pseudonocardiales",0,3.36949929240515e-05,0.00555967383246849,0,0.000336949929240515,0,0.00764876339375969,3.36949929240515e-05,0.000269559943392412,0,0.00023586495046836,0,0,0,0.000101084978772154,0,0,0,0,3.36949929240515e-05,0,0,0.00700855852820271,0,0,0,3.36949929240515e-05,0.000336949929240515,0,0.000101084978772154,6.7389985848103e-05,0,0,0,0,0,0,0,6.7389985848103e-05,0,0,0,0,0,3.36949929240515e-05,0,0.000134779971696206
"Steroidobacterales",0,0,0.00508794393153177,0,0,0,0.00717703349282297,0,0.00320102432778489,0,0.000404339915088618,0,0,0,0,0,0,0,0,0,0,0,0.00441404407305074,0,0,0,0,0,0,0,0.00023586495046836,0,0.000539119886784824,0,0,0,0,0,0,0,0,0,0,0,0,0,0.000741289844329133
"Fusobacteriales",0,0,0.000101084978772154,0.000101084978772154,0.00704225352112676,0,0.000134779971696206,0,0,0,0.000471729900936721,0,0.000370644922164566,0,0.000370644922164566,0.00023586495046836,0.000808679830177236,0.000640204865556978,0,0,0,0,0,0,0,0,0,0,0.000168474964620257,0,0.00539119886784824,0,0.000438034908012669,0,0.000202169957544309,0,0,0,0,0,0,0,0.000202169957544309,0,0.000168474964620257,0,6.7389985848103e-05
"Thermomicrobiales",0,0,0.00522272390322798,0,0.000101084978772154,0,0.00700855852820271,0,0.000640204865556978,0,0,0,0,0,0,0,6.7389985848103e-05,0,0,0,0,0,0.00502055394568367,0,0,0,0.000134779971696206,0.000134779971696206,0,0,0.000134779971696206,0,3.36949929240515e-05,0,0,0,0,0,0,0,0,0,0,0,0,0,0
"Rubrobacterales",0,0,0.00488577397398746,0,0,0,0.0068063885706584,0,0.000134779971696206,0,0,0,0,0,0,0,0,0,0,0,0,0,0.00609879371925332,0,0,0,0,0,0,0,0,0,0,0,0,0,0,0,0,0,0,0,0,0,0,0,0
"Actinomycetales",0,0,0,0,0.00636835366264573,0,0,0,0,0,0.000370644922164566,0,0.000168474964620257,0,0.00023586495046836,0.000438034908012669,0.0012467147381899,0.000505424893860772,0,6.7389985848103e-05,0,0,0,6.7389985848103e-05,0.000101084978772154,0.000168474964620257,0,0,0.000370644922164566,0,0.000741289844329133,0,0.000842374823101287,0,0.000168474964620257,0,0,0.000336949929240515,0,0.000168474964620257,0,6.7389985848103e-05,0.000336949929240515,0,0.000269559943392412,0,0.000202169957544309
"MB-A2-108",3.36949929240515e-05,0,0.00377383920749377,0,0,0,0.0056944538041647,0.000134779971696206,0.00245973448345576,0,0.000269559943392412,0,0,0,0.000202169957544309,0,0,0,0,0,0.00067389985848103,0,0.00404339915088618,0,0,0,0,0,0.000303254936316463,0,0.000471729900936721,0,0,0,0.00023586495046836,0,0.000438034908012669,0,0,0,0,0,0,0,0.000303254936316463,0,0.000336949929240515
"Syntrophales",0,0,0,0,0,0,0,0,0,0,0,0,0,0,0,0,0,0,0,0,0,0,0,0,0,0,0,0,0,0,0,0,0.00515533391737988,0,0.000101084978772154,0,0,0,0,0,0,0,0,0,0,0,0.00566075881124065
"Nitrospirales",0.000134779971696206,0,0.00542489386077229,0,0,0,0.0056270638183166,0.00023586495046836,0.0010445447806456,0,0.00165105465327852,0,0.000101084978772154,0.000336949929240515,0.000438034908012669,0,0,0,0,0,0.000572814879708875,0,0.00387492418626592,0,0,0,0,0,0.000707594851405081,0,0.000977154794797493,0,0,0,0.000943459801873442,0,0.000707594851405081,0,0,0,0,0,0.000101084978772154,0,0.000404339915088618,0,0.00138149470988611
"RF39",0,0,0,0.000101084978772154,0,0.000741289844329133,0,0,0,0.000572814879708875,6.7389985848103e-05,0,0.00525641889615203,0.000269559943392412,0,0.000101084978772154,3.36949929240515e-05,0.000808679830177236,0,0,0,0.000134779971696206,0.000741289844329133,0,0.00181952961789878,0.000269559943392412,0,0.000505424893860772,0.000134779971696206,0.00434665408720264,0,0,0.000168474964620257,0.000370644922164566,0.000202169957544309,0,0,0.000438034908012669,0.000370644922164566,0,0,0.00023586495046836,0,6.7389985848103e-05,0.000134779971696206,0.000134779971696206,0.000303254936316463
"KD4-96",0.000202169957544309,0,0.00303254936316463,0,0,0,0.00522272390322798,0,0.000303254936316463,0,0.0010445447806456,0,0.000101084978772154,0,0.000134779971696206,0,0,0,0.000168474964620257,0,0.000168474964620257,0,0.00384122919334187,0,0,0,0,0,0.000438034908012669,0,0.000404339915088618,0.000168474964620257,0,0,0.000303254936316463,0,0.000134779971696206,0,0,0,0,0,0,0,0,0,0.00067389985848103
"Cellvibrionales",0,0,0.000269559943392412,0,0,0,0.000336949929240515,0,0.00478468899521531,0,0,0,0,0,0,0,0,0,0,0,0,0,0,0,0,0,0,0,0,0,0.000134779971696206,0,0.000134779971696206,0,0.000202169957544309,0,0,0,0,0,0,0,0,0.000134779971696206,0,0,0.000134779971696206
"Streptosporangiales",0,0,0.00407709414381023,0,0,0,0.00478468899521531,0,0.00023586495046836,0,0.000269559943392412,0,0,0,0,0,0,0,0,0,0,0,0.00411078913673428,0,0,0,6.7389985848103e-05,0,0,0,0,0,0,0,0,0,0,0,0,0,0,0,0,0,0,0,0
"Acidobacteriales",0.00178583462497473,0,0.00242603949053171,0,0,0,0.00134779971696206,0.000606509872632927,0.00407709414381023,0,0.00475099400229126,0,0.0023586495046836,0,0.0023586495046836,0,0,0,0,0.000134779971696206,0.00198800458251904,0,0.00232495451175955,0,0,0,0,0,0.00144888469573421,0,0.00320102432778489,0,0,0,0.00245973448345576,0,0.00407709414381023,0,0,0,0,0,0,0,0.0012467147381899,0,0.00407709414381023
"Paenibacillales",0,0,0.00259451445515196,0.000134779971696206,0,0.000101084978772154,0.00441404407305074,0.000202169957544309,6.7389985848103e-05,0.000101084978772154,0,0.000134779971696206,0.000168474964620257,0.000404339915088618,0.000539119886784824,0.000471729900936721,0,0.000977154794797493,0,0.000202169957544309,0,0,0.00387492418626592,0.000808679830177236,0.000202169957544309,0.000572814879708875,0,0.00067389985848103,0,0.000606509872632927,3.36949929240515e-05,0,0,0.000101084978772154,0,3.36949929240515e-05,0,0.000134779971696206,0,0.000438034908012669,0,0.000370644922164566,0,0,0,0.000134779971696206,0
"Rhodospirillales",3.36949929240515e-05,0,0.000640204865556978,0,0.000101084978772154,0,0.000404339915088618,0,6.7389985848103e-05,6.7389985848103e-05,0.00107823977356965,0,0.000404339915088618,6.7389985848103e-05,0.00023586495046836,6.7389985848103e-05,3.36949929240515e-05,0.000404339915088618,0,0,0.00023586495046836,0,0.0010445447806456,0,0.00441404407305074,0,0,0,0.000438034908012669,0,0.000505424893860772,0.000202169957544309,0.000303254936316463,6.7389985848103e-05,0.000438034908012669,0,0.000977154794797493,0.000101084978772154,0.000101084978772154,0.000101084978772154,0,3.36949929240515e-05,0.000336949929240515,0,0.000471729900936721,0.00161735966035447,0.000505424893860772
"Deep_Sea_Euryarchaeotic_Group(DSEG)",0,0,3.36949929240515e-05,0,0,0,0,0,0,0,0,0.00023586495046836,3.36949929240515e-05,0,0.000202169957544309,0,0,0,0,0.000134779971696206,0,0,0.000101084978772154,0,0.000370644922164566,0,0.000741289844329133,0.000101084978772154,0,0,0.000303254936316463,0.000101084978772154,0,0,0.00107823977356965,0.000134779971696206,0,0,0.000269559943392412,0,0,0,0.000269559943392412,0.000336949929240515,0,0,0.00438034908012669
"Haliangiales",0,0,0.00326841431363299,0,0,0,0.00438034908012669,0,0.000505424893860772,0,0.0011793247523418,0,6.7389985848103e-05,0,0.000336949929240515,0,0,0,0,0,0.000101084978772154,0,0.0022912595188355,0,0,0,0,0,0.000269559943392412,0,0.000168474964620257,0,0,0,0.000539119886784824,0,0,0,0,0,0,0,0,0,0.000572814879708875,0,0.00131410472403801
"Anaerolineales",0,0,6.7389985848103e-05,0,0,0,0.00023586495046836,0,0.000404339915088618,0,0,0,0.000168474964620257,0,0,0,0,0,0,0,0,0,0,0,0,0,0,0,0,0,0,0,0.00390861917918997,0,0,0,0,0,0,0,0,0,0,0,0,0,0.00438034908012669
"Synergistales",0,0,0,0,0.000269559943392412,0,0,0,0,0,0,0,0,0,0,3.36949929240515e-05,0,0.000134779971696206,0,0,0,0,0,0,0,3.36949929240515e-05,0,0,0,0,0,0,0.00283037940562032,0.000101084978772154,0.000101084978772154,6.7389985848103e-05,0,0,0,0,0,0,0,0,0,0,0.00394231417211402
"Christensenellales",6.7389985848103e-05,0.000202169957544309,0,0,0,0.00158366466743042,0.000134779971696206,0,0.000101084978772154,0.00363905923579756,0.000303254936316463,0,0.000808679830177236,0.000438034908012669,0,0.000404339915088618,0.000539119886784824,0.0011119347664937,0,0.000202169957544309,0.00175213963205068,0.000101084978772154,0.000640204865556978,0.000168474964620257,0.00101084978772154,0.000202169957544309,0.000134779971696206,0.000202169957544309,3.36949929240515e-05,0.000640204865556978,0.0010445447806456,0,0.00151627468158232,0.000202169957544309,6.7389985848103e-05,0,0.000640204865556978,0.000101084978772154,0,6.7389985848103e-05,0,0.000606509872632927,3.36949929240515e-05,0.000134779971696206,0,0.000572814879708875,0.0011793247523418
"Cytophagales",0,0,0.00188691960374688,0,0.000134779971696206,0,0.00205539456836714,0,0.0034705842711773,0,0.000202169957544309,0,0.000101084978772154,0,0.000303254936316463,6.7389985848103e-05,0,0.000572814879708875,0,0,0,0.000168474964620257,0.00178583462497473,0,0,0,0,0,0,0,3.36949929240515e-05,0,0,0,0,0,0.000370644922164566,0,0,0,0,0,0,0,0,0,0.000101084978772154
"Subgroup_7",0,0,0.0022238695329874,0,0,0,0.00151627468158232,3.36949929240515e-05,0.000707594851405081,0,0.00171844463912663,0,0,0,0.000774984837253184,0,0,0,0,0,0,0,0.00168474964620257,0,0,0,0,0,0.00067389985848103,0,0.000842374823101287,0,0.000101084978772154,0,0.000943459801873442,0,0.000303254936316463,0,0,0,0,0,3.36949929240515e-05,0,0.000438034908012669,0,0.00252712446930386
"Nitriliruptorales",0,0,0,0,0,0,0,0,0.00252712446930386,0,0,0,0,0,0,0,0,0,0,0,0,0,0,0,0,0,0,0,0,0,0,0,0,0,0,0,0,0,0,0,0,0,0,0,0,0,0
"Pyrinomonadales",0,0,0.00134779971696206,0,0,0,0.00141518970281016,0.000101084978772154,0,0,0.00232495451175955,0,0,0,0.000876069816025339,0,0,0,0,0,0,0,0.00101084978772154,0,0,0,0,0,0.000774984837253184,0,0.00138149470988611,0,0,0,0.000876069816025339,0,0.000370644922164566,0,0,0,0,0,0,0,0.000640204865556978,0,0.00181952961789878
"Chthoniobacterales",0,0,0.000640204865556978,0,0,0,0.000471729900936721,0.000101084978772154,0,0,0.00185322461082283,0,3.36949929240515e-05,0,0.000438034908012669,0,0,0,0,6.7389985848103e-05,0.00131410472403801,0,0.000741289844329133,0,0,0,0,0,0.000438034908012669,0,0.00131410472403801,0,0,0,0.00067389985848103,0,0.00225756452591145,0,0,0,0,0,0,0,0.00067389985848103,0,0.00090976480894939
"Acidaminococcales",0,0,6.7389985848103e-05,0,0,0,6.7389985848103e-05,0,0,0.00195430958959499,0.0022238695329874,0,0.000808679830177236,0,0.000370644922164566,0,0,6.7389985848103e-05,0,0,0,0,0.000134779971696206,0,0,0,0.000101084978772154,0,0,0,0.000640204865556978,0,0,0,0,0,0,0,0,0,0,0,0,0,0,0,0.000336949929240515
"S0134_terrestrial_group",0,0,0.00128040973111396,0,0,0,0.00212278455421524,0,0.00192061459667093,0,0,0,0,0,6.7389985848103e-05,0,0,0,0,0,0,0,0.00134779971696206,0,0,0,0,0,0,0,0,0,0,0,0,0,0,0,0,0,0,0,0,0,0,0,0
"Oceanospirillales",0,0.000101084978772154,0.000269559943392412,0,0,3.36949929240515e-05,0.000202169957544309,0,0.00212278455421524,0,0,0,0,0,0,0,0,0,0,0,0,6.7389985848103e-05,0,0,0,0.000134779971696206,0,0,0,0,0.000269559943392412,0,0,0,0,0,0,0,0,0,0,0,0,0,0,3.36949929240515e-05,0
"Peptococcales",0.000101084978772154,0.000101084978772154,6.7389985848103e-05,6.7389985848103e-05,0.000404339915088618,0.000370644922164566,0,0,0.000134779971696206,0.000774984837253184,0,0,0.00023586495046836,0.00023586495046836,0.000134779971696206,6.7389985848103e-05,0.000336949929240515,0.000572814879708875,0,0,0.000438034908012669,0.000404339915088618,0.000269559943392412,0.000168474964620257,0.000842374823101287,0.000640204865556978,0,0.000168474964620257,0.000404339915088618,0.00205539456836714,0.000269559943392412,0,0.000808679830177236,0.00114562975941775,0,0,0.0012467147381899,0.000977154794797493,6.7389985848103e-05,0,0,0.000707594851405081,0.000202169957544309,0.000101084978772154,0.000572814879708875,0.000572814879708875,0.000202169957544309
"IMCC26256",0,0,0.00161735966035447,0.000202169957544309,0,0,0.00202169957544309,0,0.000640204865556978,0,0.000741289844329133,0,0,0,0.000269559943392412,0,3.36949929240515e-05,0,0,0,0,0,0.00121301974526585,0,0,0,0,0,0.000134779971696206,0,0.00023586495046836,0,0,0,0.000134779971696206,0,0.000134779971696206,0,0,0,0,0,0,0,0.000269559943392412,0,0.000438034908012669
"Thermoanaerobaculales",0,0,0.00138149470988611,0,0,0,0.00195430958959499,0,0.000202169957544309,0,0,0,0,0,0,0,0,0,0,0,0,0,0.00138149470988611,0,0,0,0,0,0,0,0.000101084978772154,0,0.000539119886784824,0,0,0,0,0,0,0,0,0,0,0,0,0,0.000505424893860772
"TK10",6.7389985848103e-05,0,0.00192061459667093,0,0,0,0.00181952961789878,0,0.000168474964620257,0,0.000370644922164566,0,0,0,0,0,0,0,0,0,0,0,0.00151627468158232,0,0,0,0,0,0.00023586495046836,0,0.000101084978772154,0,0,0,0.000269559943392412,0,0.000202169957544309,0,0,0,0,0,0.000101084978772154,0,0,0,0.000438034908012669
"0319-7L14",0,0,0.00107823977356965,0,0,0,0.00192061459667093,0,0.0010445447806456,0,0,0,0,0,0,0,0,0,0,0,0,0,0.0011119347664937,0,0,0,0,0,0,0,0.000134779971696206,0.000134779971696206,0,0,0.000101084978772154,0,0,0,0,0,0,0,0,0,0,0,0
"Syntrophorhabdales",0,0,0,0,0,0,0,0,0,0,0,0,0,0,0,0,0,0,0,0,0,0,0,0,0,0,0,0,0,0,0,0,0.00114562975941775,0,0,0,0,0,0,0,0,0,0,0,0,0,0.00192061459667093
"Monoglobales",0,0.000808679830177236,0.000640204865556978,6.7389985848103e-05,0,0.000572814879708875,0.000168474964620257,0,6.7389985848103e-05,0.00185322461082283,0.000943459801873442,0,0.000539119886784824,0.000505424893860772,0,0.000269559943392412,0.000202169957544309,0.00101084978772154,0,0,0.000808679830177236,0.000370644922164566,0.00023586495046836,0.000202169957544309,0.00138149470988611,0.000606509872632927,0,0.00023586495046836,0.000303254936316463,0.0011119347664937,0.000269559943392412,6.7389985848103e-05,0.000539119886784824,0.000134779971696206,0.000404339915088618,0,0.000134779971696206,0.000438034908012669,0,0.000134779971696206,0,0.000539119886784824,0.000269559943392412,0.000134779971696206,0.00023586495046836,0.000101084978772154,0.000943459801873442
"S085",0,0,0.00128040973111396,0,0,0,0.00181952961789878,3.36949929240515e-05,0.00090976480894939,0,0,0,0,0,0,0,0,0,0,0,0,0,0.0011793247523418,0,0,0,0,0,0,0,0.000168474964620257,0,0,0,0,0,0,0,0,0,0,0,0,0,0,0,6.7389985848103e-05
"Rokubacteriales",0,0,0.00131410472403801,0,0,0,0.00178583462497473,0,0.00023586495046836,0,0.000876069816025339,0,0,0,0.000539119886784824,0,0,0,0,0,3.36949929240515e-05,0,0.00101084978772154,0,0,0,0,0,0.00023586495046836,0,0.000336949929240515,0,0,0,0.000505424893860772,0,0.000134779971696206,0,0,0,0,0,0,0,0.000269559943392412,0,0.000336949929240515
"Entotheonellales",0,0,0.00121301974526585,0,0,0,0.00175213963205068,0,0.000774984837253184,0,0,0,0,0,0,0,0,0,0,0,0,0,0.0011119347664937,0,0,0,0,0,0,0,0.000202169957544309,0,0,0,0,0,0,0,0,0,0,0,0,0,0,0,0
"Alteromonadales",0,0.00138149470988611,0.000101084978772154,0,0,0,0,0,0.00175213963205068,0,0,3.36949929240515e-05,0,0,0.000101084978772154,0,0,0,0,0,0,0,0,0,0.00023586495046836,0,6.7389985848103e-05,0,0,0,0.000168474964620257,0.000269559943392412,0,0,0.000876069816025339,0,0,3.36949929240515e-05,0,3.36949929240515e-05,0,0,0,0.000134779971696206,0,0,0
"Acholeplasmatales",0.000303254936316463,0,3.36949929240515e-05,3.36949929240515e-05,0.00023586495046836,0.000134779971696206,0,0,0.000336949929240515,3.36949929240515e-05,0.000336949929240515,0,0.000168474964620257,0.000168474964620257,6.7389985848103e-05,0,0.000134779971696206,0,0.00023586495046836,0,0.000168474964620257,0.000101084978772154,0.000303254936316463,0,0,0,0,0.000202169957544309,0.000101084978772154,0.000336949929240515,0,0,0.000202169957544309,0.000168474964620257,0,0,0.000101084978772154,0.000168474964620257,0.00175213963205068,0,0,0.000101084978772154,0.00154996967450637,0,0,0.000134779971696206,0
"Gastranaerophilales",0.000101084978772154,0,0,0.000101084978772154,0.000101084978772154,0,0,0,0.000134779971696206,0.000101084978772154,0,0,0,0.000168474964620257,6.7389985848103e-05,0,0.000101084978772154,0.000202169957544309,0,0,0,6.7389985848103e-05,0.000101084978772154,0,0.000101084978772154,0,0.000101084978772154,0,0.00023586495046836,6.7389985848103e-05,0,0,0.000168474964620257,0.000269559943392412,0.000303254936316463,3.36949929240515e-05,0.000101084978772154,0.000505424893860772,0.000505424893860772,0,0,0,0.000370644922164566,6.7389985848103e-05,0.000134779971696206,0.00171844463912663,0.000269559943392412
"SAR202_clade",0,0,0,0,0,0,0,0,0.00168474964620257,0,0,0,0,0,6.7389985848103e-05,0,0,0,0,0,0,0,0,0,0,0,0,0,0,0,0,0,0,0,0,0,0,0,0,0,0,0,0,0,0,0,0
"Thermoactinomycetales",0,0,0.0011119347664937,0,0,0,0.00168474964620257,0,0,0,0,0,0,0,0,0,0,0,0,0,0,0,0.00144888469573421,0,0,0,0,3.36949929240515e-05,0,0,0,0,0,0,0,0,0,0,0,0,0,0,0,0,0,0,0
"Chloroflexales",0,0,0.00121301974526585,0,0,0,0.00158366466743042,0,0,0,0,0,0,0,0,0,0,0,0,0,0.000134779971696206,0,0.00128040973111396,0,0,0,0,0,0,0,0,0,0,0,0,0,3.36949929240515e-05,0,0,0,0,0,0,0,0.000101084978772154,0,0
"Limnochordales",0,0,0.00154996967450637,0,0,0,0.00154996967450637,0,0,0,0,0,0,0,0,0,0,0,0,0,0,0,0.00144888469573421,0,0,0,0,0,0,0,0,0,0,0,0,0,0,0,0,0,0,0,0,0,0,0,0
"Kallotenuales",0,0,0.00154996967450637,0,0,0,0.000876069816025339,0,0,0,0,0,0,0,0,0,0,0,0,0,0,0,0.0011793247523418,0,0,0,0,0,0,0,0,0,0,0,0,0,0,0,0,0,0,0,0,0,0,0,0
"Vibrionales",0,0,0.000404339915088618,0,0,0.000101084978772154,6.7389985848103e-05,0,0,3.36949929240515e-05,0.0010445447806456,3.36949929240515e-05,0,0,0.000101084978772154,0.000202169957544309,0,0.000303254936316463,0,0,0,3.36949929240515e-05,0.000404339915088618,0.000134779971696206,6.7389985848103e-05,0.000134779971696206,0,0,0,0.000202169957544309,0.000404339915088618,0,0.000134779971696206,0,0.000269559943392412,0,0,0,0,6.7389985848103e-05,0,0,0,0,0,0,0.00148257968865827
"Spirochaetales",0,0,0,0,0.00148257968865827,0,0,0,0,0.000505424893860772,0,0,0,0,6.7389985848103e-05,0,0.000370644922164566,0,0,0,0,0,0,0,0,0,0,0,3.36949929240515e-05,0,0.000269559943392412,0,6.7389985848103e-05,0,0,0,0,0,0,0,0,0,0,0.000168474964620257,0,0,0
"Gammaproteobacteria_Incertae_Sedis",0.000101084978772154,0,0.00141518970281016,0,0,3.36949929240515e-05,0.00131410472403801,0,0.00023586495046836,0,0,0,0.000134779971696206,0,6.7389985848103e-05,0,0,0,0,0,0,0,0.000572814879708875,0,0,0,0,3.36949929240515e-05,0.000101084978772154,0,0.000101084978772154,0,0,0,0,0,0,0,0,0,0,0,0,0.000101084978772154,6.7389985848103e-05,3.36949929240515e-05,0.000101084978772154
"HOC36",0,0,0,0,0,0,0,0,0.00138149470988611,0,0,0,0,0,0,0,0,0,0,0,0,0,0,0,0,0,0,0,0,0,0,0,0,0,0,0,0,0,0,0,0,0,0,0,0,0,0
"Nitrosococcales",0,0,6.7389985848103e-05,0,0,0,0,0,0.00138149470988611,0,0,0,0,0,0,0,0,0,0,0,0,0,0.000134779971696206,0,0,0,0,0,0,0,0,0,0.000303254936316463,0,0,0,0,0,0,0,0,0,0,0,0,0,0.000606509872632927
"Nitrososphaerales",0,0,0.000774984837253184,0,0,0,0.00138149470988611,0,0.000168474964620257,0,0.000370644922164566,0,0,0,0,0,0,0,0,0,0,0,0.000606509872632927,0,0,0,0,0,0,0,0,0,0,0,0,0,0.000471729900936721,0,0,0,0,0,0,0,0,0,0.000101084978772154
"Elsterales",0.000168474964620257,0,0.00131410472403801,0,0,0,0.00138149470988611,0.000202169957544309,0.000539119886784824,0,0.000539119886784824,0,0.000269559943392412,0,0.000336949929240515,0,0,0,0,0,0.000202169957544309,0,0.00138149470988611,0,0,0,0,0,0.000202169957544309,0,0.000505424893860772,0,0,0,0.00023586495046836,0,0.000943459801873442,0,0,0,0,0,0,0,0.000370644922164566,0,0.000640204865556978
"Bdellovibrionales",0,0,0.00134779971696206,0,0,0,0.00121301974526585,0,0,0,0,0,0,0,0,0,0,0,0,0,0,0,0.000977154794797493,0,0,0,0,0,0,0,0.000168474964620257,0,0,0,0.000134779971696206,0,0,0,0,0,0,0,0,0,0,0,0.000168474964620257
"PLTA13",0,0,0.000774984837253184,0,0,0,0.00134779971696206,0,0,0,0,0,0,0,0,0,0,0,0,0,0,0,0.00067389985848103,0,0,0,0,0,0,0,6.7389985848103e-05,0,0,0,0,0,0,0,0,0,0,0,0,0,0,0,0
"CCD24",0,0,0.000842374823101287,0,0,0,0.00131410472403801,0,0,0,0,0,0,0,0,0,0,0,0,0,0,0,0.000943459801873442,0,0,0,0,0,0,0,0,0,0,0,0,0,0,0,0,0,0,0,0,0,0,0,0.000134779971696206
"Gitt-GS-136",0,0,0.000943459801873442,0,0,0,0.00131410472403801,0,0.000202169957544309,0,0.000134779971696206,0,0.00023586495046836,0,0,0,0,0,0,0,0,0,0.000539119886784824,0,0,0,0,0,0,0,0.000471729900936721,0.000101084978772154,0,0,0,0,0,0,0,0,0,0,0,0,0,0,0.000168474964620257
"AD3",0.00023586495046836,0,0,0,0,0,0,0,0.0012467147381899,0,0.000269559943392412,0,0,0,0,0,0,0,0,0,0.000269559943392412,0,0.000336949929240515,0,0,0,0,0,0.000101084978772154,0,0.000134779971696206,0,0,0,0,0,0,0,0,0,0,0,0,0,0,0,0.000202169957544309
"Pedosphaerales",0,0,0.0012467147381899,0,0,0,0.000774984837253184,0,0.000168474964620257,0,0.000101084978772154,0,0,0,0.000202169957544309,0,0,0,0,0,0.000101084978772154,0,0.000539119886784824,0,0,0,0,0,0,0,0,0,0.00023586495046836,0,0,0,0.000539119886784824,0,0,0,0,0,0,0,0.000101084978772154,0,0.000303254936316463
"Solibacterales",0,0,0.000539119886784824,0,0,0,0.000438034908012669,6.7389985848103e-05,0.000303254936316463,0,0.000404339915088618,0,0.0012467147381899,0,0.000101084978772154,0,0,0,0,0,0.00023586495046836,0,0.000370644922164566,0,0,0,0,0,6.7389985848103e-05,0,0.000741289844329133,0,0,0,0.000202169957544309,0,0.000640204865556978,0,0,0,0,0,0,0,0.000269559943392412,0,0.000471729900936721
"Chitinophagales",0.000134779971696206,0,0.000606509872632927,0,0,0,0.00107823977356965,0,0.000168474964620257,0,0.0011119347664937,0,0.00114562975941775,0.000101084978772154,6.7389985848103e-05,0,0,0,0,0,0,0,0.000842374823101287,0,0.000101084978772154,0,0.000808679830177236,0,0.000168474964620257,0,0.000168474964620257,0,0,0,0.000808679830177236,0,0.00121301974526585,0,0,0,0,0,0,0,0.000134779971696206,0,0.000539119886784824
"Subgroup_2",0.000202169957544309,0,0.000370644922164566,0,0,0,0.000168474964620257,0.000101084978772154,0.000505424893860772,0,0.000404339915088618,0,0.000303254936316463,0,0.000202169957544309,0,0,0,0,0,0.000269559943392412,0,0.000101084978772154,0,0,0,0,0,0,0,0.000303254936316463,0,0,0,0.000168474964620257,0,0.00121301974526585,0,0,0,0,0,0,0,0,0,0.000370644922164566
"OLB14",0.000101084978772154,0,0.00067389985848103,0,0,0,0.0010445447806456,0.000101084978772154,0,0,0,0,0,0,0,0,0,0,0,0,6.7389985848103e-05,0,0.000977154794797493,0,0.00114562975941775,0,0,0,0,0,0,0,0,0,0,0,0,0,0,0,0,0,0,0,0,0,0
"Eubacteriales",0,0,0,0,0,0,0,0,0,0,6.7389985848103e-05,0,0.000303254936316463,0,0,0,0,0,0,0,0.000134779971696206,0,0,0,0.00114562975941775,0,0,0,0.000202169957544309,3.36949929240515e-05,0,0,0.000303254936316463,0,6.7389985848103e-05,0,0,0,0,0,0,0,0,0,0.000101084978772154,0,0.000438034908012669
"Rhodothermales",0,0,0,0,0,0,0,0,0.0011119347664937,0,0,0,0,0,0,0,0,0,0,0,0,0,0,0,0,0,0,0,0,0,0,0,0,0,0,0,0,0,0,0,0,0,0,0,0,0,0
"Nannocystales",0,0,0.000438034908012669,0,0,0,0.00107823977356965,0,0,0,0,0,0,0,0,0,0,0,0,0,0,0,0.000303254936316463,0,0,0,0,0,0,0,0,0,0,0,0,0,0,0,0,0,0,0,0,0,0,0,0
"Tepidisphaerales",0,0,0,0,0,0,0,0,0,0,0,0,0,0,0,0,0,0,0,0,0,0,0,0,0,0,0,0,0,0,0,0,0,0,0,0,0.00107823977356965,0,0,0,0,0,0,0,0,0,0
"Reyranellales",0.000134779971696206,0,0.000808679830177236,0,0,0,0.000876069816025339,0.000134779971696206,0.000202169957544309,0,0.000977154794797493,0,0.000134779971696206,0,0.000269559943392412,0,0,0,0,0,0.000202169957544309,0,0.00101084978772154,0,0,0,0,0,0.000134779971696206,0,0.00023586495046836,0,0,0,0.000168474964620257,0,0.000134779971696206,0,0,0,0,0,0,0,0.000134779971696206,0,0.000539119886784824
"Micropepsales",0.000134779971696206,0,0.000808679830177236,0,0,0,0.000471729900936721,0,0.000101084978772154,0,0.00101084978772154,0,0,0,0,0,0,0,0,0,0.000438034908012669,0,0.000269559943392412,0,0,0,0,0,0.00023586495046836,0,0.000842374823101287,0,0,0,0.000168474964620257,0,0.000774984837253184,0,0,0,0,0,0,0,0.000370644922164566,0,0.00090976480894939
"Dongiales",0,0,0.000977154794797493,0,0,6.7389985848103e-05,0.000707594851405081,0,0.000269559943392412,0,0.000134779971696206,0,0,0,3.36949929240515e-05,0,0,0,0,0,0,0,0.000741289844329133,0,0,0,0,0,0,0,0,0,0,0,0,0,0,0,0,0,0,0,0,0,0,0,6.7389985848103e-05
"Symbiobacteriales",0,0,0.000134779971696206,0,0,0,0.000168474964620257,0,0,0,0,0,0,0,0,0,0,0,0,0,0,0,0.000977154794797493,0,0,0,0,0,0,0,0,0,0,0,0,0,0,0,0,0,0,0,0,0,0,0,0
"Clostridia",3.36949929240515e-05,0,0,0,0,0,3.36949929240515e-05,0,0,0,0,0,0.000438034908012669,0,0,0,0,3.36949929240515e-05,0,0,6.7389985848103e-05,0,0,0,0,0,0.000370644922164566,0,3.36949929240515e-05,0,0,0,0.000438034908012669,0.000101084978772154,0,0,0.000977154794797493,0,0,6.7389985848103e-05,0,0.00067389985848103,0,0,0,0,0.000370644922164566
"Izemoplasmatales",0,0,0,0,0,0,0,0,0,0,0,0,0.00090976480894939,0,0,0,0,0,0,0,0,0,0,0,0,0,0,0,0,0,0,0,0,0,0,0,0,0,0,0,0,0,0,0,0,0,0
"Caldisericales",0,0,0,0,0,0,0,0,0,0,0,0,0,0,0,0,0,0,0,0,0,0,0,0,0,0,0,0,0,0,0,0,0.000842374823101287,0,0,0,0,0,0,0,0,0,0,0,0,0,0.00090976480894939
"Euzebyales",0,0,0.000707594851405081,0,0,0,0.000774984837253184,0,0.000876069816025339,0,0,0,0,0,0,0,0,0,0,0,0,0,0.000404339915088618,0,0,0,0,0,0,0,0,0,0,0,0,0,0,0,0,0,0,0,0,0,0,0,0
"AKAU4049",0,0,0.000134779971696206,0,0,0,0,0,0.000842374823101287,0,0,0,0,0,0,0,0,0,0,0,0,0,0,0,0,0,0,0,0,0,0,0,0,0,0,0,0,0,0,0,0,0,0,0,0,0,0
"Kiloniellales",0,0,0,0,0,0,3.36949929240515e-05,0,0.000842374823101287,0,0,0,0,0,0,0,0,0,0,0,0,0,0,0,0,0,0.000134779971696206,0,0,0,0,0,0,0,0,0,0.000202169957544309,0,0,0,0,0,0,0,0,0,0
"C0119",0.000168474964620257,0,0.000606509872632927,0,0,0,0.000808679830177236,0,0,0,0,0,0.000168474964620257,0,0,0,0,0,0,0,0,0,0.000336949929240515,0,0,0,0,0,0,0,0,0,0,0,0,0,0,0,0,0,0,0,0,0,0,0,0
"mle1-27",0,0,0.000370644922164566,0,0,0,0.000370644922164566,0,0,0,0,0,0,0,0,0,6.7389985848103e-05,0,0.000808679830177236,0,0,0,0.000404339915088618,0,0,0,0,0,0,0,0.00023586495046836,0,0,0,0,0,0,0,3.36949929240515e-05,0,0,0,0,0,0,0,0
"Longimicrobiales",0,0,0.000539119886784824,0,0,0,0.000774984837253184,0,0.000168474964620257,0,0,0,0,0,0,0,0,0,0,0,0,0,0.000505424893860772,0,0,0,0,0,0,0,0.000134779971696206,0,0,0,0,0,0,0,0,0,0,0,0,0,0.000134779971696206,0,0.000168474964620257
"JG30-KF-CM66",0,0,0.000303254936316463,0,0,0,0.000741289844329133,0,6.7389985848103e-05,0,0.000370644922164566,0,0,0,0.000134779971696206,0,0,0,0,0,0,0,0.000269559943392412,0,0,0,0,0,0,0,0,0,0,0,0,0,0,0,0,0,0,0,0,0,0,0,0
"Caldilineales",0,0,0.000505424893860772,0,0,0,0.000741289844329133,0,0,0,0,0,0,0,0,0,0,0,0,0,0,0,0.000336949929240515,0,0,0,0,0,0,0,0,0,0,0,0,0,0,0,0,0,0,0,0,0,0,0,0
"Granulosicoccales",0,0,0,0,0,0,0,0,0.000741289844329133,0,0,0,0,0,0,0,0,0,0,0,0,0,0,0,0,0,0,0,0,0,0,0,0,0,0,0,0,0,0,0,0,0,0,0,0,0,0
"Defluviicoccales",0.000168474964620257,0,0.000303254936316463,0,0,0,0.000741289844329133,0.000101084978772154,0.000370644922164566,0,0,0,0,0,0,0,0,0,0,0,0.00023586495046836,0,0.000606509872632927,0,0,0,0,0,0,0,0.000101084978772154,0,0,0,3.36949929240515e-05,0,3.36949929240515e-05,0,0,0,0,0,0,0,0.000202169957544309,0,3.36949929240515e-05
"Alicyclobacillales",0,0,0.000505424893860772,0,0,0,0.000606509872632927,0,0,0,0.000202169957544309,0,0,0,6.7389985848103e-05,0,0,0,0,0,0,0,0.000707594851405081,0,0,0,0,0,0,0,0.000101084978772154,0,0,0,0,0,0,0,0,0,0,0,0,0,0,0,0.000101084978772154
"Blastocatellales",0,0,0.000606509872632927,0,0,0,0.00067389985848103,0,0.000404339915088618,0,0.000303254936316463,0,0,0,0,0,0,0,0,0,0,0,0.000606509872632927,0,0,0,0,0,0,0,0,0,0,0,0,0,0,0,0,0,0,0,0,0,0,0,0.000101084978772154
"Ardenticatenales",0,0,0.000640204865556978,0,0,0,0.000606509872632927,0,0,0,0,0,0,0,0,0,0,0,0,0,0,0,0.000202169957544309,0,0,0,0,0,0,0,0,0,0,0,0,0,0,0,0,0,0,0,0,0,0,0,0
"Group_1.1c",0,0,0,0,0,0,0,0,0,0,0,0,0,0,0,0,0,0,0,0,0,0,0,0,0,0,0,0,0,0,0,0,0,0,0,0,0.000640204865556978,0,0,0,0,0,0,0,0,0,0.000202169957544309
"Kineosporiales",0,0,0.000539119886784824,0,0,0,0.000539119886784824,0,0,0,0,0,0,0,0,0,0,0,0,0,0,0,0.000572814879708875,0,0,0,0,0,0,0,0,0,0,0,0,0,0,0,0,0,0,0,0,0,0,0,0
"Sphingobacteriales",0,0,0.00023586495046836,0,0,0,3.36949929240515e-05,0,0,0,0.000505424893860772,0,0,0,0.000336949929240515,0,0,0,0,0,0,0,0.000202169957544309,6.7389985848103e-05,0,6.7389985848103e-05,0.000572814879708875,0,0,0,0.000269559943392412,0,0.000168474964620257,0,0.000336949929240515,0,0,0,3.36949929240515e-05,0,0,0,0,0,0.00023586495046836,0,0.000505424893860772
"0319-6G20",0,0,0.000134779971696206,0,0,0,0,0,0,0,0.000269559943392412,0,0,0,3.36949929240515e-05,0.000101084978772154,0,0.000134779971696206,0,0,0,0,0.000202169957544309,0,0,0,0,0,3.36949929240515e-05,0,0,0,0,0,0.000134779971696206,0,0,0,0,0,0,0,0,0,0.000202169957544309,0,0.000539119886784824
"bacteriap25",0,0,0.000336949929240515,0,0,0,0.000101084978772154,0.000101084978772154,0.000539119886784824,0,0.000505424893860772,0,0,0,0.00023586495046836,0,0,0,0,0,0.000269559943392412,0,0.000269559943392412,0,0,0,0,0,0.000303254936316463,0,0.000539119886784824,0,0,0,0.000202169957544309,0,0.000269559943392412,0,0,6.7389985848103e-05,0,0,0,0,6.7389985848103e-05,0,0.00023586495046836
"KI89A_clade",0,0,0,0,0,0,0,0,0.000505424893860772,0,0,0,0,0,0,0,0,0,0,0,0,0,0.000101084978772154,0,0,0,0,0,0,0,0,0,0,0,0,0,0,0,0,0,0,0,0,0,0,0,0
"Glycomycetales",0,0,0.000505424893860772,0,0,0,0.000505424893860772,0,0.00023586495046836,0,0,0,0,0,0,0,0,0,0,0,0,0,0.000303254936316463,0,0,0,0,0,0,0,0,0,0,0,0,0,0,0,0,0,0,0,0,0,0,0,0
"Leptospirales",0,0,0,0,0,0,0,0,0,0,0,0,0,0,0,0,0,0,0,0,0,0,0,0,0,0,0,0,0,0,0,0,0.000404339915088618,0,0,0,0,0,0,0,0,0,0,0,0,0,0.000505424893860772
"BD2-11_terrestrial_group",0,0,0.000303254936316463,0,0,0,0.000505424893860772,0,0.000336949929240515,0,0,0,0,0,0,0,0,0,0,0,0,0,0,0,0,0,0,0,0,0,3.36949929240515e-05,0,0,0,0,0,0,0,0,0,0,0,0,0,0,0,3.36949929240515e-05
"WPS-2",0.000134779971696206,0,0,0,0.000134779971696206,0,0,0,0,0,0,0,0,0,0,0.000168474964620257,0,0.000336949929240515,0,0,0,0.000505424893860772,0,0,0,0,0,0,0,0,3.36949929240515e-05,0,0,0.000168474964620257,0,0,0,0,0,0,0,0,0,0,0,0,0
"PAUC26f",0,0,0,0,0,0,0,0,0.000505424893860772,0,0,0,0,0,0,0,0,0,0,0,0,0,0,0,0,0,0,0,0,0,0,0,0,0,0,0,0,0,0,0,0,0,0,0,0,0,0
"Opitutales",0,0,0.000505424893860772,0,0,0,0.00023586495046836,0,0,0,0,0,0,0,0,6.7389985848103e-05,0,3.36949929240515e-05,0,0,0,0,0.000336949929240515,0,0,0,0,0,0,0,0,0,0,0,0,0,0,0,0,0,0,0,0,0,0,0,0
"Methanosarciniales",0,0,0,0,0,0,0,0,0,0,0,0,0,0,0,0,0,0,0,0,0,0,0,0,0,0,0,0,0,0,0,0,0.000471729900936721,0,0,0,0,0,0,0,0,0,0,0,0,0,0.000303254936316463
"Subgroup_17",0,0,0.000134779971696206,0,0,0,0.000471729900936721,0,0,0,0,0,0,0,0,0,0,0,0,0,0,0,0.000134779971696206,0,0,0,0,0,0,0,0,0,0,0,0,0,0,0,0,0,0,0,0,0,0,0,0
"SBR1031",0,0,0.000101084978772154,0,0,0,0.000471729900936721,0,0,0,0,0,0,0,0,0,0,0,0,0,0,0,0,0,0,0,0,0,0,0,0,0,0.000101084978772154,0,0.000101084978772154,0,0,0,0,0,0,0,0,0,0,0,0.000101084978772154
"RCP2-54",0,0,0.000303254936316463,0,0,0,0.000471729900936721,0,0,0,0,0,0,0,0,0,0,0,0,0,0,0,0,0,0,0,0,0,0,0,0,0,0,0,0,0,0,0,0,0,0,0,0,0,0,0,0
"Marine_Group_II",0,0,0,0,0,0,0,0,0,0,0,0,0,0,0,0,0,0,0,0,0,0,0,0,0,0,0,0,0,0,0,0,0,0,0,0,0,0,0,0,0,0,0,0.000438034908012669,0,0,0
"Absconditabacteriales_(SR1)",0,0,0,0,0,0,0,0,0,0,0,0,0,0,0,0,0,0,0,0,0,0,0,0,0,0,0,0,0,0,0.000438034908012669,0,0,0,0,0,0,0,0,0,0,0,0,0,0,0,0
"Deinococcales",0,0,0,0,0,0,0,0,0.000404339915088618,0,0,0,0,0,0,0.000202169957544309,0,0.000303254936316463,0,0,0,0,0,3.36949929240515e-05,0,0,0,0,0,0,0,0,0,0,0,0,0.000134779971696206,0,0,0,0,0,0,0,0,0,0
"MBNT15",0,0,0,0,0,0,0,0,0.000404339915088618,0,0,0,0,0,0,0,0,0,0,0,0,0,0,0,0,0,0,0,0,0,0,0,0,0,0,0,0,0,0,0,0,0,0,0,0,0,0
"Acidithiobacillales",0,0,0,0,0,0,0,0,0.000370644922164566,0,0,0,0,0,0,0,0,0,0,0,0,0,0,0,0,0,0,0,0,0,0,0,0,0,0,0,0,0,0,0,0,0,0,0,0,0,0
"Parvibaculales",0,0,0,0,0,0,0,0,0,0,0,0,0,0,0.000370644922164566,0,0,0,0,0,0,0,0,0,0,0,0,0,0,0,0,0,0,0,0,0,0,0,0,0,0,0,0,0,0,0,0
"Methanofastidiosales",0,0,0,0,0,0,0,0,0,0,0,0,0,0,0,0,0,0,0,0,0,0,0,0,0,0,0,0,0,0,0,0,0,0,0.000370644922164566,0,0,0,0,0,0,0,0,0,0,0,0
"Sericytochromatia",0,0,0.00023586495046836,0,0,0.000168474964620257,0.000202169957544309,0,0,0,0,0,0,0,0,0,0,0,0,0,0,6.7389985848103e-05,0.000370644922164566,0,0,0,0,0,6.7389985848103e-05,0,0,0,0,0,0,0,0,0,0,0,0,0,0,0,0,0,0
"Balneolales",0,0,0,0,0,0,0,0,0.000336949929240515,0,0,0,0,0,0,0,0,0,0,0,0,0,0,0,0,0,0,0,0,0,0,0,0,0,0,0,0,0,0,0,0,0,0,0,0,0,0
"Latescibacterales",0,0,0,0,0,0,0,0,0,0,0,0,0,0,0,0,0,0,0,0,0,0,0,0,0,0,0,0,0,0,0,0,0.000336949929240515,0,0,0,0,0,0,0,0,0,0,0,0,0,0.000134779971696206
"Salinisphaerales",0.000134779971696206,0,0,0,0,3.36949929240515e-05,0.000168474964620257,0.000101084978772154,0.00023586495046836,0,0,0,6.7389985848103e-05,0,0.000134779971696206,0,0,0,0,0,0,0,6.7389985848103e-05,0,0,0,0,6.7389985848103e-05,0,0,6.7389985848103e-05,0,0,0,0.000168474964620257,0,6.7389985848103e-05,0,0,0,0,0,0,0,0.000303254936316463,0,0
"Latescibacterota",0,0,0,0,0,0,0,0,0,0,0.000202169957544309,0,0,0,0.000101084978772154,0,0,0,0,0,0,0,0,0,0,0,0,0,0,0,0,0,0,0,0,0,0,0,0,0,0,0,0,0,6.7389985848103e-05,0,0.000303254936316463
"Subgroup_21",0,0,0,0,0,0,0,0,0.000202169957544309,0,0,0,0,0,0,0,0,0,0,0,0,0,0,0,0,0,0,0,0,0,0,0,0.000303254936316463,0,0,0,0,0,0,0,0,0,0,0,0,0,0.000101084978772154
"Blfdi19",0,0,0.000269559943392412,0,0,0,0.000303254936316463,0,0.000101084978772154,0,0,0,0,0,3.36949929240515e-05,0,0,0,0,0,0,0,3.36949929240515e-05,0,0,0,0,0,0,0,3.36949929240515e-05,0,0,0,0,0,0,0,0,0,0,0,0,0,3.36949929240515e-05,0,6.7389985848103e-05
"Sumerlaeales",0,0,3.36949929240515e-05,0,0,0,0.000303254936316463,0,0,0,0,0,0,0,0,0,0,0,0,0,0,0,0.00023586495046836,0,0,0,0,0,0,0,0,0,0,0,0,0,0,0,0,0,0,0,0,0,0,0,0
"Kryptoniales",0,0,0,0,0,0,0,0,0,0,0,0,0.000303254936316463,0,0,0,0,0,0,0,0,0,0,0,0,0,0,0,0,0,0,0,0,0,0,0,0,0,0,0,0,0,0,0,0,0,0
"Francisellales",0,0,0,0,0,0,0,0,0,0,0.000269559943392412,0,0,0,0,0,0,0,0,0,0,0,0,0,0,0,0,0,0,0,0,0,0,0,0,0,0,0,0,0,0,0,0,0,0,0,0
"Desulfobacterales",0,0,0,0,0,0,0,0,0,0,0,0,0,0,0,0,0,0,0,0,0,0,0,0,0,0,0,0,0,0,0,0,0.000168474964620257,0,0,0,0,0,0,0,0,0,0,0,0,0,0.000269559943392412
"Lineage_IIb",0,0,0,0,0,0,0,0,0,0,0.000269559943392412,0,0,0,3.36949929240515e-05,0,0,0,0,0,0,0,0,0,0,0,0,0,0,0,0,0,0,0,3.36949929240515e-05,0,0,0,0,0,0,0,0,0,0,0,0.000101084978772154
"Aminicenantales",0,0,0,0,0,0,0,0,0,0,0,0,0,0,0,0,0,0,0,0,0,0,0,0,0,0,0,0,0,0,0,0,0.000134779971696206,0,0,0,0,0,0,0,0,0,0,0,0,0,0.000269559943392412
"Parcubacteria",0,0,0,0.000269559943392412,0,0,0,0,0,0,0,0,0,0,0,0,0,0,0,0,0,0,0,0,0,0,0,0,0,0,0,0,0,0,0,0,0,0,0,0,0,0,0,0,0,0,0
"Ignavibacteriales",0,0,0,0,0,0,0,0,0,0,0,0,0,0,0,0,0,0,0,0,0,0,0,0,0,0,0,0,0,0,0,0,0.000168474964620257,0,0,0,0,0,0,0,0,0,0,0,0,0,0.000269559943392412
"Woesearchaeales",0,0,0,0,0,0,0,0,0,0,0,0.000101084978772154,0,0,0.000269559943392412,0,0,0,0,0,0,0,0,0,0,0,0,0,0,0,0,0,0,0,0,0,0,0,0,0,0,0,0,0,0,0,0
"11-24",0,0,0.000168474964620257,0,0,0,0,0,0,0,0.000202169957544309,0,0,0,0,0,0,0,0,0,0,0,0.000269559943392412,0,0,0,0,0,0,0,0,0,0,0,0,0,0,0,0,0,0,0,0,0,0,0,0
"Diplorickettsiales",0.000168474964620257,0,0,0,0,0,6.7389985848103e-05,0,0,0,0,0,0,0,0,0,0,0,0,0,0.00023586495046836,0,3.36949929240515e-05,0,0,0,0,0,0,0,0.000134779971696206,0,0,0,6.7389985848103e-05,0,0,0,0,0,0,0,0,0,0.000168474964620257,0,0.000101084978772154
"DS-100",0,0,0.000168474964620257,0,0,0,0.000168474964620257,0,0,0,0,0,0,0,0,0,0,0,0,0,0,0,0.00023586495046836,0,0,0,0,0,0,0,0,0,0,0,0,0,0,0,0,0,0,0,0,0,0,0,0
"Exiguobacterales",0,0,0,0,0,0,0,0,0,0,0,0,0,0,0,0.000134779971696206,0,0,0,0,0,0,0,0,0,0,0,0,0,0,0.00023586495046836,0,0,0,0,0,0,0,0,0,0,0,0,0,0,0,0
"Oligoflexales",0,0,3.36949929240515e-05,0,0,0,6.7389985848103e-05,0,0,0,0,0,0,0,0,0,0,0,0,0,0,0,0.00023586495046836,0,0,0,0,0,0,0,0,0,0,0,0,0,0,0,0,0,0,0,0,0,0,0,0
"Acidobacteriae",0,0,0,0,0,0,0,0,0,0,0,0,0,0,0,0,0,0,0,0,0,0,0,0,0,0,0,0,0,0,0,0,0.000101084978772154,0,0,0,0,0,0,0,0,0,0,0,0,0,0.00023586495046836
"Babeliales",0,0,0,0,0,0,0,0,0,0,0.000202169957544309,0,0,0,0,0,0,0,0,0,0,0,0,0,0,0,0,0,0,0,0,0,0,0,0,0,0,0,0,0,0,0,0,0,0,0,0
"SAR11_clade",0,0,0,0,0,0,0,0,0,0,0.000202169957544309,0,0,0,0,0,0,0,0,0,0,0,0,0,0,0,0,0,0,0,0,0,0,0,0,0,0,0,0,0,0,0,0,0,0,0,0.000134779971696206
"Aeromonadales",0,0,0.000134779971696206,0,0,0,0.000101084978772154,0,0,0,0.000202169957544309,0,0,0,0.000101084978772154,0,0,0,0,0,0,0,0,0,0,0,0,0,0,0,6.7389985848103e-05,0,0,0,0,0,0,0,0,0.000101084978772154,0,0,0,0,0,0,0
"Thermoanaerobacterales",0,0,0,0,0,0,0,0,0,0,0,0,0,0,0,0,0,0,0,0,0,0,0,0,0,0,0,0,0,0,0,0,0,0,0.000202169957544309,0,0,0,0,0,0,0,0,0,0,0,0
"Desulfatiglandales",0,0,0,0,0,0,0,0,0,0,0,0,0,0,0,0,0,0,0,0,0,0,0,0,0,0,0,0,0,0,0,0,0.000134779971696206,0,0,0,0,0,0,0,0,0,0,0,0,0,0.000202169957544309
"Lineage_IV",0,0,0,0,0,0,0,0,0,0,0,0,0,0,0,0,0,0,0,0,0,0,0,0,0,0,0,0,0,0,0,0,0,0,0,0,0,0,0,0,0,0,0,0,0,0,0.000202169957544309
"Ktedonobacterales",0.000101084978772154,0,0.000134779971696206,0,0,0,0,0,0,0,0,0,0,0,0,0,0,0,0,0,3.36949929240515e-05,0,0,0,0,0,0,0,0,0,0,0,0,0,0,0.000202169957544309,0,0,0,0,0,0,0,0,0,0,0
"211ds20",0,0,0,0,0,0,0.000202169957544309,0,0,0,0,0,0,0,0,0,0,0,0,0.000101084978772154,0,0,0,0,0,0,0,0,0,0,0,0,0,0,0,0,0,0,0,0,0,0,0,0,0,0,0
"Syntrophobacterales",0,0,0,0,0,0,0,0,0,0,0,0,0,0,0,0,0,0,0,0,0,0,0,0,0,0,0,0,0,0,0,0,0.000202169957544309,0,0,0,0,0,0,0,0,0,0,0,0,0,0.000134779971696206
"OPB41",0,0,0,0,0,0,0,0,0,0,0,0,0,0,0,0,0,0,0,0,0,0,0,0,0,0,0,0,0,0,0,0,0.000202169957544309,0,0,0,0,0,0,0,0,0,0,0,0,0,0.000134779971696206
"Subgroup_5",0,0,0.000202169957544309,0,0,0,0.000168474964620257,0,0.000134779971696206,0,0,0,0,0,6.7389985848103e-05,0,0,0,0,0,0,0,0.000101084978772154,0,0,0,0,0,0.000101084978772154,0,0.000202169957544309,0,0,0,0.000101084978772154,0,0,0,0,0,0,0,0,0,0,0,0
"Subgroup_18",0,0,0,0,0,0,0,0,0,0,0,0,0,0,0.000101084978772154,0,0,0,0,0,0,0,0,0,0,0,0,0,0,0,0,0,0.000101084978772154,0,0,0,0,0,0,0,0,0,0,0,0,0,0.000202169957544309
"Coxiellales",0,0,0,0,0,0,0.000168474964620257,0,0,0,0,0,0,0,0.000101084978772154,0,0,0,0,0,0,0,0.000134779971696206,0,0,0,0,0,0,0,0.000134779971696206,0,0,0,0.000202169957544309,0,0,0,0,0,0,0,0,0,0,0,0.000202169957544309
"c5LKS83",0,0,0,0,0,0,0,0,0,0,0,0,0,0,0,0,0,0,0,0,0,0,0,0,0,0,0,0,0,0,0,0,0.000134779971696206,0,0,0,0,0,0,0,0,0,0,0,0,0,0.000202169957544309
"Nitrosopumilales",0,0,0,0,0,0,0,0,0,0,0,0,0,0,0,0,0,0,0,0,0,0,0,0,0,0,0,0,0,0,0,0,0,0,0,0,0,0,0,0,0,0,0,0.000202169957544309,0,0,0
"Acidiferrobacterales",0,0,0.000134779971696206,0,0,0,0,0,0.000202169957544309,0,0,0,0.000134779971696206,0,0,0,0,0,0,0,0,0,0,0,0,0,0,0,0,0,0,0,0,0,0,0,0,0,0,0,0,0,0,0,0,0,0
"Cyanobacteriales",0,0,0,0,0,0,0,0,0,0,0,0,0,0,0,0,0,0,0,0,0,0,0,0,0,0,0,0,0,0,0,0,0,3.36949929240515e-05,0,0,0,0.000168474964620257,0,0,0,0,0,0,0,0,0
"KF-JG30-C25",0,0,0,0,0,0,0,0,0,0,0,0,0,0,0,0,0,0,0,0,0,0,0,0,0,0,0,0,0,0,0.000168474964620257,0,0,0,0,0,0,0,0,0,0,0,0,0,0,0,0
"Methanobacteriales",0,0,0,0,0,0,0,0,0,0,0,0,0.000168474964620257,0,0,0,0,0,0,0,0,0,0,0,0,0,0,0,0,0,0,0,0,0,0,0,0,0,0,0,0,0,0,0,0,0,0
"Methylococcales",0,0,0,0,0,0,0,0,0,0,0,0,0.000101084978772154,0,0,0,0,0,0,0,0,0,0,0,0,0,6.7389985848103e-05,0,0,0,0,0,0,0,0,0,0,0,0,0,0,0,0,0,0,0,0.000168474964620257
"DTU014",0.000101084978772154,0,0,0,0,0,0,0,0,0,0,0,3.36949929240515e-05,0,0,0,0,0,0,0,0,0,0,0,0,0,0,0,0,0,0.000168474964620257,0,0,0,0,0,0,0,0,0,0,0,0,0,0,0,0
"Puniceispirillales",0,0,0,0,0,0,0,0,0,0,0,0,0,0,0,0.000101084978772154,0,0,0,0,0,0,0,0,0,0,0,0,0,0,0,0,0,0,0,0,0,0,0,0,0,0,0,0.000168474964620257,0,0,0
"Ferrovibrionales",0,0,0,0,0,3.36949929240515e-05,0,0,0,0,0,0,0,0,0,0,0,0,0,0,0,0,0,0,0,0,0,0.000168474964620257,0,0,0,0,0,0,0,0,0,0,0,0,0,0,0,0,0,0,0
"Methanocellales",0,0,0,0,0,0,0,0,0,0,0,0,0,0,0,0,0,0,0,0,0,0,0,0,0,0,0,0,0,0,0,0,0,0,0,0,0.000168474964620257,0,0,0,0,0,0,0,0,0,0
"Mycoplasmatales",0,0,0.000134779971696206,0,0,0,0,0,0,0,0,0,0,0,0,0,0,0,0,0,0,0,0,0,0,0,0,0,0,0,0,0,0,0,0,0,0,0,0,0,0,0,0,0,0,0,0.000168474964620257
"Desulfitobacteriales",0,0,0.000101084978772154,0,0,0,0,0,0,0,0,0,0,0,0,0,0,0,0,0,0,0,0,0,0,0,0,0,0,0,0,0,0.000168474964620257,0,0,0,0,0,0,0,0,0,0,0,0,0,0.000134779971696206
"WCHB1-81",0,0,0,0,0,0,0,0,0,0,0,0,0,0,0,0,0,0,0,0,0,0,0,0,0,0,0,0,0,0,0,0,0,0,0,0,0,0,0,0,0,0,0,0,0,0,0.000168474964620257
"EPR3968-O8a-Bc78",0,0,0,0,0,0,0,0,0.000168474964620257,0,0,0,0,0,0,0,0,0,0,0,0,0,0,0,0,0,0,0,0,0,0,0,0,0,0,0,0,0,0,0,0,0,0,0,0,0,0
"PeM15",0,0,0,0,0,0,0,0,0,0,0,0,0,0,0,0,0,0,0,0,0,0,0,0,0,0,0,0,0,0,0,0,0.000168474964620257,0,0,0,0,0,0,0,0,0,0,0,0,0,0.000134779971696206
"SJA-15",0,0,0,0,0,0,0,0,0,0,0,0,0.000168474964620257,0,0,0,0,0,0,0,0,0,0,0,0,0,0,0.000168474964620257,0,0,0,0,0,0,0,0,0,0,0,0,0,0,0,0,0,0,0
"Catenulisporales",0,0,0,0,0,0,0,0,0,0,0,0,0,0,0,0,0,0,0,0,0,0,0,0,0,0,0,0,0,0,0,0,0,0,0,0,0,0,0,0,0,0,0,0,0,0,0.000168474964620257
"WD260",0,0,0,0,0,0,0,0,0,0,0,0,0,0,0,0,0,0,0,0,0,0,0.000134779971696206,0,0,0,0,0,0,0,0,0,0,0,0,0,0,0,0,0,0,0,0,0,0,0,0
"FS117-23B-02",0,0,0,0,0,0,0,0,0,0,0,0,0,0,0,0,0,0,0,0,0,0,0,0,0,0,0,0,0,0,0,0,0.000134779971696206,0,0,0,0,0,0,0,0,0,0,0,0,0,0
"CCM19a",0,0,0,0,0,0,0,0,0,0,0,0,0,0,0,0,0,0,0,0,0,0,0,0,0,0,0,0,0,0,0,0,0,0,0,0,0,0,0,0,0,0,0,0,0,0,0.000134779971696206
"AKIW659",0,0,0,0,0,0,0,0,0,0,0,0,0.000134779971696206,0,0,0,0,0,0,0,0,0,0,0,0,0,0,0,0,0,0,0,0,0,0,0,0,0,0,0,0,0,0,0,0,0,0
"Limnochordia",0,0,0,0,0,0,0,0,0,0,0,0,0,0,0,0,0,0,0,0,0,0,0.000134779971696206,0,0,0,0,0,0,0,0,0,0,0,0,0,0,0,0,0,0,0,0,0,0,0,0
"Desulfobulbales",0,0,0,0,0,0,0,0,0,0,0,0,0,0,0,0,0,0,0,0,0,0,0,0,0,0,0,0,0,0,0,0,0.000134779971696206,0,0,0,0,0,0,0,0,0,0,0,0,0,6.7389985848103e-05
"Methanomicrobiales",0,0,0,0,0,0,0,0,0,0,0,0,0,0,0,0,0,0,0,0,0,0,0,0,0,0,0,0,0,0,0,0,0.000134779971696206,0,0,0,0,0,0,0,0,0,0,0,0,0,0
"Thalassobaculales",0,0,0,0,0,0,0,0,0.000134779971696206,0,0,0,0,0,0,0,0,0,0,0,0,0,0,0,0,0,0,0,0,0,0,0,0,0,0,0,0,0,0,0,0,0,0,0,0,0,0
"Geobacterales",0,0,0.000101084978772154,0,0,0,0.000134779971696206,0,0,0,0,0,0,0,0,0,0,0,0,0,0,0,0.000101084978772154,0,0,0,0,0,0,0,0,0,0,0,0,0,0,0,0,0,0,0,0,0,0,0,0
"Kapabacteriales",0,0,0,0,0,0,0.000101084978772154,0,0,0,0,0,0,0.000134779971696206,0,0,0,0,0,0,0,0,0,0,0,0,0,0,0,0,0,0,0,0,0,0,0,0,0,0,0,0,0,0,0,0,0
"MSBL5",0,0,0,0,0,0,0,0,0,0,0,0,0,0,0,0,0,0,0,0,0,0,0,0,0,0,0,0,0,0,0,0,0.000101084978772154,0,0,0,0,0,0,0,0,0,0,0,0,0,0.000134779971696206
"Desulfomonilales",0,0,0,0,0,0,0,0,0,0,0,0,0.000134779971696206,0,0,0,0,0,0,0,0,0,0,0,0,0,0,0,0,0,0,0,0,0,0,0,0,0,0,0,0,0,0,0,0,0,0
"WCHB1-41",0,0,0,0,0,0,0,0,0,0,0,0,0,0,0,0,0,0,0,0,0,0,0,0,0,0,0,0,0,0,0.000134779971696206,0,0,0,0,0,0,0,0,0,0,0,0,0,0,0,0.000134779971696206
"SAR324_clade(Marine_group_B)",0,0,0,0,0,0,0,0,0,0,0,0,0,0,0,0,0,0,0,0.000134779971696206,0,0,0,0,0,0,0,0,0,0,0,0,0.000134779971696206,0,0,0,0,0,0,0,0,0,0,0,0,0,3.36949929240515e-05
"Fimbriimonadales",0,0,0,0,6.7389985848103e-05,0,6.7389985848103e-05,0,0,0,0,0,0,0,6.7389985848103e-05,0,0,0,0,0,0,0,0,0,0,0,0,0,0,0,0.000134779971696206,0,0,0,0,0,0,0,0,0,0,0,0,0,3.36949929240515e-05,0,0
"Holophagales",0,0,0.000101084978772154,0,0,0,0,0,0,0,0,0,0,0,0,0,0,0,0,0,0,0,0,0,0,0,0,0,0,0,0,0,0,0,0,0,0,0,0,0,0,0,0,0,0,0,0
"UA11",0,0,0,0,0,0,0,0,0,0,0,0,0,0,0,0.000101084978772154,0,6.7389985848103e-05,0,0,0,0,0,0,0,0,0,0,0,0,0,0,0,0,0,0,0,0,0,0,0,0,0,0,0,0,0
"Anaerolineae",0,0,0,0,0,0,3.36949929240515e-05,0,0,0,0,0,0,0,3.36949929240515e-05,0,0,0,0,0,3.36949929240515e-05,0,0,0,0,0,0,0,0,0,0,0,0,0,3.36949929240515e-05,0,0,0,0,0,0,0,0,0,0,0,0.000101084978772154
"Sneathiellales",0,0,0,0,0,0,0,0,0.000101084978772154,0,0,0,0,0,0,0,0,0,0,0,0,0,0,0,0,0,0,0,0,0,0,0,0,0,0,0,0,0,0,0,0,0,0,0,0,0,0
"JG36-TzT-191",0,0,0,0,0,0,0,0,6.7389985848103e-05,0,0,0,0.000101084978772154,0,0,0,0,0,0,0,0,0,0,0,0,0,0,0,0,0,0,0,0,0,0,0,0,0,0,0,0,0,0,0,0,0,0
"SHA-26",0,0,0,0,0,0,0,0,0.000101084978772154,0,0,0,0,0,0,0,0,0,0,0,0,0,0,0,0,0,0,0,0,0,0,0,0,0,0,0,0,0,0,0,0,0,0,0,0,0,0
"Chlamydiales",0,0,0.000101084978772154,0,0,0,0,0,0,0,0,0,0,0,0,0,0,0,0,0,0,0,0,0,0,0,0,0,0,0,0,0,0,0,0,0,0,0,0,0,0,0,0,0,0,0,0
"Phycisphaerales",0,0,0,0,0,0,0,0,0,0,0,0,0,0,0,0,0.000101084978772154,0,0,0,0,0,0,0,0,0,0,0,0,0,0,0,0,0,0,0,0,0,0,0,0,0,0,0,3.36949929240515e-05,0,0
"Arenicellales",0,0,0,0,0,0,0,0,0,0,0,0,0,0,0,0,0,0,0,0,0,0,0,0,0,0,0,0,0,0,0,0,0,0,0,0,0,0,0,0,0,0,0,0,0,0,0.000101084978772154
"Fibrobacterales",0,0,0.000101084978772154,0,0,0,0,0,0,0,0,0,0,0,0,0,0,0,0,0,0,0,0.000101084978772154,0,0,0,0,0,0,0,0,0,0,0,0,0,0,0,0,0,0,0,0,0,0,0,0
"Thermicanales",0,0,0,0,0,0,0,0,0,0,0,0,0,0,0,0,0,0,0,0,0,0,0,0,0,0,0,0,0,0,0.000101084978772154,0,0,0,0,0,0,0,0,0.000101084978772154,0,0,0,0,0,0,0
"Zixibacteria",0,0,0,0,0,0,0,0,0,0,0,0,0,0,0,0,0,0,0,0,0,0,0,0,0,0,0,0,0,0,0,0,0,0,0,0,0,0,0,0,0,0,0,0,0,0,0.000101084978772154
"FFCH16767",0,0,6.7389985848103e-05,0,0,0,0.000101084978772154,0,0,0,0,0,0,0,0,0,0,0,0,0,0,0,6.7389985848103e-05,0,0,0,0,0,0,0,0,0,0,0,0,0,0,0,0,0,0,0,0,0,0,0,0
"Caldicoprobacterales",0,0,0,0,0,0,0,0,0,0,0,0,0,0,0,0,0,0,0,0,0,0,6.7389985848103e-05,0,0,0,0,0,0,0,0,0,0,0,0,0,0,0,0,0,0,0,0,0,0,0,0
"P2-11E",0,0,3.36949929240515e-05,0,0,0,3.36949929240515e-05,0,0,0,0,0,0,0,0,0,0,0,0,0,0,0,0,0,0,0,0,0,0,0,0,0,0,0,0,0,0,0,0,0,0,0,0,0,6.7389985848103e-05,0,0
"Subgroup_22",0,0,6.7389985848103e-05,0,0,0,0,0,0,0,0,0,0,0,0,0,0,0,0,0,0,0,0,0,0,0,0,0,0,0,0,0,0,0,0,0,0,0,0,0,0,0,0,0,0,0,0
"Gemmatales",0,0,0,0,0,0,0,0,0,0,0,0,0,0,0,0,0,0,0,0,0,0,6.7389985848103e-05,0,0,0,0,0,0,0,0,0,0,0,0,0,0,0,0,0,0,0,0,0,0,0,0
"Cardiobacteriales",0,0,0,0,6.7389985848103e-05,0,0,0,0,0,0,0,0,0,3.36949929240515e-05,0,0,0,0,0,0,0,0,0,0,0,0,0,0,0,0,0,0,0,0,0,0,0,0,0,0,0,0,0,0,0,0
"Bacteriovoracales",0,0,0,0,0,0,0,0,0,0,0,0,0,0,0,3.36949929240515e-05,0,6.7389985848103e-05,0,0,0,0,0,0,0,0,0,0,0,0,0,0,0,0,0,0,0,0,0,0,0,0,0,0,0,0,0
"NB1-j",0,0,6.7389985848103e-05,0,0,0,0,0,0,0,0,0,0,0,0,0,0,0,0,0,0,0,0,0,0,0,0,0,0,0,0,0,0,0,0,0,0,0,0,0,0,0,0,0,0,0,0
"Petrotogales",0,0,0,0,0,0,0,0,0,0,0,0,0,0,0,0,0,0,0,0,0,0,0,0,0,0,0,0,0,0,0,0,0,0,0,0,0,0,0,0,0,0,0,0,0,0,6.7389985848103e-05
"Desulfotomaculales",0,0,0,0,0,0,6.7389985848103e-05,0,0,0,0,0,0,0,0,0,0,0,0,0,0,0,6.7389985848103e-05,0,0,0,0,0,0,0,0,0,0,0,0,0,0,0,0,0,0,0,0,0,0,0,0
"Elusimicrobiales",0,0,0,0,0,0,0,0,0,0,0,0,0,0,0,0,0,0,0,0,0,0,0,0,0,0,0,0,0,0,3.36949929240515e-05,0,0,0,0,0,0,0,0,0,0,0,0,6.7389985848103e-05,0,3.36949929240515e-05,0
"Competibacterales",0,0,0,0,0,0,0,0,0,0,0,0,0,0,0,0,0,0,0,0,0,0,0,0,0,0,0,0,0,0,0,0,6.7389985848103e-05,0,0,0,0,0,0,0,0,0,0,0,0,0,6.7389985848103e-05
"Nitrococcales",0,0,0,0,0,0,0,0,6.7389985848103e-05,0,0,0,0,0,0,0,0,0,0,0,0,0,0,0,0,0,0,0,0,0,0,0,0,0,0,0,0,0,0,0,0,0,0,0,0,0,0
"BRH-c20a",0,0,0,0,0,0,0,0,0,0,0,0,0,0,0,0,0,0,0,0,0,0,0,0,0,0,0,0,0,0,0,0,6.7389985848103e-05,0,0,0,0,0,0,0,0,0,0,0,0,0,0
"Gracilibacteria",0,0,0,0,0,0,0,0,0,0,0,0,0,0,0,0,0,0,0,0,0,0,0,0,0,0,0,0,0,0,0,0,0,0,0,0,0,0,0,0,0,0,0,0,0,0,6.7389985848103e-05
"GIF9",0,0,0,0,0,0,0,0,0,0,0,0,0,0,0,0,0,0,0,0,0,0,0,0,0,0,0,0,0,0,0,0,3.36949929240515e-05,0,0,0,0,0,0,0,0,0,0,0,0,0,3.36949929240515e-05
"Ammonifexales",0,0,3.36949929240515e-05,0,0,0,0,0,0,0,0,0,0,0,0,0,0,0,0,0,0,0,3.36949929240515e-05,0,0,0,0,0,0,0,0,0,0,0,0,0,0,0,0,0,0,0,0,0,0,0,0
"GAL15",0,0,0,0,0,0,0,0,0,0,0,0,0,0,0,0,0,0,0,0,0,0,0,0,0,0,0,0,0,0,3.36949929240515e-05,0,0,0,0,0,0,0,0,0,0,0,0,0,0,0,3.36949929240515e-05
"Others",0.168609744591954,0.0641889615203185,0.11068805175551,0.0249005997708744,0.0450839005323811,0.015331221780444,0.0810364579823446,0.037030797223533,0.155064357436486,0.041916571197521,0.070826875126357,0.145933014354067,0.14852752880922,0.168205404676866,0.0870004717299021,0.0578206078576724,0.171709683940967,0.0613248871217745,0.145596064424827,0.129085517892042,0.171675988948043,0.0653008962868121,0.0828222926073197,0.0661432711099135,0.0994676191117999,0.00953568299750729,0.321955657389313,0.123728014017117,0.0206887256553689,0.0102432778489119,0.0831255475436361,0.511186737650785,0.018667026079926,0.00330210930655761,0.092290585618978,0.113484736168206,0.110047846889953,0.00657052362019039,0.346654087202642,0.256924321045893,0.0849113821686101,0.00461621403059553,0.186299615877081,0.171035784082486,0.0161062066176988,0.00795201833007664,0.175517218141386
