time_hr,OD,enzyme,concentration_ng_ml,concentration_label,replicate,well
0.0,0.1692,V9943,50000.0,50 μg/ml,1,A01
0.5,0.1745,V9943,50000.0,50 μg/ml,1,A01
1.0,0.1939,V9943,50000.0,50 μg/ml,1,A01
1.5,0.2191,V9943,50000.0,50 μg/ml,1,A01
2.0,0.2467,V9943,50000.0,50 μg/ml,1,A01
2.5,0.2776,V9943,50000.0,50 μg/ml,1,A01
3.0,0.3083,V9943,50000.0,50 μg/ml,1,A01
3.5,0.3459,V9943,50000.0,50 μg/ml,1,A01
4.0,0.379,V9943,50000.0,50 μg/ml,1,A01
4.5,0.3998,V9943,50000.0,50 μg/ml,1,A01
5.0,0.4107,V9943,50000.0,50 μg/ml,1,A01
5.5,0.4176,V9943,50000.0,50 μg/ml,1,A01
6.0,0.422,V9943,50000.0,50 μg/ml,1,A01
6.5,0.4262,V9943,50000.0,50 μg/ml,1,A01
7.0,0.4302,V9943,50000.0,50 μg/ml,1,A01
7.5,0.4342,V9943,50000.0,50 μg/ml,1,A01
8.0,0.4411,V9943,50000.0,50 μg/ml,1,A01
8.5,0.446,V9943,50000.0,50 μg/ml,1,A01
9.0,0.4543,V9943,50000.0,50 μg/ml,1,A01
9.5,0.4583,V9943,50000.0,50 μg/ml,1,A01
10.0,0.4677,V9943,50000.0,50 μg/ml,1,A01
10.5,0.4764,V9943,50000.0,50 μg/ml,1,A01
11.0,0.4968,V9943,50000.0,50 μg/ml,1,A01
11.5,0.4845,V9943,50000.0,50 μg/ml,1,A01
12.0,0.4586,V9943,50000.0,50 μg/ml,1,A01
12.5,0.4281,V9943,50000.0,50 μg/ml,1,A01
13.0,0.389,V9943,50000.0,50 μg/ml,1,A01
13.5,0.4266,V9943,50000.0,50 μg/ml,1,A01
14.0,0.5309,V9943,50000.0,50 μg/ml,1,A01
14.5,0.6175,V9943,50000.0,50 μg/ml,1,A01
0.0,0.1687,V9943,5000.0,5 μg/ml,1,A02
0.5,0.175,V9943,5000.0,5 μg/ml,1,A02
1.0,0.1921,V9943,5000.0,5 μg/ml,1,A02
1.5,0.2116,V9943,5000.0,5 μg/ml,1,A02
2.0,0.2418,V9943,5000.0,5 μg/ml,1,A02
2.5,0.2662,V9943,5000.0,5 μg/ml,1,A02
3.0,0.2964,V9943,5000.0,5 μg/ml,1,A02
3.5,0.3284,V9943,5000.0,5 μg/ml,1,A02
4.0,0.3535,V9943,5000.0,5 μg/ml,1,A02
4.5,0.3676,V9943,5000.0,5 μg/ml,1,A02
5.0,0.3736,V9943,5000.0,5 μg/ml,1,A02
5.5,0.3793,V9943,5000.0,5 μg/ml,1,A02
6.0,0.3825,V9943,5000.0,5 μg/ml,1,A02
6.5,0.3852,V9943,5000.0,5 μg/ml,1,A02
7.0,0.3875,V9943,5000.0,5 μg/ml,1,A02
7.5,0.3909,V9943,5000.0,5 μg/ml,1,A02
8.0,0.393,V9943,5000.0,5 μg/ml,1,A02
8.5,0.3971,V9943,5000.0,5 μg/ml,1,A02
9.0,0.4008,V9943,5000.0,5 μg/ml,1,A02
9.5,0.4063,V9943,5000.0,5 μg/ml,1,A02
10.0,0.4116,V9943,5000.0,5 μg/ml,1,A02
10.5,0.4184,V9943,5000.0,5 μg/ml,1,A02
11.0,0.426,V9943,5000.0,5 μg/ml,1,A02
11.5,0.4347,V9943,5000.0,5 μg/ml,1,A02
12.0,0.4452,V9943,5000.0,5 μg/ml,1,A02
12.5,0.4575,V9943,5000.0,5 μg/ml,1,A02
13.0,0.4686,V9943,5000.0,5 μg/ml,1,A02
13.5,0.4776,V9943,5000.0,5 μg/ml,1,A02
14.0,0.4944,V9943,5000.0,5 μg/ml,1,A02
14.5,0.5262,V9943,5000.0,5 μg/ml,1,A02
0.0,0.1624,V9943,500.0,500 ng/ml,1,A03
0.5,0.17,V9943,500.0,500 ng/ml,1,A03
1.0,0.1813,V9943,500.0,500 ng/ml,1,A03
1.5,0.2021,V9943,500.0,500 ng/ml,1,A03
2.0,0.2313,V9943,500.0,500 ng/ml,1,A03
2.5,0.253,V9943,500.0,500 ng/ml,1,A03
3.0,0.2811,V9943,500.0,500 ng/ml,1,A03
3.5,0.3103,V9943,500.0,500 ng/ml,1,A03
4.0,0.335,V9943,500.0,500 ng/ml,1,A03
4.5,0.3493,V9943,500.0,500 ng/ml,1,A03
5.0,0.3553,V9943,500.0,500 ng/ml,1,A03
5.5,0.3608,V9943,500.0,500 ng/ml,1,A03
6.0,0.3652,V9943,500.0,500 ng/ml,1,A03
6.5,0.3687,V9943,500.0,500 ng/ml,1,A03
7.0,0.3725,V9943,500.0,500 ng/ml,1,A03
7.5,0.3767,V9943,500.0,500 ng/ml,1,A03
8.0,0.3809,V9943,500.0,500 ng/ml,1,A03
8.5,0.3851,V9943,500.0,500 ng/ml,1,A03
9.0,0.3899,V9943,500.0,500 ng/ml,1,A03
9.5,0.3957,V9943,500.0,500 ng/ml,1,A03
10.0,0.4013,V9943,500.0,500 ng/ml,1,A03
10.5,0.4078,V9943,500.0,500 ng/ml,1,A03
11.0,0.4172,V9943,500.0,500 ng/ml,1,A03
11.5,0.4254,V9943,500.0,500 ng/ml,1,A03
12.0,0.4355,V9943,500.0,500 ng/ml,1,A03
12.5,0.4489,V9943,500.0,500 ng/ml,1,A03
13.0,0.4618,V9943,500.0,500 ng/ml,1,A03
13.5,0.4781,V9943,500.0,500 ng/ml,1,A03
14.0,0.4905,V9943,500.0,500 ng/ml,1,A03
14.5,0.5038,V9943,500.0,500 ng/ml,1,A03
0.0,0.1692,V9943,50.0,50 ng/ml,1,A04
0.5,0.1771,V9943,50.0,50 ng/ml,1,A04
1.0,0.1933,V9943,50.0,50 ng/ml,1,A04
1.5,0.2184,V9943,50.0,50 ng/ml,1,A04
2.0,0.2484,V9943,50.0,50 ng/ml,1,A04
2.5,0.2707,V9943,50.0,50 ng/ml,1,A04
3.0,0.3015,V9943,50.0,50 ng/ml,1,A04
3.5,0.3303,V9943,50.0,50 ng/ml,1,A04
4.0,0.3553,V9943,50.0,50 ng/ml,1,A04
4.5,0.3682,V9943,50.0,50 ng/ml,1,A04
5.0,0.3747,V9943,50.0,50 ng/ml,1,A04
5.5,0.3791,V9943,50.0,50 ng/ml,1,A04
6.0,0.3818,V9943,50.0,50 ng/ml,1,A04
6.5,0.3855,V9943,50.0,50 ng/ml,1,A04
7.0,0.3898,V9943,50.0,50 ng/ml,1,A04
7.5,0.3928,V9943,50.0,50 ng/ml,1,A04
8.0,0.3968,V9943,50.0,50 ng/ml,1,A04
8.5,0.4005,V9943,50.0,50 ng/ml,1,A04
9.0,0.4046,V9943,50.0,50 ng/ml,1,A04
9.5,0.4075,V9943,50.0,50 ng/ml,1,A04
10.0,0.4128,V9943,50.0,50 ng/ml,1,A04
10.5,0.4181,V9943,50.0,50 ng/ml,1,A04
11.0,0.4234,V9943,50.0,50 ng/ml,1,A04
11.5,0.4314,V9943,50.0,50 ng/ml,1,A04
12.0,0.4403,V9943,50.0,50 ng/ml,1,A04
12.5,0.45,V9943,50.0,50 ng/ml,1,A04
13.0,0.4596,V9943,50.0,50 ng/ml,1,A04
13.5,0.4745,V9943,50.0,50 ng/ml,1,A04
14.0,0.4836,V9943,50.0,50 ng/ml,1,A04
14.5,0.4946,V9943,50.0,50 ng/ml,1,A04
0.0,0.1689,V9943,5.0,5 ng/ml,1,A05
0.5,0.1767,V9943,5.0,5 ng/ml,1,A05
1.0,0.191,V9943,5.0,5 ng/ml,1,A05
1.5,0.2178,V9943,5.0,5 ng/ml,1,A05
2.0,0.2412,V9943,5.0,5 ng/ml,1,A05
2.5,0.2668,V9943,5.0,5 ng/ml,1,A05
3.0,0.2937,V9943,5.0,5 ng/ml,1,A05
3.5,0.3262,V9943,5.0,5 ng/ml,1,A05
4.0,0.3512,V9943,5.0,5 ng/ml,1,A05
4.5,0.3636,V9943,5.0,5 ng/ml,1,A05
5.0,0.3698,V9943,5.0,5 ng/ml,1,A05
5.5,0.3751,V9943,5.0,5 ng/ml,1,A05
6.0,0.3788,V9943,5.0,5 ng/ml,1,A05
6.5,0.3813,V9943,5.0,5 ng/ml,1,A05
7.0,0.3849,V9943,5.0,5 ng/ml,1,A05
7.5,0.3886,V9943,5.0,5 ng/ml,1,A05
8.0,0.3909,V9943,5.0,5 ng/ml,1,A05
8.5,0.3941,V9943,5.0,5 ng/ml,1,A05
9.0,0.3978,V9943,5.0,5 ng/ml,1,A05
9.5,0.4015,V9943,5.0,5 ng/ml,1,A05
10.0,0.4057,V9943,5.0,5 ng/ml,1,A05
10.5,0.4108,V9943,5.0,5 ng/ml,1,A05
11.0,0.416,V9943,5.0,5 ng/ml,1,A05
11.5,0.4227,V9943,5.0,5 ng/ml,1,A05
12.0,0.4304,V9943,5.0,5 ng/ml,1,A05
12.5,0.4394,V9943,5.0,5 ng/ml,1,A05
13.0,0.4499,V9943,5.0,5 ng/ml,1,A05
13.5,0.4609,V9943,5.0,5 ng/ml,1,A05
14.0,0.4725,V9943,5.0,5 ng/ml,1,A05
14.5,0.4844,V9943,5.0,5 ng/ml,1,A05
0.0,0.1747,V9943,0.0,0 (对照),1,A06
0.5,0.181,V9943,0.0,0 (对照),1,A06
1.0,0.195,V9943,0.0,0 (对照),1,A06
1.5,0.2169,V9943,0.0,0 (对照),1,A06
2.0,0.2431,V9943,0.0,0 (对照),1,A06
2.5,0.2683,V9943,0.0,0 (对照),1,A06
3.0,0.2942,V9943,0.0,0 (对照),1,A06
3.5,0.3267,V9943,0.0,0 (对照),1,A06
4.0,0.35,V9943,0.0,0 (对照),1,A06
4.5,0.3618,V9943,0.0,0 (对照),1,A06
5.0,0.3688,V9943,0.0,0 (对照),1,A06
5.5,0.3717,V9943,0.0,0 (对照),1,A06
6.0,0.3746,V9943,0.0,0 (对照),1,A06
6.5,0.377,V9943,0.0,0 (对照),1,A06
7.0,0.3798,V9943,0.0,0 (对照),1,A06
7.5,0.3828,V9943,0.0,0 (对照),1,A06
8.0,0.3862,V9943,0.0,0 (对照),1,A06
8.5,0.3893,V9943,0.0,0 (对照),1,A06
9.0,0.3933,V9943,0.0,0 (对照),1,A06
9.5,0.3962,V9943,0.0,0 (对照),1,A06
10.0,0.4004,V9943,0.0,0 (对照),1,A06
10.5,0.4044,V9943,0.0,0 (对照),1,A06
11.0,0.4092,V9943,0.0,0 (对照),1,A06
11.5,0.4147,V9943,0.0,0 (对照),1,A06
12.0,0.4214,V9943,0.0,0 (对照),1,A06
12.5,0.4287,V9943,0.0,0 (对照),1,A06
13.0,0.4366,V9943,0.0,0 (对照),1,A06
13.5,0.4473,V9943,0.0,0 (对照),1,A06
14.0,0.4577,V9943,0.0,0 (对照),1,A06
14.5,0.4696,V9943,0.0,0 (对照),1,A06
0.0,0.168,V261,50000.0,50 μg/ml,1,A07
0.5,0.1756,V261,50000.0,50 μg/ml,1,A07
1.0,0.1925,V261,50000.0,50 μg/ml,1,A07
1.5,0.2128,V261,50000.0,50 μg/ml,1,A07
2.0,0.2371,V261,50000.0,50 μg/ml,1,A07
2.5,0.266,V261,50000.0,50 μg/ml,1,A07
3.0,0.2964,V261,50000.0,50 μg/ml,1,A07
3.5,0.3258,V261,50000.0,50 μg/ml,1,A07
4.0,0.3574,V261,50000.0,50 μg/ml,1,A07
4.5,0.381,V261,50000.0,50 μg/ml,1,A07
5.0,0.3932,V261,50000.0,50 μg/ml,1,A07
5.5,0.3982,V261,50000.0,50 μg/ml,1,A07
6.0,0.4007,V261,50000.0,50 μg/ml,1,A07
6.5,0.4041,V261,50000.0,50 μg/ml,1,A07
7.0,0.4061,V261,50000.0,50 μg/ml,1,A07
7.5,0.4087,V261,50000.0,50 μg/ml,1,A07
8.0,0.4114,V261,50000.0,50 μg/ml,1,A07
8.5,0.4141,V261,50000.0,50 μg/ml,1,A07
9.0,0.4181,V261,50000.0,50 μg/ml,1,A07
9.5,0.4216,V261,50000.0,50 μg/ml,1,A07
10.0,0.4266,V261,50000.0,50 μg/ml,1,A07
10.5,0.4309,V261,50000.0,50 μg/ml,1,A07
11.0,0.4363,V261,50000.0,50 μg/ml,1,A07
11.5,0.4435,V261,50000.0,50 μg/ml,1,A07
12.0,0.4513,V261,50000.0,50 μg/ml,1,A07
12.5,0.4602,V261,50000.0,50 μg/ml,1,A07
13.0,0.4703,V261,50000.0,50 μg/ml,1,A07
13.5,0.4828,V261,50000.0,50 μg/ml,1,A07
14.0,0.4971,V261,50000.0,50 μg/ml,1,A07
14.5,0.5151,V261,50000.0,50 μg/ml,1,A07
0.0,0.1652,V261,5000.0,5 μg/ml,1,A08
0.5,0.1703,V261,5000.0,5 μg/ml,1,A08
1.0,0.1847,V261,5000.0,5 μg/ml,1,A08
1.5,0.2067,V261,5000.0,5 μg/ml,1,A08
2.0,0.2349,V261,5000.0,5 μg/ml,1,A08
2.5,0.2619,V261,5000.0,5 μg/ml,1,A08
3.0,0.2892,V261,5000.0,5 μg/ml,1,A08
3.5,0.321,V261,5000.0,5 μg/ml,1,A08
4.0,0.3464,V261,5000.0,5 μg/ml,1,A08
4.5,0.3585,V261,5000.0,5 μg/ml,1,A08
5.0,0.3649,V261,5000.0,5 μg/ml,1,A08
5.5,0.3682,V261,5000.0,5 μg/ml,1,A08
6.0,0.3707,V261,5000.0,5 μg/ml,1,A08
6.5,0.3743,V261,5000.0,5 μg/ml,1,A08
7.0,0.3776,V261,5000.0,5 μg/ml,1,A08
7.5,0.3803,V261,5000.0,5 μg/ml,1,A08
8.0,0.383,V261,5000.0,5 μg/ml,1,A08
8.5,0.3855,V261,5000.0,5 μg/ml,1,A08
9.0,0.3884,V261,5000.0,5 μg/ml,1,A08
9.5,0.3914,V261,5000.0,5 μg/ml,1,A08
10.0,0.3948,V261,5000.0,5 μg/ml,1,A08
10.5,0.3985,V261,5000.0,5 μg/ml,1,A08
11.0,0.4028,V261,5000.0,5 μg/ml,1,A08
11.5,0.4081,V261,5000.0,5 μg/ml,1,A08
12.0,0.4144,V261,5000.0,5 μg/ml,1,A08
12.5,0.4206,V261,5000.0,5 μg/ml,1,A08
13.0,0.428,V261,5000.0,5 μg/ml,1,A08
13.5,0.4367,V261,5000.0,5 μg/ml,1,A08
14.0,0.4446,V261,5000.0,5 μg/ml,1,A08
14.5,0.4559,V261,5000.0,5 μg/ml,1,A08
0.0,0.1663,V261,500.0,500 ng/ml,1,A09
0.5,0.1706,V261,500.0,500 ng/ml,1,A09
1.0,0.1848,V261,500.0,500 ng/ml,1,A09
1.5,0.2073,V261,500.0,500 ng/ml,1,A09
2.0,0.2309,V261,500.0,500 ng/ml,1,A09
2.5,0.2539,V261,500.0,500 ng/ml,1,A09
3.0,0.2852,V261,500.0,500 ng/ml,1,A09
3.5,0.3135,V261,500.0,500 ng/ml,1,A09
4.0,0.3387,V261,500.0,500 ng/ml,1,A09
4.5,0.3502,V261,500.0,500 ng/ml,1,A09
5.0,0.3563,V261,500.0,500 ng/ml,1,A09
5.5,0.3594,V261,500.0,500 ng/ml,1,A09
6.0,0.3623,V261,500.0,500 ng/ml,1,A09
6.5,0.3659,V261,500.0,500 ng/ml,1,A09
7.0,0.3689,V261,500.0,500 ng/ml,1,A09
7.5,0.3722,V261,500.0,500 ng/ml,1,A09
8.0,0.3741,V261,500.0,500 ng/ml,1,A09
8.5,0.3772,V261,500.0,500 ng/ml,1,A09
9.0,0.3801,V261,500.0,500 ng/ml,1,A09
9.5,0.383,V261,500.0,500 ng/ml,1,A09
10.0,0.387,V261,500.0,500 ng/ml,1,A09
10.5,0.3901,V261,500.0,500 ng/ml,1,A09
11.0,0.3944,V261,500.0,500 ng/ml,1,A09
11.5,0.401,V261,500.0,500 ng/ml,1,A09
12.0,0.4055,V261,500.0,500 ng/ml,1,A09
12.5,0.4116,V261,500.0,500 ng/ml,1,A09
13.0,0.4179,V261,500.0,500 ng/ml,1,A09
13.5,0.4259,V261,500.0,500 ng/ml,1,A09
14.0,0.4343,V261,500.0,500 ng/ml,1,A09
14.5,0.4454,V261,500.0,500 ng/ml,1,A09
0.0,0.1667,V261,50.0,50 ng/ml,1,A10
0.5,0.1756,V261,50.0,50 ng/ml,1,A10
1.0,0.1906,V261,50.0,50 ng/ml,1,A10
1.5,0.2122,V261,50.0,50 ng/ml,1,A10
2.0,0.2384,V261,50.0,50 ng/ml,1,A10
2.5,0.2635,V261,50.0,50 ng/ml,1,A10
3.0,0.2936,V261,50.0,50 ng/ml,1,A10
3.5,0.3185,V261,50.0,50 ng/ml,1,A10
4.0,0.3407,V261,50.0,50 ng/ml,1,A10
4.5,0.3527,V261,50.0,50 ng/ml,1,A10
5.0,0.3581,V261,50.0,50 ng/ml,1,A10
5.5,0.3612,V261,50.0,50 ng/ml,1,A10
6.0,0.3635,V261,50.0,50 ng/ml,1,A10
6.5,0.3665,V261,50.0,50 ng/ml,1,A10
7.0,0.3699,V261,50.0,50 ng/ml,1,A10
7.5,0.3734,V261,50.0,50 ng/ml,1,A10
8.0,0.3757,V261,50.0,50 ng/ml,1,A10
8.5,0.3785,V261,50.0,50 ng/ml,1,A10
9.0,0.3817,V261,50.0,50 ng/ml,1,A10
9.5,0.3853,V261,50.0,50 ng/ml,1,A10
10.0,0.3881,V261,50.0,50 ng/ml,1,A10
10.5,0.3905,V261,50.0,50 ng/ml,1,A10
11.0,0.3933,V261,50.0,50 ng/ml,1,A10
11.5,0.3965,V261,50.0,50 ng/ml,1,A10
12.0,0.4019,V261,50.0,50 ng/ml,1,A10
12.5,0.4077,V261,50.0,50 ng/ml,1,A10
13.0,0.4135,V261,50.0,50 ng/ml,1,A10
13.5,0.4209,V261,50.0,50 ng/ml,1,A10
14.0,0.429,V261,50.0,50 ng/ml,1,A10
14.5,0.4368,V261,50.0,50 ng/ml,1,A10
0.0,0.1725,V261,5.0,5 ng/ml,1,A11
0.5,0.1716,V261,5.0,5 ng/ml,1,A11
1.0,0.1874,V261,5.0,5 ng/ml,1,A11
1.5,0.211,V261,5.0,5 ng/ml,1,A11
2.0,0.2363,V261,5.0,5 ng/ml,1,A11
2.5,0.265,V261,5.0,5 ng/ml,1,A11
3.0,0.2939,V261,5.0,5 ng/ml,1,A11
3.5,0.323,V261,5.0,5 ng/ml,1,A11
4.0,0.347,V261,5.0,5 ng/ml,1,A11
4.5,0.3604,V261,5.0,5 ng/ml,1,A11
5.0,0.3638,V261,5.0,5 ng/ml,1,A11
5.5,0.3691,V261,5.0,5 ng/ml,1,A11
6.0,0.3721,V261,5.0,5 ng/ml,1,A11
6.5,0.3745,V261,5.0,5 ng/ml,1,A11
7.0,0.3778,V261,5.0,5 ng/ml,1,A11
7.5,0.381,V261,5.0,5 ng/ml,1,A11
8.0,0.3843,V261,5.0,5 ng/ml,1,A11
8.5,0.3866,V261,5.0,5 ng/ml,1,A11
9.0,0.3894,V261,5.0,5 ng/ml,1,A11
9.5,0.3918,V261,5.0,5 ng/ml,1,A11
10.0,0.3952,V261,5.0,5 ng/ml,1,A11
10.5,0.3982,V261,5.0,5 ng/ml,1,A11
11.0,0.4021,V261,5.0,5 ng/ml,1,A11
11.5,0.4073,V261,5.0,5 ng/ml,1,A11
12.0,0.4113,V261,5.0,5 ng/ml,1,A11
12.5,0.4157,V261,5.0,5 ng/ml,1,A11
13.0,0.4213,V261,5.0,5 ng/ml,1,A11
13.5,0.4279,V261,5.0,5 ng/ml,1,A11
14.0,0.4349,V261,5.0,5 ng/ml,1,A11
14.5,0.4429,V261,5.0,5 ng/ml,1,A11
0.0,0.17,V261,0.0,0 (对照),1,A12
0.5,0.1797,V261,0.0,0 (对照),1,A12
1.0,0.1939,V261,0.0,0 (对照),1,A12
1.5,0.2175,V261,0.0,0 (对照),1,A12
2.0,0.2459,V261,0.0,0 (对照),1,A12
2.5,0.271,V261,0.0,0 (对照),1,A12
3.0,0.2971,V261,0.0,0 (对照),1,A12
3.5,0.3273,V261,0.0,0 (对照),1,A12
4.0,0.3501,V261,0.0,0 (对照),1,A12
4.5,0.3619,V261,0.0,0 (对照),1,A12
5.0,0.3674,V261,0.0,0 (对照),1,A12
5.5,0.3711,V261,0.0,0 (对照),1,A12
6.0,0.3737,V261,0.0,0 (对照),1,A12
6.5,0.3766,V261,0.0,0 (对照),1,A12
7.0,0.3791,V261,0.0,0 (对照),1,A12
7.5,0.3826,V261,0.0,0 (对照),1,A12
8.0,0.3848,V261,0.0,0 (对照),1,A12
8.5,0.3877,V261,0.0,0 (对照),1,A12
9.0,0.3911,V261,0.0,0 (对照),1,A12
9.5,0.394,V261,0.0,0 (对照),1,A12
10.0,0.3979,V261,0.0,0 (对照),1,A12
10.5,0.4025,V261,0.0,0 (对照),1,A12
11.0,0.4068,V261,0.0,0 (对照),1,A12
11.5,0.412,V261,0.0,0 (对照),1,A12
12.0,0.4181,V261,0.0,0 (对照),1,A12
12.5,0.4251,V261,0.0,0 (对照),1,A12
13.0,0.433,V261,0.0,0 (对照),1,A12
13.5,0.4413,V261,0.0,0 (对照),1,A12
14.0,0.4497,V261,0.0,0 (对照),1,A12
14.5,0.4613,V261,0.0,0 (对照),1,A12
0.0,0.168,V9943,50000.0,50 μg/ml,2,B01
0.5,0.1724,V9943,50000.0,50 μg/ml,2,B01
1.0,0.1852,V9943,50000.0,50 μg/ml,2,B01
1.5,0.2078,V9943,50000.0,50 μg/ml,2,B01
2.0,0.2406,V9943,50000.0,50 μg/ml,2,B01
2.5,0.2647,V9943,50000.0,50 μg/ml,2,B01
3.0,0.2947,V9943,50000.0,50 μg/ml,2,B01
3.5,0.3256,V9943,50000.0,50 μg/ml,2,B01
4.0,0.3564,V9943,50000.0,50 μg/ml,2,B01
4.5,0.3757,V9943,50000.0,50 μg/ml,2,B01
5.0,0.3849,V9943,50000.0,50 μg/ml,2,B01
5.5,0.3905,V9943,50000.0,50 μg/ml,2,B01
6.0,0.3944,V9943,50000.0,50 μg/ml,2,B01
6.5,0.3974,V9943,50000.0,50 μg/ml,2,B01
7.0,0.4005,V9943,50000.0,50 μg/ml,2,B01
7.5,0.404,V9943,50000.0,50 μg/ml,2,B01
8.0,0.4063,V9943,50000.0,50 μg/ml,2,B01
8.5,0.4094,V9943,50000.0,50 μg/ml,2,B01
9.0,0.4128,V9943,50000.0,50 μg/ml,2,B01
9.5,0.4161,V9943,50000.0,50 μg/ml,2,B01
10.0,0.4209,V9943,50000.0,50 μg/ml,2,B01
10.5,0.4257,V9943,50000.0,50 μg/ml,2,B01
11.0,0.4312,V9943,50000.0,50 μg/ml,2,B01
11.5,0.4372,V9943,50000.0,50 μg/ml,2,B01
12.0,0.444,V9943,50000.0,50 μg/ml,2,B01
12.5,0.4511,V9943,50000.0,50 μg/ml,2,B01
13.0,0.4601,V9943,50000.0,50 μg/ml,2,B01
13.5,0.4711,V9943,50000.0,50 μg/ml,2,B01
14.0,0.4871,V9943,50000.0,50 μg/ml,2,B01
14.5,0.4984,V9943,50000.0,50 μg/ml,2,B01
0.0,0.1702,V9943,5000.0,5 μg/ml,2,B02
0.5,0.1768,V9943,5000.0,5 μg/ml,2,B02
1.0,0.1938,V9943,5000.0,5 μg/ml,2,B02
1.5,0.2192,V9943,5000.0,5 μg/ml,2,B02
2.0,0.243,V9943,5000.0,5 μg/ml,2,B02
2.5,0.2663,V9943,5000.0,5 μg/ml,2,B02
3.0,0.2927,V9943,5000.0,5 μg/ml,2,B02
3.5,0.3208,V9943,5000.0,5 μg/ml,2,B02
4.0,0.3445,V9943,5000.0,5 μg/ml,2,B02
4.5,0.3596,V9943,5000.0,5 μg/ml,2,B02
5.0,0.3653,V9943,5000.0,5 μg/ml,2,B02
5.5,0.3674,V9943,5000.0,5 μg/ml,2,B02
6.0,0.3711,V9943,5000.0,5 μg/ml,2,B02
6.5,0.3747,V9943,5000.0,5 μg/ml,2,B02
7.0,0.3786,V9943,5000.0,5 μg/ml,2,B02
7.5,0.3813,V9943,5000.0,5 μg/ml,2,B02
8.0,0.3854,V9943,5000.0,5 μg/ml,2,B02
8.5,0.3873,V9943,5000.0,5 μg/ml,2,B02
9.0,0.3902,V9943,5000.0,5 μg/ml,2,B02
9.5,0.3933,V9943,5000.0,5 μg/ml,2,B02
10.0,0.3964,V9943,5000.0,5 μg/ml,2,B02
10.5,0.3992,V9943,5000.0,5 μg/ml,2,B02
11.0,0.4029,V9943,5000.0,5 μg/ml,2,B02
11.5,0.4061,V9943,5000.0,5 μg/ml,2,B02
12.0,0.4097,V9943,5000.0,5 μg/ml,2,B02
12.5,0.4136,V9943,5000.0,5 μg/ml,2,B02
13.0,0.4178,V9943,5000.0,5 μg/ml,2,B02
13.5,0.4219,V9943,5000.0,5 μg/ml,2,B02
14.0,0.426,V9943,5000.0,5 μg/ml,2,B02
14.5,0.4312,V9943,5000.0,5 μg/ml,2,B02
0.0,0.1691,V9943,500.0,500 ng/ml,2,B03
0.5,0.1738,V9943,500.0,500 ng/ml,2,B03
1.0,0.1922,V9943,500.0,500 ng/ml,2,B03
1.5,0.2166,V9943,500.0,500 ng/ml,2,B03
2.0,0.2417,V9943,500.0,500 ng/ml,2,B03
2.5,0.2669,V9943,500.0,500 ng/ml,2,B03
3.0,0.2901,V9943,500.0,500 ng/ml,2,B03
3.5,0.3155,V9943,500.0,500 ng/ml,2,B03
4.0,0.3381,V9943,500.0,500 ng/ml,2,B03
4.5,0.3518,V9943,500.0,500 ng/ml,2,B03
5.0,0.3579,V9943,500.0,500 ng/ml,2,B03
5.5,0.3607,V9943,500.0,500 ng/ml,2,B03
6.0,0.3642,V9943,500.0,500 ng/ml,2,B03
6.5,0.3674,V9943,500.0,500 ng/ml,2,B03
7.0,0.3706,V9943,500.0,500 ng/ml,2,B03
7.5,0.373,V9943,500.0,500 ng/ml,2,B03
8.0,0.3763,V9943,500.0,500 ng/ml,2,B03
8.5,0.3789,V9943,500.0,500 ng/ml,2,B03
9.0,0.3826,V9943,500.0,500 ng/ml,2,B03
9.5,0.3847,V9943,500.0,500 ng/ml,2,B03
10.0,0.3888,V9943,500.0,500 ng/ml,2,B03
10.5,0.3914,V9943,500.0,500 ng/ml,2,B03
11.0,0.3952,V9943,500.0,500 ng/ml,2,B03
11.5,0.3985,V9943,500.0,500 ng/ml,2,B03
12.0,0.4018,V9943,500.0,500 ng/ml,2,B03
12.5,0.4051,V9943,500.0,500 ng/ml,2,B03
13.0,0.4105,V9943,500.0,500 ng/ml,2,B03
13.5,0.4147,V9943,500.0,500 ng/ml,2,B03
14.0,0.419,V9943,500.0,500 ng/ml,2,B03
14.5,0.4239,V9943,500.0,500 ng/ml,2,B03
0.0,0.1672,V9943,50.0,50 ng/ml,2,B04
0.5,0.1717,V9943,50.0,50 ng/ml,2,B04
1.0,0.1865,V9943,50.0,50 ng/ml,2,B04
1.5,0.212,V9943,50.0,50 ng/ml,2,B04
2.0,0.2375,V9943,50.0,50 ng/ml,2,B04
2.5,0.2669,V9943,50.0,50 ng/ml,2,B04
3.0,0.2874,V9943,50.0,50 ng/ml,2,B04
3.5,0.3115,V9943,50.0,50 ng/ml,2,B04
4.0,0.3345,V9943,50.0,50 ng/ml,2,B04
4.5,0.348,V9943,50.0,50 ng/ml,2,B04
5.0,0.354,V9943,50.0,50 ng/ml,2,B04
5.5,0.356,V9943,50.0,50 ng/ml,2,B04
6.0,0.3596,V9943,50.0,50 ng/ml,2,B04
6.5,0.3618,V9943,50.0,50 ng/ml,2,B04
7.0,0.364,V9943,50.0,50 ng/ml,2,B04
7.5,0.3674,V9943,50.0,50 ng/ml,2,B04
8.0,0.3707,V9943,50.0,50 ng/ml,2,B04
8.5,0.3743,V9943,50.0,50 ng/ml,2,B04
9.0,0.3781,V9943,50.0,50 ng/ml,2,B04
9.5,0.3809,V9943,50.0,50 ng/ml,2,B04
10.0,0.3841,V9943,50.0,50 ng/ml,2,B04
10.5,0.3869,V9943,50.0,50 ng/ml,2,B04
11.0,0.3903,V9943,50.0,50 ng/ml,2,B04
11.5,0.3941,V9943,50.0,50 ng/ml,2,B04
12.0,0.3982,V9943,50.0,50 ng/ml,2,B04
12.5,0.4021,V9943,50.0,50 ng/ml,2,B04
13.0,0.4062,V9943,50.0,50 ng/ml,2,B04
13.5,0.4105,V9943,50.0,50 ng/ml,2,B04
14.0,0.4145,V9943,50.0,50 ng/ml,2,B04
14.5,0.4192,V9943,50.0,50 ng/ml,2,B04
0.0,0.1679,V9943,5.0,5 ng/ml,2,B05
0.5,0.172,V9943,5.0,5 ng/ml,2,B05
1.0,0.1893,V9943,5.0,5 ng/ml,2,B05
1.5,0.2117,V9943,5.0,5 ng/ml,2,B05
2.0,0.2393,V9943,5.0,5 ng/ml,2,B05
2.5,0.2694,V9943,5.0,5 ng/ml,2,B05
3.0,0.2924,V9943,5.0,5 ng/ml,2,B05
3.5,0.3197,V9943,5.0,5 ng/ml,2,B05
4.0,0.3447,V9943,5.0,5 ng/ml,2,B05
4.5,0.3573,V9943,5.0,5 ng/ml,2,B05
5.0,0.3637,V9943,5.0,5 ng/ml,2,B05
5.5,0.3653,V9943,5.0,5 ng/ml,2,B05
6.0,0.3688,V9943,5.0,5 ng/ml,2,B05
6.5,0.3706,V9943,5.0,5 ng/ml,2,B05
7.0,0.3719,V9943,5.0,5 ng/ml,2,B05
7.5,0.3757,V9943,5.0,5 ng/ml,2,B05
8.0,0.378,V9943,5.0,5 ng/ml,2,B05
8.5,0.3801,V9943,5.0,5 ng/ml,2,B05
9.0,0.3835,V9943,5.0,5 ng/ml,2,B05
9.5,0.3859,V9943,5.0,5 ng/ml,2,B05
10.0,0.3887,V9943,5.0,5 ng/ml,2,B05
10.5,0.3922,V9943,5.0,5 ng/ml,2,B05
11.0,0.3943,V9943,5.0,5 ng/ml,2,B05
11.5,0.3982,V9943,5.0,5 ng/ml,2,B05
12.0,0.4016,V9943,5.0,5 ng/ml,2,B05
12.5,0.4047,V9943,5.0,5 ng/ml,2,B05
13.0,0.4101,V9943,5.0,5 ng/ml,2,B05
13.5,0.4132,V9943,5.0,5 ng/ml,2,B05
14.0,0.4177,V9943,5.0,5 ng/ml,2,B05
14.5,0.4227,V9943,5.0,5 ng/ml,2,B05
0.0,0.1678,V9943,0.0,0 (对照),2,B06
0.5,0.1764,V9943,0.0,0 (对照),2,B06
1.0,0.1923,V9943,0.0,0 (对照),2,B06
1.5,0.2143,V9943,0.0,0 (对照),2,B06
2.0,0.2405,V9943,0.0,0 (对照),2,B06
2.5,0.2688,V9943,0.0,0 (对照),2,B06
3.0,0.2929,V9943,0.0,0 (对照),2,B06
3.5,0.3193,V9943,0.0,0 (对照),2,B06
4.0,0.3435,V9943,0.0,0 (对照),2,B06
4.5,0.3582,V9943,0.0,0 (对照),2,B06
5.0,0.3652,V9943,0.0,0 (对照),2,B06
5.5,0.3667,V9943,0.0,0 (对照),2,B06
6.0,0.3699,V9943,0.0,0 (对照),2,B06
6.5,0.3729,V9943,0.0,0 (对照),2,B06
7.0,0.3755,V9943,0.0,0 (对照),2,B06
7.5,0.3766,V9943,0.0,0 (对照),2,B06
8.0,0.3795,V9943,0.0,0 (对照),2,B06
8.5,0.3824,V9943,0.0,0 (对照),2,B06
9.0,0.3842,V9943,0.0,0 (对照),2,B06
9.5,0.3865,V9943,0.0,0 (对照),2,B06
10.0,0.3897,V9943,0.0,0 (对照),2,B06
10.5,0.3918,V9943,0.0,0 (对照),2,B06
11.0,0.3952,V9943,0.0,0 (对照),2,B06
11.5,0.3977,V9943,0.0,0 (对照),2,B06
12.0,0.402,V9943,0.0,0 (对照),2,B06
12.5,0.4054,V9943,0.0,0 (对照),2,B06
13.0,0.4098,V9943,0.0,0 (对照),2,B06
13.5,0.4138,V9943,0.0,0 (对照),2,B06
14.0,0.4167,V9943,0.0,0 (对照),2,B06
14.5,0.4205,V9943,0.0,0 (对照),2,B06
0.0,0.1658,V261,50000.0,50 μg/ml,2,B07
0.5,0.1717,V261,50000.0,50 μg/ml,2,B07
1.0,0.1882,V261,50000.0,50 μg/ml,2,B07
1.5,0.214,V261,50000.0,50 μg/ml,2,B07
2.0,0.2473,V261,50000.0,50 μg/ml,2,B07
2.5,0.2695,V261,50000.0,50 μg/ml,2,B07
3.0,0.299,V261,50000.0,50 μg/ml,2,B07
3.5,0.3267,V261,50000.0,50 μg/ml,2,B07
4.0,0.3577,V261,50000.0,50 μg/ml,2,B07
4.5,0.3824,V261,50000.0,50 μg/ml,2,B07
5.0,0.3963,V261,50000.0,50 μg/ml,2,B07
5.5,0.4044,V261,50000.0,50 μg/ml,2,B07
6.0,0.4075,V261,50000.0,50 μg/ml,2,B07
6.5,0.41,V261,50000.0,50 μg/ml,2,B07
7.0,0.4116,V261,50000.0,50 μg/ml,2,B07
7.5,0.4139,V261,50000.0,50 μg/ml,2,B07
8.0,0.4158,V261,50000.0,50 μg/ml,2,B07
8.5,0.4173,V261,50000.0,50 μg/ml,2,B07
9.0,0.4198,V261,50000.0,50 μg/ml,2,B07
9.5,0.4224,V261,50000.0,50 μg/ml,2,B07
10.0,0.4257,V261,50000.0,50 μg/ml,2,B07
10.5,0.4284,V261,50000.0,50 μg/ml,2,B07
11.0,0.4325,V261,50000.0,50 μg/ml,2,B07
11.5,0.4353,V261,50000.0,50 μg/ml,2,B07
12.0,0.4392,V261,50000.0,50 μg/ml,2,B07
12.5,0.4429,V261,50000.0,50 μg/ml,2,B07
13.0,0.4478,V261,50000.0,50 μg/ml,2,B07
13.5,0.4523,V261,50000.0,50 μg/ml,2,B07
14.0,0.4561,V261,50000.0,50 μg/ml,2,B07
14.5,0.4607,V261,50000.0,50 μg/ml,2,B07
0.0,0.1673,V261,5000.0,5 μg/ml,2,B08
0.5,0.1716,V261,5000.0,5 μg/ml,2,B08
1.0,0.1881,V261,5000.0,5 μg/ml,2,B08
1.5,0.2145,V261,5000.0,5 μg/ml,2,B08
2.0,0.2433,V261,5000.0,5 μg/ml,2,B08
2.5,0.2693,V261,5000.0,5 μg/ml,2,B08
3.0,0.2941,V261,5000.0,5 μg/ml,2,B08
3.5,0.3247,V261,5000.0,5 μg/ml,2,B08
4.0,0.349,V261,5000.0,5 μg/ml,2,B08
4.5,0.3628,V261,5000.0,5 μg/ml,2,B08
5.0,0.3696,V261,5000.0,5 μg/ml,2,B08
5.5,0.3725,V261,5000.0,5 μg/ml,2,B08
6.0,0.374,V261,5000.0,5 μg/ml,2,B08
6.5,0.3756,V261,5000.0,5 μg/ml,2,B08
7.0,0.3781,V261,5000.0,5 μg/ml,2,B08
7.5,0.3806,V261,5000.0,5 μg/ml,2,B08
8.0,0.3826,V261,5000.0,5 μg/ml,2,B08
8.5,0.3856,V261,5000.0,5 μg/ml,2,B08
9.0,0.3877,V261,5000.0,5 μg/ml,2,B08
9.5,0.3899,V261,5000.0,5 μg/ml,2,B08
10.0,0.394,V261,5000.0,5 μg/ml,2,B08
10.5,0.3961,V261,5000.0,5 μg/ml,2,B08
11.0,0.3991,V261,5000.0,5 μg/ml,2,B08
11.5,0.4019,V261,5000.0,5 μg/ml,2,B08
12.0,0.4058,V261,5000.0,5 μg/ml,2,B08
12.5,0.4093,V261,5000.0,5 μg/ml,2,B08
13.0,0.4129,V261,5000.0,5 μg/ml,2,B08
13.5,0.4166,V261,5000.0,5 μg/ml,2,B08
14.0,0.4204,V261,5000.0,5 μg/ml,2,B08
14.5,0.4251,V261,5000.0,5 μg/ml,2,B08
0.0,0.171,V261,500.0,500 ng/ml,2,B09
0.5,0.1805,V261,500.0,500 ng/ml,2,B09
1.0,0.1959,V261,500.0,500 ng/ml,2,B09
1.5,0.2237,V261,500.0,500 ng/ml,2,B09
2.0,0.2507,V261,500.0,500 ng/ml,2,B09
2.5,0.2807,V261,500.0,500 ng/ml,2,B09
3.0,0.3049,V261,500.0,500 ng/ml,2,B09
3.5,0.3316,V261,500.0,500 ng/ml,2,B09
4.0,0.353,V261,500.0,500 ng/ml,2,B09
4.5,0.3685,V261,500.0,500 ng/ml,2,B09
5.0,0.3725,V261,500.0,500 ng/ml,2,B09
5.5,0.3759,V261,500.0,500 ng/ml,2,B09
6.0,0.3782,V261,500.0,500 ng/ml,2,B09
6.5,0.3799,V261,500.0,500 ng/ml,2,B09
7.0,0.3814,V261,500.0,500 ng/ml,2,B09
7.5,0.3831,V261,500.0,500 ng/ml,2,B09
8.0,0.3856,V261,500.0,500 ng/ml,2,B09
8.5,0.3885,V261,500.0,500 ng/ml,2,B09
9.0,0.3914,V261,500.0,500 ng/ml,2,B09
9.5,0.3943,V261,500.0,500 ng/ml,2,B09
10.0,0.3974,V261,500.0,500 ng/ml,2,B09
10.5,0.4,V261,500.0,500 ng/ml,2,B09
11.0,0.4035,V261,500.0,500 ng/ml,2,B09
11.5,0.4072,V261,500.0,500 ng/ml,2,B09
12.0,0.4111,V261,500.0,500 ng/ml,2,B09
12.5,0.415,V261,500.0,500 ng/ml,2,B09
13.0,0.4193,V261,500.0,500 ng/ml,2,B09
13.5,0.4231,V261,500.0,500 ng/ml,2,B09
14.0,0.4273,V261,500.0,500 ng/ml,2,B09
14.5,0.4301,V261,500.0,500 ng/ml,2,B09
0.0,0.1676,V261,50.0,50 ng/ml,2,B10
0.5,0.1741,V261,50.0,50 ng/ml,2,B10
1.0,0.195,V261,50.0,50 ng/ml,2,B10
1.5,0.2182,V261,50.0,50 ng/ml,2,B10
2.0,0.2471,V261,50.0,50 ng/ml,2,B10
2.5,0.2712,V261,50.0,50 ng/ml,2,B10
3.0,0.2995,V261,50.0,50 ng/ml,2,B10
3.5,0.3271,V261,50.0,50 ng/ml,2,B10
4.0,0.3508,V261,50.0,50 ng/ml,2,B10
4.5,0.3648,V261,50.0,50 ng/ml,2,B10
5.0,0.37,V261,50.0,50 ng/ml,2,B10
5.5,0.3731,V261,50.0,50 ng/ml,2,B10
6.0,0.375,V261,50.0,50 ng/ml,2,B10
6.5,0.3769,V261,50.0,50 ng/ml,2,B10
7.0,0.379,V261,50.0,50 ng/ml,2,B10
7.5,0.3808,V261,50.0,50 ng/ml,2,B10
8.0,0.3829,V261,50.0,50 ng/ml,2,B10
8.5,0.385,V261,50.0,50 ng/ml,2,B10
9.0,0.3879,V261,50.0,50 ng/ml,2,B10
9.5,0.3908,V261,50.0,50 ng/ml,2,B10
10.0,0.394,V261,50.0,50 ng/ml,2,B10
10.5,0.3962,V261,50.0,50 ng/ml,2,B10
11.0,0.3992,V261,50.0,50 ng/ml,2,B10
11.5,0.4032,V261,50.0,50 ng/ml,2,B10
12.0,0.407,V261,50.0,50 ng/ml,2,B10
12.5,0.4115,V261,50.0,50 ng/ml,2,B10
13.0,0.4143,V261,50.0,50 ng/ml,2,B10
13.5,0.4186,V261,50.0,50 ng/ml,2,B10
14.0,0.4218,V261,50.0,50 ng/ml,2,B10
14.5,0.4261,V261,50.0,50 ng/ml,2,B10
0.0,0.1683,V261,5.0,5 ng/ml,2,B11
0.5,0.1744,V261,5.0,5 ng/ml,2,B11
1.0,0.195,V261,5.0,5 ng/ml,2,B11
1.5,0.2223,V261,5.0,5 ng/ml,2,B11
2.0,0.2488,V261,5.0,5 ng/ml,2,B11
2.5,0.2773,V261,5.0,5 ng/ml,2,B11
3.0,0.306,V261,5.0,5 ng/ml,2,B11
3.5,0.3358,V261,5.0,5 ng/ml,2,B11
4.0,0.3582,V261,5.0,5 ng/ml,2,B11
4.5,0.3713,V261,5.0,5 ng/ml,2,B11
5.0,0.3769,V261,5.0,5 ng/ml,2,B11
5.5,0.3793,V261,5.0,5 ng/ml,2,B11
6.0,0.3816,V261,5.0,5 ng/ml,2,B11
6.5,0.3829,V261,5.0,5 ng/ml,2,B11
7.0,0.3848,V261,5.0,5 ng/ml,2,B11
7.5,0.387,V261,5.0,5 ng/ml,2,B11
8.0,0.389,V261,5.0,5 ng/ml,2,B11
8.5,0.3912,V261,5.0,5 ng/ml,2,B11
9.0,0.394,V261,5.0,5 ng/ml,2,B11
9.5,0.3963,V261,5.0,5 ng/ml,2,B11
10.0,0.3999,V261,5.0,5 ng/ml,2,B11
10.5,0.4016,V261,5.0,5 ng/ml,2,B11
11.0,0.4047,V261,5.0,5 ng/ml,2,B11
11.5,0.4079,V261,5.0,5 ng/ml,2,B11
12.0,0.4109,V261,5.0,5 ng/ml,2,B11
12.5,0.4145,V261,5.0,5 ng/ml,2,B11
13.0,0.4184,V261,5.0,5 ng/ml,2,B11
13.5,0.4231,V261,5.0,5 ng/ml,2,B11
14.0,0.4263,V261,5.0,5 ng/ml,2,B11
14.5,0.43,V261,5.0,5 ng/ml,2,B11
0.0,0.1678,V261,0.0,0 (对照),2,B12
0.5,0.1774,V261,0.0,0 (对照),2,B12
1.0,0.1934,V261,0.0,0 (对照),2,B12
1.5,0.2178,V261,0.0,0 (对照),2,B12
2.0,0.2441,V261,0.0,0 (对照),2,B12
2.5,0.2713,V261,0.0,0 (对照),2,B12
3.0,0.3044,V261,0.0,0 (对照),2,B12
3.5,0.3269,V261,0.0,0 (对照),2,B12
4.0,0.3512,V261,0.0,0 (对照),2,B12
4.5,0.3646,V261,0.0,0 (对照),2,B12
5.0,0.3689,V261,0.0,0 (对照),2,B12
5.5,0.3719,V261,0.0,0 (对照),2,B12
6.0,0.3733,V261,0.0,0 (对照),2,B12
6.5,0.3758,V261,0.0,0 (对照),2,B12
7.0,0.3785,V261,0.0,0 (对照),2,B12
7.5,0.3799,V261,0.0,0 (对照),2,B12
8.0,0.3826,V261,0.0,0 (对照),2,B12
8.5,0.385,V261,0.0,0 (对照),2,B12
9.0,0.3876,V261,0.0,0 (对照),2,B12
9.5,0.39,V261,0.0,0 (对照),2,B12
10.0,0.3927,V261,0.0,0 (对照),2,B12
10.5,0.3959,V261,0.0,0 (对照),2,B12
11.0,0.3991,V261,0.0,0 (对照),2,B12
11.5,0.4027,V261,0.0,0 (对照),2,B12
12.0,0.4067,V261,0.0,0 (对照),2,B12
12.5,0.4106,V261,0.0,0 (对照),2,B12
13.0,0.4152,V261,0.0,0 (对照),2,B12
13.5,0.4197,V261,0.0,0 (对照),2,B12
14.0,0.4247,V261,0.0,0 (对照),2,B12
14.5,0.4293,V261,0.0,0 (对照),2,B12
0.0,0.1656,V9943,50000.0,50 μg/ml,3,C01
0.5,0.1713,V9943,50000.0,50 μg/ml,3,C01
1.0,0.1856,V9943,50000.0,50 μg/ml,3,C01
1.5,0.215,V9943,50000.0,50 μg/ml,3,C01
2.0,0.2375,V9943,50000.0,50 μg/ml,3,C01
2.5,0.2646,V9943,50000.0,50 μg/ml,3,C01
3.0,0.2987,V9943,50000.0,50 μg/ml,3,C01
3.5,0.3293,V9943,50000.0,50 μg/ml,3,C01
4.0,0.3568,V9943,50000.0,50 μg/ml,3,C01
4.5,0.3757,V9943,50000.0,50 μg/ml,3,C01
5.0,0.3859,V9943,50000.0,50 μg/ml,3,C01
5.5,0.3894,V9943,50000.0,50 μg/ml,3,C01
6.0,0.3928,V9943,50000.0,50 μg/ml,3,C01
6.5,0.3936,V9943,50000.0,50 μg/ml,3,C01
7.0,0.397,V9943,50000.0,50 μg/ml,3,C01
7.5,0.3992,V9943,50000.0,50 μg/ml,3,C01
8.0,0.4014,V9943,50000.0,50 μg/ml,3,C01
8.5,0.404,V9943,50000.0,50 μg/ml,3,C01
9.0,0.4068,V9943,50000.0,50 μg/ml,3,C01
9.5,0.4095,V9943,50000.0,50 μg/ml,3,C01
10.0,0.4127,V9943,50000.0,50 μg/ml,3,C01
10.5,0.4149,V9943,50000.0,50 μg/ml,3,C01
11.0,0.4182,V9943,50000.0,50 μg/ml,3,C01
11.5,0.4205,V9943,50000.0,50 μg/ml,3,C01
12.0,0.4226,V9943,50000.0,50 μg/ml,3,C01
12.5,0.4261,V9943,50000.0,50 μg/ml,3,C01
13.0,0.4297,V9943,50000.0,50 μg/ml,3,C01
13.5,0.4335,V9943,50000.0,50 μg/ml,3,C01
14.0,0.4373,V9943,50000.0,50 μg/ml,3,C01
14.5,0.4423,V9943,50000.0,50 μg/ml,3,C01
0.0,0.1755,V9943,5000.0,5 μg/ml,3,C02
0.5,0.1818,V9943,5000.0,5 μg/ml,3,C02
1.0,0.1983,V9943,5000.0,5 μg/ml,3,C02
1.5,0.2274,V9943,5000.0,5 μg/ml,3,C02
2.0,0.2528,V9943,5000.0,5 μg/ml,3,C02
2.5,0.2839,V9943,5000.0,5 μg/ml,3,C02
3.0,0.3074,V9943,5000.0,5 μg/ml,3,C02
3.5,0.3357,V9943,5000.0,5 μg/ml,3,C02
4.0,0.3589,V9943,5000.0,5 μg/ml,3,C02
4.5,0.3732,V9943,5000.0,5 μg/ml,3,C02
5.0,0.3794,V9943,5000.0,5 μg/ml,3,C02
5.5,0.3833,V9943,5000.0,5 μg/ml,3,C02
6.0,0.3867,V9943,5000.0,5 μg/ml,3,C02
6.5,0.3887,V9943,5000.0,5 μg/ml,3,C02
7.0,0.3921,V9943,5000.0,5 μg/ml,3,C02
7.5,0.3941,V9943,5000.0,5 μg/ml,3,C02
8.0,0.3973,V9943,5000.0,5 μg/ml,3,C02
8.5,0.3999,V9943,5000.0,5 μg/ml,3,C02
9.0,0.4029,V9943,5000.0,5 μg/ml,3,C02
9.5,0.4053,V9943,5000.0,5 μg/ml,3,C02
10.0,0.4088,V9943,5000.0,5 μg/ml,3,C02
10.5,0.4117,V9943,5000.0,5 μg/ml,3,C02
11.0,0.4144,V9943,5000.0,5 μg/ml,3,C02
11.5,0.4181,V9943,5000.0,5 μg/ml,3,C02
12.0,0.4208,V9943,5000.0,5 μg/ml,3,C02
12.5,0.4245,V9943,5000.0,5 μg/ml,3,C02
13.0,0.4288,V9943,5000.0,5 μg/ml,3,C02
13.5,0.4329,V9943,5000.0,5 μg/ml,3,C02
14.0,0.4372,V9943,5000.0,5 μg/ml,3,C02
14.5,0.4406,V9943,5000.0,5 μg/ml,3,C02
0.0,0.1655,V9943,500.0,500 ng/ml,3,C03
0.5,0.1734,V9943,500.0,500 ng/ml,3,C03
1.0,0.1899,V9943,500.0,500 ng/ml,3,C03
1.5,0.214,V9943,500.0,500 ng/ml,3,C03
2.0,0.2384,V9943,500.0,500 ng/ml,3,C03
2.5,0.2609,V9943,500.0,500 ng/ml,3,C03
3.0,0.2838,V9943,500.0,500 ng/ml,3,C03
3.5,0.3085,V9943,500.0,500 ng/ml,3,C03
4.0,0.3316,V9943,500.0,500 ng/ml,3,C03
4.5,0.3458,V9943,500.0,500 ng/ml,3,C03
5.0,0.3509,V9943,500.0,500 ng/ml,3,C03
5.5,0.3526,V9943,500.0,500 ng/ml,3,C03
6.0,0.3551,V9943,500.0,500 ng/ml,3,C03
6.5,0.3569,V9943,500.0,500 ng/ml,3,C03
7.0,0.3588,V9943,500.0,500 ng/ml,3,C03
7.5,0.36,V9943,500.0,500 ng/ml,3,C03
8.0,0.3622,V9943,500.0,500 ng/ml,3,C03
8.5,0.3647,V9943,500.0,500 ng/ml,3,C03
9.0,0.3668,V9943,500.0,500 ng/ml,3,C03
9.5,0.3693,V9943,500.0,500 ng/ml,3,C03
10.0,0.3724,V9943,500.0,500 ng/ml,3,C03
10.5,0.3752,V9943,500.0,500 ng/ml,3,C03
11.0,0.3781,V9943,500.0,500 ng/ml,3,C03
11.5,0.3818,V9943,500.0,500 ng/ml,3,C03
12.0,0.385,V9943,500.0,500 ng/ml,3,C03
12.5,0.3887,V9943,500.0,500 ng/ml,3,C03
13.0,0.3931,V9943,500.0,500 ng/ml,3,C03
13.5,0.3973,V9943,500.0,500 ng/ml,3,C03
14.0,0.4013,V9943,500.0,500 ng/ml,3,C03
14.5,0.4054,V9943,500.0,500 ng/ml,3,C03
0.0,0.1708,V9943,50.0,50 ng/ml,3,C04
0.5,0.1767,V9943,50.0,50 ng/ml,3,C04
1.0,0.194,V9943,50.0,50 ng/ml,3,C04
1.5,0.2153,V9943,50.0,50 ng/ml,3,C04
2.0,0.2409,V9943,50.0,50 ng/ml,3,C04
2.5,0.2647,V9943,50.0,50 ng/ml,3,C04
3.0,0.2892,V9943,50.0,50 ng/ml,3,C04
3.5,0.3146,V9943,50.0,50 ng/ml,3,C04
4.0,0.3388,V9943,50.0,50 ng/ml,3,C04
4.5,0.3509,V9943,50.0,50 ng/ml,3,C04
5.0,0.3554,V9943,50.0,50 ng/ml,3,C04
5.5,0.3578,V9943,50.0,50 ng/ml,3,C04
6.0,0.3595,V9943,50.0,50 ng/ml,3,C04
6.5,0.3608,V9943,50.0,50 ng/ml,3,C04
7.0,0.3624,V9943,50.0,50 ng/ml,3,C04
7.5,0.3637,V9943,50.0,50 ng/ml,3,C04
8.0,0.3656,V9943,50.0,50 ng/ml,3,C04
8.5,0.3673,V9943,50.0,50 ng/ml,3,C04
9.0,0.3696,V9943,50.0,50 ng/ml,3,C04
9.5,0.372,V9943,50.0,50 ng/ml,3,C04
10.0,0.3733,V9943,50.0,50 ng/ml,3,C04
10.5,0.3759,V9943,50.0,50 ng/ml,3,C04
11.0,0.3784,V9943,50.0,50 ng/ml,3,C04
11.5,0.3818,V9943,50.0,50 ng/ml,3,C04
12.0,0.3847,V9943,50.0,50 ng/ml,3,C04
12.5,0.3884,V9943,50.0,50 ng/ml,3,C04
13.0,0.3919,V9943,50.0,50 ng/ml,3,C04
13.5,0.3953,V9943,50.0,50 ng/ml,3,C04
14.0,0.3987,V9943,50.0,50 ng/ml,3,C04
14.5,0.4024,V9943,50.0,50 ng/ml,3,C04
0.0,0.1753,V9943,5.0,5 ng/ml,3,C05
0.5,0.1777,V9943,5.0,5 ng/ml,3,C05
1.0,0.1964,V9943,5.0,5 ng/ml,3,C05
1.5,0.2199,V9943,5.0,5 ng/ml,3,C05
2.0,0.2463,V9943,5.0,5 ng/ml,3,C05
2.5,0.2706,V9943,5.0,5 ng/ml,3,C05
3.0,0.2956,V9943,5.0,5 ng/ml,3,C05
3.5,0.3234,V9943,5.0,5 ng/ml,3,C05
4.0,0.345,V9943,5.0,5 ng/ml,3,C05
4.5,0.3583,V9943,5.0,5 ng/ml,3,C05
5.0,0.3625,V9943,5.0,5 ng/ml,3,C05
5.5,0.364,V9943,5.0,5 ng/ml,3,C05
6.0,0.3657,V9943,5.0,5 ng/ml,3,C05
6.5,0.3669,V9943,5.0,5 ng/ml,3,C05
7.0,0.368,V9943,5.0,5 ng/ml,3,C05
7.5,0.37,V9943,5.0,5 ng/ml,3,C05
8.0,0.3714,V9943,5.0,5 ng/ml,3,C05
8.5,0.3733,V9943,5.0,5 ng/ml,3,C05
9.0,0.3751,V9943,5.0,5 ng/ml,3,C05
9.5,0.3767,V9943,5.0,5 ng/ml,3,C05
10.0,0.379,V9943,5.0,5 ng/ml,3,C05
10.5,0.3813,V9943,5.0,5 ng/ml,3,C05
11.0,0.3842,V9943,5.0,5 ng/ml,3,C05
11.5,0.3873,V9943,5.0,5 ng/ml,3,C05
12.0,0.3904,V9943,5.0,5 ng/ml,3,C05
12.5,0.3942,V9943,5.0,5 ng/ml,3,C05
13.0,0.3969,V9943,5.0,5 ng/ml,3,C05
13.5,0.4001,V9943,5.0,5 ng/ml,3,C05
14.0,0.4041,V9943,5.0,5 ng/ml,3,C05
14.5,0.4077,V9943,5.0,5 ng/ml,3,C05
0.0,0.1703,V9943,0.0,0 (对照),3,C06
0.5,0.1766,V9943,0.0,0 (对照),3,C06
1.0,0.1925,V9943,0.0,0 (对照),3,C06
1.5,0.2136,V9943,0.0,0 (对照),3,C06
2.0,0.2377,V9943,0.0,0 (对照),3,C06
2.5,0.2622,V9943,0.0,0 (对照),3,C06
3.0,0.2866,V9943,0.0,0 (对照),3,C06
3.5,0.3103,V9943,0.0,0 (对照),3,C06
4.0,0.3345,V9943,0.0,0 (对照),3,C06
4.5,0.3478,V9943,0.0,0 (对照),3,C06
5.0,0.352,V9943,0.0,0 (对照),3,C06
5.5,0.3548,V9943,0.0,0 (对照),3,C06
6.0,0.3567,V9943,0.0,0 (对照),3,C06
6.5,0.3579,V9943,0.0,0 (对照),3,C06
7.0,0.3592,V9943,0.0,0 (对照),3,C06
7.5,0.3611,V9943,0.0,0 (对照),3,C06
8.0,0.3623,V9943,0.0,0 (对照),3,C06
8.5,0.3641,V9943,0.0,0 (对照),3,C06
9.0,0.3663,V9943,0.0,0 (对照),3,C06
9.5,0.3685,V9943,0.0,0 (对照),3,C06
10.0,0.3699,V9943,0.0,0 (对照),3,C06
10.5,0.372,V9943,0.0,0 (对照),3,C06
11.0,0.3748,V9943,0.0,0 (对照),3,C06
11.5,0.3773,V9943,0.0,0 (对照),3,C06
12.0,0.3804,V9943,0.0,0 (对照),3,C06
12.5,0.3837,V9943,0.0,0 (对照),3,C06
13.0,0.3869,V9943,0.0,0 (对照),3,C06
13.5,0.39,V9943,0.0,0 (对照),3,C06
14.0,0.3935,V9943,0.0,0 (对照),3,C06
14.5,0.3975,V9943,0.0,0 (对照),3,C06
0.0,0.1686,V261,50000.0,50 μg/ml,3,C07
0.5,0.1751,V261,50000.0,50 μg/ml,3,C07
1.0,0.1913,V261,50000.0,50 μg/ml,3,C07
1.5,0.2147,V261,50000.0,50 μg/ml,3,C07
2.0,0.239,V261,50000.0,50 μg/ml,3,C07
2.5,0.2641,V261,50000.0,50 μg/ml,3,C07
3.0,0.2914,V261,50000.0,50 μg/ml,3,C07
3.5,0.3179,V261,50000.0,50 μg/ml,3,C07
4.0,0.3487,V261,50000.0,50 μg/ml,3,C07
4.5,0.3724,V261,50000.0,50 μg/ml,3,C07
5.0,0.3868,V261,50000.0,50 μg/ml,3,C07
5.5,0.3943,V261,50000.0,50 μg/ml,3,C07
6.0,0.3975,V261,50000.0,50 μg/ml,3,C07
6.5,0.3989,V261,50000.0,50 μg/ml,3,C07
7.0,0.4005,V261,50000.0,50 μg/ml,3,C07
7.5,0.4011,V261,50000.0,50 μg/ml,3,C07
8.0,0.4018,V261,50000.0,50 μg/ml,3,C07
8.5,0.4021,V261,50000.0,50 μg/ml,3,C07
9.0,0.404,V261,50000.0,50 μg/ml,3,C07
9.5,0.4046,V261,50000.0,50 μg/ml,3,C07
10.0,0.406,V261,50000.0,50 μg/ml,3,C07
10.5,0.4071,V261,50000.0,50 μg/ml,3,C07
11.0,0.4097,V261,50000.0,50 μg/ml,3,C07
11.5,0.4117,V261,50000.0,50 μg/ml,3,C07
12.0,0.4141,V261,50000.0,50 μg/ml,3,C07
12.5,0.4169,V261,50000.0,50 μg/ml,3,C07
13.0,0.4203,V261,50000.0,50 μg/ml,3,C07
13.5,0.4233,V261,50000.0,50 μg/ml,3,C07
14.0,0.4261,V261,50000.0,50 μg/ml,3,C07
14.5,0.4295,V261,50000.0,50 μg/ml,3,C07
0.0,0.1673,V261,5000.0,5 μg/ml,3,C08
0.5,0.1684,V261,5000.0,5 μg/ml,3,C08
1.0,0.1853,V261,5000.0,5 μg/ml,3,C08
1.5,0.2082,V261,5000.0,5 μg/ml,3,C08
2.0,0.2313,V261,5000.0,5 μg/ml,3,C08
2.5,0.2553,V261,5000.0,5 μg/ml,3,C08
3.0,0.2773,V261,5000.0,5 μg/ml,3,C08
3.5,0.3025,V261,5000.0,5 μg/ml,3,C08
4.0,0.3271,V261,5000.0,5 μg/ml,3,C08
4.5,0.3408,V261,5000.0,5 μg/ml,3,C08
5.0,0.3475,V261,5000.0,5 μg/ml,3,C08
5.5,0.3492,V261,5000.0,5 μg/ml,3,C08
6.0,0.3505,V261,5000.0,5 μg/ml,3,C08
6.5,0.3518,V261,5000.0,5 μg/ml,3,C08
7.0,0.3532,V261,5000.0,5 μg/ml,3,C08
7.5,0.355,V261,5000.0,5 μg/ml,3,C08
8.0,0.3562,V261,5000.0,5 μg/ml,3,C08
8.5,0.3582,V261,5000.0,5 μg/ml,3,C08
9.0,0.3602,V261,5000.0,5 μg/ml,3,C08
9.5,0.3617,V261,5000.0,5 μg/ml,3,C08
10.0,0.3643,V261,5000.0,5 μg/ml,3,C08
10.5,0.3666,V261,5000.0,5 μg/ml,3,C08
11.0,0.3691,V261,5000.0,5 μg/ml,3,C08
11.5,0.3712,V261,5000.0,5 μg/ml,3,C08
12.0,0.3745,V261,5000.0,5 μg/ml,3,C08
12.5,0.3782,V261,5000.0,5 μg/ml,3,C08
13.0,0.3816,V261,5000.0,5 μg/ml,3,C08
13.5,0.3847,V261,5000.0,5 μg/ml,3,C08
14.0,0.3876,V261,5000.0,5 μg/ml,3,C08
14.5,0.3905,V261,5000.0,5 μg/ml,3,C08
0.0,0.169,V261,500.0,500 ng/ml,3,C09
0.5,0.1767,V261,500.0,500 ng/ml,3,C09
1.0,0.192,V261,500.0,500 ng/ml,3,C09
1.5,0.2146,V261,500.0,500 ng/ml,3,C09
2.0,0.242,V261,500.0,500 ng/ml,3,C09
2.5,0.266,V261,500.0,500 ng/ml,3,C09
3.0,0.2899,V261,500.0,500 ng/ml,3,C09
3.5,0.3181,V261,500.0,500 ng/ml,3,C09
4.0,0.3397,V261,500.0,500 ng/ml,3,C09
4.5,0.3524,V261,500.0,500 ng/ml,3,C09
5.0,0.3564,V261,500.0,500 ng/ml,3,C09
5.5,0.3581,V261,500.0,500 ng/ml,3,C09
6.0,0.3596,V261,500.0,500 ng/ml,3,C09
6.5,0.3613,V261,500.0,500 ng/ml,3,C09
7.0,0.3624,V261,500.0,500 ng/ml,3,C09
7.5,0.364,V261,500.0,500 ng/ml,3,C09
8.0,0.3654,V261,500.0,500 ng/ml,3,C09
8.5,0.3667,V261,500.0,500 ng/ml,3,C09
9.0,0.3685,V261,500.0,500 ng/ml,3,C09
9.5,0.3702,V261,500.0,500 ng/ml,3,C09
10.0,0.3723,V261,500.0,500 ng/ml,3,C09
10.5,0.3741,V261,500.0,500 ng/ml,3,C09
11.0,0.3766,V261,500.0,500 ng/ml,3,C09
11.5,0.38,V261,500.0,500 ng/ml,3,C09
12.0,0.3826,V261,500.0,500 ng/ml,3,C09
12.5,0.3864,V261,500.0,500 ng/ml,3,C09
13.0,0.3897,V261,500.0,500 ng/ml,3,C09
13.5,0.3938,V261,500.0,500 ng/ml,3,C09
14.0,0.3959,V261,500.0,500 ng/ml,3,C09
14.5,0.3991,V261,500.0,500 ng/ml,3,C09
0.0,0.1668,V261,50.0,50 ng/ml,3,C10
0.5,0.1734,V261,50.0,50 ng/ml,3,C10
1.0,0.1914,V261,50.0,50 ng/ml,3,C10
1.5,0.2149,V261,50.0,50 ng/ml,3,C10
2.0,0.24,V261,50.0,50 ng/ml,3,C10
2.5,0.2645,V261,50.0,50 ng/ml,3,C10
3.0,0.2898,V261,50.0,50 ng/ml,3,C10
3.5,0.3159,V261,50.0,50 ng/ml,3,C10
4.0,0.3388,V261,50.0,50 ng/ml,3,C10
4.5,0.3508,V261,50.0,50 ng/ml,3,C10
5.0,0.3562,V261,50.0,50 ng/ml,3,C10
5.5,0.3577,V261,50.0,50 ng/ml,3,C10
6.0,0.3591,V261,50.0,50 ng/ml,3,C10
6.5,0.3605,V261,50.0,50 ng/ml,3,C10
7.0,0.3618,V261,50.0,50 ng/ml,3,C10
7.5,0.3625,V261,50.0,50 ng/ml,3,C10
8.0,0.3646,V261,50.0,50 ng/ml,3,C10
8.5,0.3656,V261,50.0,50 ng/ml,3,C10
9.0,0.3675,V261,50.0,50 ng/ml,3,C10
9.5,0.3691,V261,50.0,50 ng/ml,3,C10
10.0,0.3712,V261,50.0,50 ng/ml,3,C10
10.5,0.3736,V261,50.0,50 ng/ml,3,C10
11.0,0.3753,V261,50.0,50 ng/ml,3,C10
11.5,0.3785,V261,50.0,50 ng/ml,3,C10
12.0,0.3809,V261,50.0,50 ng/ml,3,C10
12.5,0.3841,V261,50.0,50 ng/ml,3,C10
13.0,0.3874,V261,50.0,50 ng/ml,3,C10
13.5,0.3906,V261,50.0,50 ng/ml,3,C10
14.0,0.3935,V261,50.0,50 ng/ml,3,C10
14.5,0.3961,V261,50.0,50 ng/ml,3,C10
0.0,0.1694,V261,5.0,5 ng/ml,3,C11
0.5,0.1753,V261,5.0,5 ng/ml,3,C11
1.0,0.1934,V261,5.0,5 ng/ml,3,C11
1.5,0.2157,V261,5.0,5 ng/ml,3,C11
2.0,0.2399,V261,5.0,5 ng/ml,3,C11
2.5,0.2656,V261,5.0,5 ng/ml,3,C11
3.0,0.2913,V261,5.0,5 ng/ml,3,C11
3.5,0.3194,V261,5.0,5 ng/ml,3,C11
4.0,0.342,V261,5.0,5 ng/ml,3,C11
4.5,0.3557,V261,5.0,5 ng/ml,3,C11
5.0,0.3611,V261,5.0,5 ng/ml,3,C11
5.5,0.3634,V261,5.0,5 ng/ml,3,C11
6.0,0.3648,V261,5.0,5 ng/ml,3,C11
6.5,0.3668,V261,5.0,5 ng/ml,3,C11
7.0,0.3679,V261,5.0,5 ng/ml,3,C11
7.5,0.3694,V261,5.0,5 ng/ml,3,C11
8.0,0.3717,V261,5.0,5 ng/ml,3,C11
8.5,0.3725,V261,5.0,5 ng/ml,3,C11
9.0,0.3744,V261,5.0,5 ng/ml,3,C11
9.5,0.3766,V261,5.0,5 ng/ml,3,C11
10.0,0.3792,V261,5.0,5 ng/ml,3,C11
10.5,0.3813,V261,5.0,5 ng/ml,3,C11
11.0,0.3841,V261,5.0,5 ng/ml,3,C11
11.5,0.387,V261,5.0,5 ng/ml,3,C11
12.0,0.3904,V261,5.0,5 ng/ml,3,C11
12.5,0.3936,V261,5.0,5 ng/ml,3,C11
13.0,0.3977,V261,5.0,5 ng/ml,3,C11
13.5,0.4013,V261,5.0,5 ng/ml,3,C11
14.0,0.4053,V261,5.0,5 ng/ml,3,C11
14.5,0.409,V261,5.0,5 ng/ml,3,C11
0.0,0.1698,V261,0.0,0 (对照),3,C12
0.5,0.1781,V261,0.0,0 (对照),3,C12
1.0,0.1938,V261,0.0,0 (对照),3,C12
1.5,0.2182,V261,0.0,0 (对照),3,C12
2.0,0.2459,V261,0.0,0 (对照),3,C12
2.5,0.2737,V261,0.0,0 (对照),3,C12
3.0,0.3005,V261,0.0,0 (对照),3,C12
3.5,0.3258,V261,0.0,0 (对照),3,C12
4.0,0.3501,V261,0.0,0 (对照),3,C12
4.5,0.363,V261,0.0,0 (对照),3,C12
5.0,0.3675,V261,0.0,0 (对照),3,C12
5.5,0.3698,V261,0.0,0 (对照),3,C12
6.0,0.3728,V261,0.0,0 (对照),3,C12
6.5,0.3742,V261,0.0,0 (对照),3,C12
7.0,0.3768,V261,0.0,0 (对照),3,C12
7.5,0.3777,V261,0.0,0 (对照),3,C12
8.0,0.3801,V261,0.0,0 (对照),3,C12
8.5,0.382,V261,0.0,0 (对照),3,C12
9.0,0.3839,V261,0.0,0 (对照),3,C12
9.5,0.3867,V261,0.0,0 (对照),3,C12
10.0,0.3891,V261,0.0,0 (对照),3,C12
10.5,0.3916,V261,0.0,0 (对照),3,C12
11.0,0.3945,V261,0.0,0 (对照),3,C12
11.5,0.3972,V261,0.0,0 (对照),3,C12
12.0,0.4006,V261,0.0,0 (对照),3,C12
12.5,0.4045,V261,0.0,0 (对照),3,C12
13.0,0.4083,V261,0.0,0 (对照),3,C12
13.5,0.4138,V261,0.0,0 (对照),3,C12
14.0,0.4173,V261,0.0,0 (对照),3,C12
14.5,0.4226,V261,0.0,0 (对照),3,C12
0.0,0.1674,V1468,50000.0,50 μg/ml,1,D01
0.5,0.1746,V1468,50000.0,50 μg/ml,1,D01
1.0,0.1908,V1468,50000.0,50 μg/ml,1,D01
1.5,0.2189,V1468,50000.0,50 μg/ml,1,D01
2.0,0.2465,V1468,50000.0,50 μg/ml,1,D01
2.5,0.2743,V1468,50000.0,50 μg/ml,1,D01
3.0,0.3018,V1468,50000.0,50 μg/ml,1,D01
3.5,0.3325,V1468,50000.0,50 μg/ml,1,D01
4.0,0.3648,V1468,50000.0,50 μg/ml,1,D01
4.5,0.3908,V1468,50000.0,50 μg/ml,1,D01
5.0,0.405,V1468,50000.0,50 μg/ml,1,D01
5.5,0.4122,V1468,50000.0,50 μg/ml,1,D01
6.0,0.4155,V1468,50000.0,50 μg/ml,1,D01
6.5,0.4176,V1468,50000.0,50 μg/ml,1,D01
7.0,0.4191,V1468,50000.0,50 μg/ml,1,D01
7.5,0.4218,V1468,50000.0,50 μg/ml,1,D01
8.0,0.4255,V1468,50000.0,50 μg/ml,1,D01
8.5,0.4276,V1468,50000.0,50 μg/ml,1,D01
9.0,0.4312,V1468,50000.0,50 μg/ml,1,D01
9.5,0.435,V1468,50000.0,50 μg/ml,1,D01
10.0,0.4393,V1468,50000.0,50 μg/ml,1,D01
10.5,0.4431,V1468,50000.0,50 μg/ml,1,D01
11.0,0.4479,V1468,50000.0,50 μg/ml,1,D01
11.5,0.4523,V1468,50000.0,50 μg/ml,1,D01
12.0,0.4573,V1468,50000.0,50 μg/ml,1,D01
12.5,0.4625,V1468,50000.0,50 μg/ml,1,D01
13.0,0.4688,V1468,50000.0,50 μg/ml,1,D01
13.5,0.4762,V1468,50000.0,50 μg/ml,1,D01
14.0,0.484,V1468,50000.0,50 μg/ml,1,D01
14.5,0.4908,V1468,50000.0,50 μg/ml,1,D01
0.0,0.167,V1468,5000.0,5 μg/ml,1,D02
0.5,0.1743,V1468,5000.0,5 μg/ml,1,D02
1.0,0.1919,V1468,5000.0,5 μg/ml,1,D02
1.5,0.2158,V1468,5000.0,5 μg/ml,1,D02
2.0,0.2413,V1468,5000.0,5 μg/ml,1,D02
2.5,0.2663,V1468,5000.0,5 μg/ml,1,D02
3.0,0.2894,V1468,5000.0,5 μg/ml,1,D02
3.5,0.3151,V1468,5000.0,5 μg/ml,1,D02
4.0,0.3409,V1468,5000.0,5 μg/ml,1,D02
4.5,0.3553,V1468,5000.0,5 μg/ml,1,D02
5.0,0.3599,V1468,5000.0,5 μg/ml,1,D02
5.5,0.3628,V1468,5000.0,5 μg/ml,1,D02
6.0,0.365,V1468,5000.0,5 μg/ml,1,D02
6.5,0.3673,V1468,5000.0,5 μg/ml,1,D02
7.0,0.3689,V1468,5000.0,5 μg/ml,1,D02
7.5,0.37,V1468,5000.0,5 μg/ml,1,D02
8.0,0.3716,V1468,5000.0,5 μg/ml,1,D02
8.5,0.3735,V1468,5000.0,5 μg/ml,1,D02
9.0,0.3762,V1468,5000.0,5 μg/ml,1,D02
9.5,0.3785,V1468,5000.0,5 μg/ml,1,D02
10.0,0.3807,V1468,5000.0,5 μg/ml,1,D02
10.5,0.3825,V1468,5000.0,5 μg/ml,1,D02
11.0,0.3854,V1468,5000.0,5 μg/ml,1,D02
11.5,0.3891,V1468,5000.0,5 μg/ml,1,D02
12.0,0.392,V1468,5000.0,5 μg/ml,1,D02
12.5,0.3958,V1468,5000.0,5 μg/ml,1,D02
13.0,0.3983,V1468,5000.0,5 μg/ml,1,D02
13.5,0.4027,V1468,5000.0,5 μg/ml,1,D02
14.0,0.4066,V1468,5000.0,5 μg/ml,1,D02
14.5,0.4102,V1468,5000.0,5 μg/ml,1,D02
0.0,0.1653,V1468,500.0,500 ng/ml,1,D03
0.5,0.173,V1468,500.0,500 ng/ml,1,D03
1.0,0.1889,V1468,500.0,500 ng/ml,1,D03
1.5,0.2096,V1468,500.0,500 ng/ml,1,D03
2.0,0.2333,V1468,500.0,500 ng/ml,1,D03
2.5,0.2578,V1468,500.0,500 ng/ml,1,D03
3.0,0.2833,V1468,500.0,500 ng/ml,1,D03
3.5,0.3052,V1468,500.0,500 ng/ml,1,D03
4.0,0.3281,V1468,500.0,500 ng/ml,1,D03
4.5,0.3404,V1468,500.0,500 ng/ml,1,D03
5.0,0.3477,V1468,500.0,500 ng/ml,1,D03
5.5,0.3487,V1468,500.0,500 ng/ml,1,D03
6.0,0.3507,V1468,500.0,500 ng/ml,1,D03
6.5,0.3525,V1468,500.0,500 ng/ml,1,D03
7.0,0.354,V1468,500.0,500 ng/ml,1,D03
7.5,0.3557,V1468,500.0,500 ng/ml,1,D03
8.0,0.357,V1468,500.0,500 ng/ml,1,D03
8.5,0.3582,V1468,500.0,500 ng/ml,1,D03
9.0,0.3598,V1468,500.0,500 ng/ml,1,D03
9.5,0.3618,V1468,500.0,500 ng/ml,1,D03
10.0,0.3635,V1468,500.0,500 ng/ml,1,D03
10.5,0.3662,V1468,500.0,500 ng/ml,1,D03
11.0,0.3692,V1468,500.0,500 ng/ml,1,D03
11.5,0.3716,V1468,500.0,500 ng/ml,1,D03
12.0,0.3744,V1468,500.0,500 ng/ml,1,D03
12.5,0.3779,V1468,500.0,500 ng/ml,1,D03
13.0,0.381,V1468,500.0,500 ng/ml,1,D03
13.5,0.3839,V1468,500.0,500 ng/ml,1,D03
14.0,0.3868,V1468,500.0,500 ng/ml,1,D03
14.5,0.3899,V1468,500.0,500 ng/ml,1,D03
0.0,0.1631,V1468,50.0,50 ng/ml,1,D04
0.5,0.1711,V1468,50.0,50 ng/ml,1,D04
1.0,0.1883,V1468,50.0,50 ng/ml,1,D04
1.5,0.2122,V1468,50.0,50 ng/ml,1,D04
2.0,0.2359,V1468,50.0,50 ng/ml,1,D04
2.5,0.2589,V1468,50.0,50 ng/ml,1,D04
3.0,0.2881,V1468,50.0,50 ng/ml,1,D04
3.5,0.3108,V1468,50.0,50 ng/ml,1,D04
4.0,0.336,V1468,50.0,50 ng/ml,1,D04
4.5,0.3519,V1468,50.0,50 ng/ml,1,D04
5.0,0.3587,V1468,50.0,50 ng/ml,1,D04
5.5,0.3616,V1468,50.0,50 ng/ml,1,D04
6.0,0.3646,V1468,50.0,50 ng/ml,1,D04
6.5,0.3656,V1468,50.0,50 ng/ml,1,D04
7.0,0.3678,V1468,50.0,50 ng/ml,1,D04
7.5,0.3689,V1468,50.0,50 ng/ml,1,D04
8.0,0.3705,V1468,50.0,50 ng/ml,1,D04
8.5,0.3717,V1468,50.0,50 ng/ml,1,D04
9.0,0.3737,V1468,50.0,50 ng/ml,1,D04
9.5,0.3753,V1468,50.0,50 ng/ml,1,D04
10.0,0.3779,V1468,50.0,50 ng/ml,1,D04
10.5,0.3801,V1468,50.0,50 ng/ml,1,D04
11.0,0.3825,V1468,50.0,50 ng/ml,1,D04
11.5,0.3856,V1468,50.0,50 ng/ml,1,D04
12.0,0.3895,V1468,50.0,50 ng/ml,1,D04
12.5,0.3927,V1468,50.0,50 ng/ml,1,D04
13.0,0.3962,V1468,50.0,50 ng/ml,1,D04
13.5,0.3997,V1468,50.0,50 ng/ml,1,D04
14.0,0.403,V1468,50.0,50 ng/ml,1,D04
14.5,0.4055,V1468,50.0,50 ng/ml,1,D04
0.0,0.2091,V1468,5.0,5 ng/ml,1,D05
0.5,0.2203,V1468,5.0,5 ng/ml,1,D05
1.0,0.2383,V1468,5.0,5 ng/ml,1,D05
1.5,0.2609,V1468,5.0,5 ng/ml,1,D05
2.0,0.285,V1468,5.0,5 ng/ml,1,D05
2.5,0.3097,V1468,5.0,5 ng/ml,1,D05
3.0,0.3339,V1468,5.0,5 ng/ml,1,D05
3.5,0.3589,V1468,5.0,5 ng/ml,1,D05
4.0,0.3819,V1468,5.0,5 ng/ml,1,D05
4.5,0.3937,V1468,5.0,5 ng/ml,1,D05
5.0,0.4009,V1468,5.0,5 ng/ml,1,D05
5.5,0.4014,V1468,5.0,5 ng/ml,1,D05
6.0,0.4037,V1468,5.0,5 ng/ml,1,D05
6.5,0.4044,V1468,5.0,5 ng/ml,1,D05
7.0,0.4051,V1468,5.0,5 ng/ml,1,D05
7.5,0.4058,V1468,5.0,5 ng/ml,1,D05
8.0,0.4077,V1468,5.0,5 ng/ml,1,D05
8.5,0.4086,V1468,5.0,5 ng/ml,1,D05
9.0,0.4096,V1468,5.0,5 ng/ml,1,D05
9.5,0.4113,V1468,5.0,5 ng/ml,1,D05
10.0,0.4126,V1468,5.0,5 ng/ml,1,D05
10.5,0.4144,V1468,5.0,5 ng/ml,1,D05
11.0,0.4167,V1468,5.0,5 ng/ml,1,D05
11.5,0.4192,V1468,5.0,5 ng/ml,1,D05
12.0,0.4219,V1468,5.0,5 ng/ml,1,D05
12.5,0.425,V1468,5.0,5 ng/ml,1,D05
13.0,0.4274,V1468,5.0,5 ng/ml,1,D05
13.5,0.4307,V1468,5.0,5 ng/ml,1,D05
14.0,0.4331,V1468,5.0,5 ng/ml,1,D05
14.5,0.4362,V1468,5.0,5 ng/ml,1,D05
0.0,0.1699,V1468,0.0,0 (对照),1,D06
0.5,0.1748,V1468,0.0,0 (对照),1,D06
1.0,0.1903,V1468,0.0,0 (对照),1,D06
1.5,0.2099,V1468,0.0,0 (对照),1,D06
2.0,0.2347,V1468,0.0,0 (对照),1,D06
2.5,0.2586,V1468,0.0,0 (对照),1,D06
3.0,0.2835,V1468,0.0,0 (对照),1,D06
3.5,0.3079,V1468,0.0,0 (对照),1,D06
4.0,0.3323,V1468,0.0,0 (对照),1,D06
4.5,0.3456,V1468,0.0,0 (对照),1,D06
5.0,0.3509,V1468,0.0,0 (对照),1,D06
5.5,0.3539,V1468,0.0,0 (对照),1,D06
6.0,0.3561,V1468,0.0,0 (对照),1,D06
6.5,0.3571,V1468,0.0,0 (对照),1,D06
7.0,0.3591,V1468,0.0,0 (对照),1,D06
7.5,0.3597,V1468,0.0,0 (对照),1,D06
8.0,0.3613,V1468,0.0,0 (对照),1,D06
8.5,0.3623,V1468,0.0,0 (对照),1,D06
9.0,0.3642,V1468,0.0,0 (对照),1,D06
9.5,0.365,V1468,0.0,0 (对照),1,D06
10.0,0.3672,V1468,0.0,0 (对照),1,D06
10.5,0.3689,V1468,0.0,0 (对照),1,D06
11.0,0.3714,V1468,0.0,0 (对照),1,D06
11.5,0.3743,V1468,0.0,0 (对照),1,D06
12.0,0.3772,V1468,0.0,0 (对照),1,D06
12.5,0.3799,V1468,0.0,0 (对照),1,D06
13.0,0.3826,V1468,0.0,0 (对照),1,D06
13.5,0.3857,V1468,0.0,0 (对照),1,D06
14.0,0.3883,V1468,0.0,0 (对照),1,D06
14.5,0.3914,V1468,0.0,0 (对照),1,D06
0.0,0.1684,V118,5000.0,5 μg/ml,1,D07
0.5,0.1853,V118,5000.0,5 μg/ml,1,D07
1.0,0.1997,V118,5000.0,5 μg/ml,1,D07
1.5,0.2182,V118,5000.0,5 μg/ml,1,D07
2.0,0.2363,V118,5000.0,5 μg/ml,1,D07
2.5,0.262,V118,5000.0,5 μg/ml,1,D07
3.0,0.2884,V118,5000.0,5 μg/ml,1,D07
3.5,0.3155,V118,5000.0,5 μg/ml,1,D07
4.0,0.3476,V118,5000.0,5 μg/ml,1,D07
4.5,0.3787,V118,5000.0,5 μg/ml,1,D07
5.0,0.4027,V118,5000.0,5 μg/ml,1,D07
5.5,0.4222,V118,5000.0,5 μg/ml,1,D07
6.0,0.4357,V118,5000.0,5 μg/ml,1,D07
6.5,0.4423,V118,5000.0,5 μg/ml,1,D07
7.0,0.4457,V118,5000.0,5 μg/ml,1,D07
7.5,0.4481,V118,5000.0,5 μg/ml,1,D07
8.0,0.4492,V118,5000.0,5 μg/ml,1,D07
8.5,0.4496,V118,5000.0,5 μg/ml,1,D07
9.0,0.4499,V118,5000.0,5 μg/ml,1,D07
9.5,0.4501,V118,5000.0,5 μg/ml,1,D07
10.0,0.4501,V118,5000.0,5 μg/ml,1,D07
10.5,0.4502,V118,5000.0,5 μg/ml,1,D07
11.0,0.4505,V118,5000.0,5 μg/ml,1,D07
11.5,0.4508,V118,5000.0,5 μg/ml,1,D07
12.0,0.4515,V118,5000.0,5 μg/ml,1,D07
12.5,0.4523,V118,5000.0,5 μg/ml,1,D07
13.0,0.4538,V118,5000.0,5 μg/ml,1,D07
13.5,0.4553,V118,5000.0,5 μg/ml,1,D07
14.0,0.4571,V118,5000.0,5 μg/ml,1,D07
14.5,0.4597,V118,5000.0,5 μg/ml,1,D07
0.0,0.1683,V118,500.0,500 ng/ml,1,D08
0.5,0.174,V118,500.0,500 ng/ml,1,D08
1.0,0.1873,V118,500.0,500 ng/ml,1,D08
1.5,0.2089,V118,500.0,500 ng/ml,1,D08
2.0,0.2324,V118,500.0,500 ng/ml,1,D08
2.5,0.2577,V118,500.0,500 ng/ml,1,D08
3.0,0.2829,V118,500.0,500 ng/ml,1,D08
3.5,0.3097,V118,500.0,500 ng/ml,1,D08
4.0,0.3364,V118,500.0,500 ng/ml,1,D08
4.5,0.3507,V118,500.0,500 ng/ml,1,D08
5.0,0.3585,V118,500.0,500 ng/ml,1,D08
5.5,0.3621,V118,500.0,500 ng/ml,1,D08
6.0,0.3638,V118,500.0,500 ng/ml,1,D08
6.5,0.3651,V118,500.0,500 ng/ml,1,D08
7.0,0.3664,V118,500.0,500 ng/ml,1,D08
7.5,0.3674,V118,500.0,500 ng/ml,1,D08
8.0,0.3678,V118,500.0,500 ng/ml,1,D08
8.5,0.3688,V118,500.0,500 ng/ml,1,D08
9.0,0.371,V118,500.0,500 ng/ml,1,D08
9.5,0.3721,V118,500.0,500 ng/ml,1,D08
10.0,0.3745,V118,500.0,500 ng/ml,1,D08
10.5,0.3767,V118,500.0,500 ng/ml,1,D08
11.0,0.3783,V118,500.0,500 ng/ml,1,D08
11.5,0.3808,V118,500.0,500 ng/ml,1,D08
12.0,0.3838,V118,500.0,500 ng/ml,1,D08
12.5,0.3861,V118,500.0,500 ng/ml,1,D08
13.0,0.3889,V118,500.0,500 ng/ml,1,D08
13.5,0.3913,V118,500.0,500 ng/ml,1,D08
14.0,0.394,V118,500.0,500 ng/ml,1,D08
14.5,0.3964,V118,500.0,500 ng/ml,1,D08
0.0,0.1661,V118,50.0,50 ng/ml,1,D09
0.5,0.1716,V118,50.0,50 ng/ml,1,D09
1.0,0.1877,V118,50.0,50 ng/ml,1,D09
1.5,0.2084,V118,50.0,50 ng/ml,1,D09
2.0,0.2317,V118,50.0,50 ng/ml,1,D09
2.5,0.2544,V118,50.0,50 ng/ml,1,D09
3.0,0.2802,V118,50.0,50 ng/ml,1,D09
3.5,0.3049,V118,50.0,50 ng/ml,1,D09
4.0,0.3279,V118,50.0,50 ng/ml,1,D09
4.5,0.341,V118,50.0,50 ng/ml,1,D09
5.0,0.3465,V118,50.0,50 ng/ml,1,D09
5.5,0.3497,V118,50.0,50 ng/ml,1,D09
6.0,0.3499,V118,50.0,50 ng/ml,1,D09
6.5,0.3507,V118,50.0,50 ng/ml,1,D09
7.0,0.3519,V118,50.0,50 ng/ml,1,D09
7.5,0.3524,V118,50.0,50 ng/ml,1,D09
8.0,0.3537,V118,50.0,50 ng/ml,1,D09
8.5,0.3548,V118,50.0,50 ng/ml,1,D09
9.0,0.3556,V118,50.0,50 ng/ml,1,D09
9.5,0.3572,V118,50.0,50 ng/ml,1,D09
10.0,0.3588,V118,50.0,50 ng/ml,1,D09
10.5,0.3606,V118,50.0,50 ng/ml,1,D09
11.0,0.3634,V118,50.0,50 ng/ml,1,D09
11.5,0.366,V118,50.0,50 ng/ml,1,D09
12.0,0.3691,V118,50.0,50 ng/ml,1,D09
12.5,0.3716,V118,50.0,50 ng/ml,1,D09
13.0,0.374,V118,50.0,50 ng/ml,1,D09
13.5,0.3767,V118,50.0,50 ng/ml,1,D09
14.0,0.379,V118,50.0,50 ng/ml,1,D09
14.5,0.3821,V118,50.0,50 ng/ml,1,D09
0.0,0.1653,V118,5.0,5 ng/ml,1,D10
0.5,0.1713,V118,5.0,5 ng/ml,1,D10
1.0,0.1887,V118,5.0,5 ng/ml,1,D10
1.5,0.213,V118,5.0,5 ng/ml,1,D10
2.0,0.2361,V118,5.0,5 ng/ml,1,D10
2.5,0.2593,V118,5.0,5 ng/ml,1,D10
3.0,0.2839,V118,5.0,5 ng/ml,1,D10
3.5,0.3078,V118,5.0,5 ng/ml,1,D10
4.0,0.331,V118,5.0,5 ng/ml,1,D10
4.5,0.3453,V118,5.0,5 ng/ml,1,D10
5.0,0.3521,V118,5.0,5 ng/ml,1,D10
5.5,0.3534,V118,5.0,5 ng/ml,1,D10
6.0,0.3553,V118,5.0,5 ng/ml,1,D10
6.5,0.3564,V118,5.0,5 ng/ml,1,D10
7.0,0.3571,V118,5.0,5 ng/ml,1,D10
7.5,0.3582,V118,5.0,5 ng/ml,1,D10
8.0,0.3596,V118,5.0,5 ng/ml,1,D10
8.5,0.3606,V118,5.0,5 ng/ml,1,D10
9.0,0.3624,V118,5.0,5 ng/ml,1,D10
9.5,0.3643,V118,5.0,5 ng/ml,1,D10
10.0,0.3663,V118,5.0,5 ng/ml,1,D10
10.5,0.369,V118,5.0,5 ng/ml,1,D10
11.0,0.3715,V118,5.0,5 ng/ml,1,D10
11.5,0.3742,V118,5.0,5 ng/ml,1,D10
12.0,0.3775,V118,5.0,5 ng/ml,1,D10
12.5,0.3801,V118,5.0,5 ng/ml,1,D10
13.0,0.3832,V118,5.0,5 ng/ml,1,D10
13.5,0.3864,V118,5.0,5 ng/ml,1,D10
14.0,0.3897,V118,5.0,5 ng/ml,1,D10
14.5,0.3928,V118,5.0,5 ng/ml,1,D10
0.0,0.178,V118,0.5,0.5 ng/ml,1,D11
0.5,0.1819,V118,0.5,0.5 ng/ml,1,D11
1.0,0.1981,V118,0.5,0.5 ng/ml,1,D11
1.5,0.2205,V118,0.5,0.5 ng/ml,1,D11
2.0,0.2481,V118,0.5,0.5 ng/ml,1,D11
2.5,0.2727,V118,0.5,0.5 ng/ml,1,D11
3.0,0.2955,V118,0.5,0.5 ng/ml,1,D11
3.5,0.322,V118,0.5,0.5 ng/ml,1,D11
4.0,0.3478,V118,0.5,0.5 ng/ml,1,D11
4.5,0.3608,V118,0.5,0.5 ng/ml,1,D11
5.0,0.3667,V118,0.5,0.5 ng/ml,1,D11
5.5,0.3686,V118,0.5,0.5 ng/ml,1,D11
6.0,0.3703,V118,0.5,0.5 ng/ml,1,D11
6.5,0.3721,V118,0.5,0.5 ng/ml,1,D11
7.0,0.3734,V118,0.5,0.5 ng/ml,1,D11
7.5,0.3754,V118,0.5,0.5 ng/ml,1,D11
8.0,0.3768,V118,0.5,0.5 ng/ml,1,D11
8.5,0.3789,V118,0.5,0.5 ng/ml,1,D11
9.0,0.3809,V118,0.5,0.5 ng/ml,1,D11
9.5,0.3826,V118,0.5,0.5 ng/ml,1,D11
10.0,0.3852,V118,0.5,0.5 ng/ml,1,D11
10.5,0.3878,V118,0.5,0.5 ng/ml,1,D11
11.0,0.3904,V118,0.5,0.5 ng/ml,1,D11
11.5,0.393,V118,0.5,0.5 ng/ml,1,D11
12.0,0.3961,V118,0.5,0.5 ng/ml,1,D11
12.5,0.3994,V118,0.5,0.5 ng/ml,1,D11
13.0,0.4027,V118,0.5,0.5 ng/ml,1,D11
13.5,0.4061,V118,0.5,0.5 ng/ml,1,D11
14.0,0.4097,V118,0.5,0.5 ng/ml,1,D11
14.5,0.4139,V118,0.5,0.5 ng/ml,1,D11
0.0,0.1678,V118,40000.0,40 μg/ml,1,D12
0.5,0.1751,V118,40000.0,40 μg/ml,1,D12
1.0,0.1922,V118,40000.0,40 μg/ml,1,D12
1.5,0.2196,V118,40000.0,40 μg/ml,1,D12
2.0,0.2461,V118,40000.0,40 μg/ml,1,D12
2.5,0.2771,V118,40000.0,40 μg/ml,1,D12
3.0,0.3104,V118,40000.0,40 μg/ml,1,D12
3.5,0.3433,V118,40000.0,40 μg/ml,1,D12
4.0,0.3787,V118,40000.0,40 μg/ml,1,D12
4.5,0.4128,V118,40000.0,40 μg/ml,1,D12
5.0,0.4447,V118,40000.0,40 μg/ml,1,D12
5.5,0.4694,V118,40000.0,40 μg/ml,1,D12
6.0,0.4929,V118,40000.0,40 μg/ml,1,D12
6.5,0.5109,V118,40000.0,40 μg/ml,1,D12
7.0,0.5275,V118,40000.0,40 μg/ml,1,D12
7.5,0.5427,V118,40000.0,40 μg/ml,1,D12
8.0,0.5559,V118,40000.0,40 μg/ml,1,D12
8.5,0.5665,V118,40000.0,40 μg/ml,1,D12
9.0,0.5783,V118,40000.0,40 μg/ml,1,D12
9.5,0.5873,V118,40000.0,40 μg/ml,1,D12
10.0,0.5969,V118,40000.0,40 μg/ml,1,D12
10.5,0.6079,V118,40000.0,40 μg/ml,1,D12
11.0,0.6178,V118,40000.0,40 μg/ml,1,D12
11.5,0.6287,V118,40000.0,40 μg/ml,1,D12
12.0,0.6391,V118,40000.0,40 μg/ml,1,D12
12.5,0.6496,V118,40000.0,40 μg/ml,1,D12
13.0,0.6595,V118,40000.0,40 μg/ml,1,D12
13.5,0.6734,V118,40000.0,40 μg/ml,1,D12
14.0,0.6898,V118,40000.0,40 μg/ml,1,D12
14.5,0.7065,V118,40000.0,40 μg/ml,1,D12
0.0,0.1744,V1468,50000.0,50 μg/ml,2,E01
0.5,0.1796,V1468,50000.0,50 μg/ml,2,E01
1.0,0.1978,V1468,50000.0,50 μg/ml,2,E01
1.5,0.2238,V1468,50000.0,50 μg/ml,2,E01
2.0,0.252,V1468,50000.0,50 μg/ml,2,E01
2.5,0.2791,V1468,50000.0,50 μg/ml,2,E01
3.0,0.3072,V1468,50000.0,50 μg/ml,2,E01
3.5,0.3393,V1468,50000.0,50 μg/ml,2,E01
4.0,0.3718,V1468,50000.0,50 μg/ml,2,E01
4.5,0.3976,V1468,50000.0,50 μg/ml,2,E01
5.0,0.4111,V1468,50000.0,50 μg/ml,2,E01
5.5,0.417,V1468,50000.0,50 μg/ml,2,E01
6.0,0.4183,V1468,50000.0,50 μg/ml,2,E01
6.5,0.4209,V1468,50000.0,50 μg/ml,2,E01
7.0,0.4238,V1468,50000.0,50 μg/ml,2,E01
7.5,0.426,V1468,50000.0,50 μg/ml,2,E01
8.0,0.4285,V1468,50000.0,50 μg/ml,2,E01
8.5,0.4323,V1468,50000.0,50 μg/ml,2,E01
9.0,0.4356,V1468,50000.0,50 μg/ml,2,E01
9.5,0.4387,V1468,50000.0,50 μg/ml,2,E01
10.0,0.4424,V1468,50000.0,50 μg/ml,2,E01
10.5,0.4459,V1468,50000.0,50 μg/ml,2,E01
11.0,0.4514,V1468,50000.0,50 μg/ml,2,E01
11.5,0.4563,V1468,50000.0,50 μg/ml,2,E01
12.0,0.4611,V1468,50000.0,50 μg/ml,2,E01
12.5,0.4665,V1468,50000.0,50 μg/ml,2,E01
13.0,0.4727,V1468,50000.0,50 μg/ml,2,E01
13.5,0.4788,V1468,50000.0,50 μg/ml,2,E01
14.0,0.4863,V1468,50000.0,50 μg/ml,2,E01
14.5,0.4933,V1468,50000.0,50 μg/ml,2,E01
0.0,0.1871,V1468,5000.0,5 μg/ml,2,E02
0.5,0.1989,V1468,5000.0,5 μg/ml,2,E02
1.0,0.2041,V1468,5000.0,5 μg/ml,2,E02
1.5,0.2135,V1468,5000.0,5 μg/ml,2,E02
2.0,0.2421,V1468,5000.0,5 μg/ml,2,E02
2.5,0.2665,V1468,5000.0,5 μg/ml,2,E02
3.0,0.2942,V1468,5000.0,5 μg/ml,2,E02
3.5,0.3236,V1468,5000.0,5 μg/ml,2,E02
4.0,0.3488,V1468,5000.0,5 μg/ml,2,E02
4.5,0.3629,V1468,5000.0,5 μg/ml,2,E02
5.0,0.3709,V1468,5000.0,5 μg/ml,2,E02
5.5,0.3724,V1468,5000.0,5 μg/ml,2,E02
6.0,0.3749,V1468,5000.0,5 μg/ml,2,E02
6.5,0.3766,V1468,5000.0,5 μg/ml,2,E02
7.0,0.3776,V1468,5000.0,5 μg/ml,2,E02
7.5,0.3789,V1468,5000.0,5 μg/ml,2,E02
8.0,0.3817,V1468,5000.0,5 μg/ml,2,E02
8.5,0.3826,V1468,5000.0,5 μg/ml,2,E02
9.0,0.3853,V1468,5000.0,5 μg/ml,2,E02
9.5,0.3878,V1468,5000.0,5 μg/ml,2,E02
10.0,0.3896,V1468,5000.0,5 μg/ml,2,E02
10.5,0.3923,V1468,5000.0,5 μg/ml,2,E02
11.0,0.395,V1468,5000.0,5 μg/ml,2,E02
11.5,0.3984,V1468,5000.0,5 μg/ml,2,E02
12.0,0.4019,V1468,5000.0,5 μg/ml,2,E02
12.5,0.4058,V1468,5000.0,5 μg/ml,2,E02
13.0,0.41,V1468,5000.0,5 μg/ml,2,E02
13.5,0.4145,V1468,5000.0,5 μg/ml,2,E02
14.0,0.4186,V1468,5000.0,5 μg/ml,2,E02
14.5,0.4228,V1468,5000.0,5 μg/ml,2,E02
0.0,0.1617,V1468,500.0,500 ng/ml,2,E03
0.5,0.1678,V1468,500.0,500 ng/ml,2,E03
1.0,0.1848,V1468,500.0,500 ng/ml,2,E03
1.5,0.2096,V1468,500.0,500 ng/ml,2,E03
2.0,0.233,V1468,500.0,500 ng/ml,2,E03
2.5,0.2594,V1468,500.0,500 ng/ml,2,E03
3.0,0.2843,V1468,500.0,500 ng/ml,2,E03
3.5,0.3111,V1468,500.0,500 ng/ml,2,E03
4.0,0.3346,V1468,500.0,500 ng/ml,2,E03
4.5,0.35,V1468,500.0,500 ng/ml,2,E03
5.0,0.3559,V1468,500.0,500 ng/ml,2,E03
5.5,0.3581,V1468,500.0,500 ng/ml,2,E03
6.0,0.3595,V1468,500.0,500 ng/ml,2,E03
6.5,0.3616,V1468,500.0,500 ng/ml,2,E03
7.0,0.3629,V1468,500.0,500 ng/ml,2,E03
7.5,0.3644,V1468,500.0,500 ng/ml,2,E03
8.0,0.3661,V1468,500.0,500 ng/ml,2,E03
8.5,0.3681,V1468,500.0,500 ng/ml,2,E03
9.0,0.3703,V1468,500.0,500 ng/ml,2,E03
9.5,0.3724,V1468,500.0,500 ng/ml,2,E03
10.0,0.3748,V1468,500.0,500 ng/ml,2,E03
10.5,0.3764,V1468,500.0,500 ng/ml,2,E03
11.0,0.3794,V1468,500.0,500 ng/ml,2,E03
11.5,0.3821,V1468,500.0,500 ng/ml,2,E03
12.0,0.3856,V1468,500.0,500 ng/ml,2,E03
12.5,0.3891,V1468,500.0,500 ng/ml,2,E03
13.0,0.3926,V1468,500.0,500 ng/ml,2,E03
13.5,0.396,V1468,500.0,500 ng/ml,2,E03
14.0,0.3996,V1468,500.0,500 ng/ml,2,E03
14.5,0.4029,V1468,500.0,500 ng/ml,2,E03
0.0,0.165,V1468,50.0,50 ng/ml,2,E04
0.5,0.1732,V1468,50.0,50 ng/ml,2,E04
1.0,0.1863,V1468,50.0,50 ng/ml,2,E04
1.5,0.212,V1468,50.0,50 ng/ml,2,E04
2.0,0.2371,V1468,50.0,50 ng/ml,2,E04
2.5,0.2593,V1468,50.0,50 ng/ml,2,E04
3.0,0.2822,V1468,50.0,50 ng/ml,2,E04
3.5,0.3077,V1468,50.0,50 ng/ml,2,E04
4.0,0.333,V1468,50.0,50 ng/ml,2,E04
4.5,0.3451,V1468,50.0,50 ng/ml,2,E04
5.0,0.347,V1468,50.0,50 ng/ml,2,E04
5.5,0.35,V1468,50.0,50 ng/ml,2,E04
6.0,0.3528,V1468,50.0,50 ng/ml,2,E04
6.5,0.3535,V1468,50.0,50 ng/ml,2,E04
7.0,0.3543,V1468,50.0,50 ng/ml,2,E04
7.5,0.3554,V1468,50.0,50 ng/ml,2,E04
8.0,0.3573,V1468,50.0,50 ng/ml,2,E04
8.5,0.3588,V1468,50.0,50 ng/ml,2,E04
9.0,0.3614,V1468,50.0,50 ng/ml,2,E04
9.5,0.3623,V1468,50.0,50 ng/ml,2,E04
10.0,0.3645,V1468,50.0,50 ng/ml,2,E04
10.5,0.3668,V1468,50.0,50 ng/ml,2,E04
11.0,0.3699,V1468,50.0,50 ng/ml,2,E04
11.5,0.3732,V1468,50.0,50 ng/ml,2,E04
12.0,0.3757,V1468,50.0,50 ng/ml,2,E04
12.5,0.3783,V1468,50.0,50 ng/ml,2,E04
13.0,0.3818,V1468,50.0,50 ng/ml,2,E04
13.5,0.3852,V1468,50.0,50 ng/ml,2,E04
14.0,0.388,V1468,50.0,50 ng/ml,2,E04
14.5,0.3911,V1468,50.0,50 ng/ml,2,E04
0.0,0.17,V1468,5.0,5 ng/ml,2,E05
0.5,0.1758,V1468,5.0,5 ng/ml,2,E05
1.0,0.1932,V1468,5.0,5 ng/ml,2,E05
1.5,0.219,V1468,5.0,5 ng/ml,2,E05
2.0,0.2437,V1468,5.0,5 ng/ml,2,E05
2.5,0.267,V1468,5.0,5 ng/ml,2,E05
3.0,0.295,V1468,5.0,5 ng/ml,2,E05
3.5,0.3232,V1468,5.0,5 ng/ml,2,E05
4.0,0.3463,V1468,5.0,5 ng/ml,2,E05
4.5,0.3606,V1468,5.0,5 ng/ml,2,E05
5.0,0.3658,V1468,5.0,5 ng/ml,2,E05
5.5,0.3686,V1468,5.0,5 ng/ml,2,E05
6.0,0.3703,V1468,5.0,5 ng/ml,2,E05
6.5,0.3707,V1468,5.0,5 ng/ml,2,E05
7.0,0.3726,V1468,5.0,5 ng/ml,2,E05
7.5,0.3735,V1468,5.0,5 ng/ml,2,E05
8.0,0.3748,V1468,5.0,5 ng/ml,2,E05
8.5,0.3766,V1468,5.0,5 ng/ml,2,E05
9.0,0.378,V1468,5.0,5 ng/ml,2,E05
9.5,0.38,V1468,5.0,5 ng/ml,2,E05
10.0,0.3819,V1468,5.0,5 ng/ml,2,E05
10.5,0.3839,V1468,5.0,5 ng/ml,2,E05
11.0,0.3865,V1468,5.0,5 ng/ml,2,E05
11.5,0.3901,V1468,5.0,5 ng/ml,2,E05
12.0,0.3929,V1468,5.0,5 ng/ml,2,E05
12.5,0.3958,V1468,5.0,5 ng/ml,2,E05
13.0,0.3981,V1468,5.0,5 ng/ml,2,E05
13.5,0.4017,V1468,5.0,5 ng/ml,2,E05
14.0,0.4052,V1468,5.0,5 ng/ml,2,E05
14.5,0.4081,V1468,5.0,5 ng/ml,2,E05
0.0,0.1668,V1468,0.0,0 (对照),2,E06
0.5,0.1728,V1468,0.0,0 (对照),2,E06
1.0,0.1871,V1468,0.0,0 (对照),2,E06
1.5,0.211,V1468,0.0,0 (对照),2,E06
2.0,0.2333,V1468,0.0,0 (对照),2,E06
2.5,0.2594,V1468,0.0,0 (对照),2,E06
3.0,0.2838,V1468,0.0,0 (对照),2,E06
3.5,0.308,V1468,0.0,0 (对照),2,E06
4.0,0.3335,V1468,0.0,0 (对照),2,E06
4.5,0.3476,V1468,0.0,0 (对照),2,E06
5.0,0.3533,V1468,0.0,0 (对照),2,E06
5.5,0.3553,V1468,0.0,0 (对照),2,E06
6.0,0.359,V1468,0.0,0 (对照),2,E06
6.5,0.3603,V1468,0.0,0 (对照),2,E06
7.0,0.3619,V1468,0.0,0 (对照),2,E06
7.5,0.3633,V1468,0.0,0 (对照),2,E06
8.0,0.3649,V1468,0.0,0 (对照),2,E06
8.5,0.3665,V1468,0.0,0 (对照),2,E06
9.0,0.3682,V1468,0.0,0 (对照),2,E06
9.5,0.3707,V1468,0.0,0 (对照),2,E06
10.0,0.3728,V1468,0.0,0 (对照),2,E06
10.5,0.3748,V1468,0.0,0 (对照),2,E06
11.0,0.3784,V1468,0.0,0 (对照),2,E06
11.5,0.3814,V1468,0.0,0 (对照),2,E06
12.0,0.3854,V1468,0.0,0 (对照),2,E06
12.5,0.3884,V1468,0.0,0 (对照),2,E06
13.0,0.3921,V1468,0.0,0 (对照),2,E06
13.5,0.3951,V1468,0.0,0 (对照),2,E06
14.0,0.3982,V1468,0.0,0 (对照),2,E06
14.5,0.4022,V1468,0.0,0 (对照),2,E06
0.0,0.1839,V118,5000.0,5 μg/ml,2,E07
0.5,0.201,V118,5000.0,5 μg/ml,2,E07
1.0,0.2154,V118,5000.0,5 μg/ml,2,E07
1.5,0.2258,V118,5000.0,5 μg/ml,2,E07
2.0,0.2387,V118,5000.0,5 μg/ml,2,E07
2.5,0.2633,V118,5000.0,5 μg/ml,2,E07
3.0,0.2936,V118,5000.0,5 μg/ml,2,E07
3.5,0.322,V118,5000.0,5 μg/ml,2,E07
4.0,0.3524,V118,5000.0,5 μg/ml,2,E07
4.5,0.3824,V118,5000.0,5 μg/ml,2,E07
5.0,0.4081,V118,5000.0,5 μg/ml,2,E07
5.5,0.4277,V118,5000.0,5 μg/ml,2,E07
6.0,0.4416,V118,5000.0,5 μg/ml,2,E07
6.5,0.4489,V118,5000.0,5 μg/ml,2,E07
7.0,0.453,V118,5000.0,5 μg/ml,2,E07
7.5,0.455,V118,5000.0,5 μg/ml,2,E07
8.0,0.4567,V118,5000.0,5 μg/ml,2,E07
8.5,0.4576,V118,5000.0,5 μg/ml,2,E07
9.0,0.4589,V118,5000.0,5 μg/ml,2,E07
9.5,0.4597,V118,5000.0,5 μg/ml,2,E07
10.0,0.461,V118,5000.0,5 μg/ml,2,E07
10.5,0.4613,V118,5000.0,5 μg/ml,2,E07
11.0,0.4627,V118,5000.0,5 μg/ml,2,E07
11.5,0.4634,V118,5000.0,5 μg/ml,2,E07
12.0,0.4646,V118,5000.0,5 μg/ml,2,E07
12.5,0.4662,V118,5000.0,5 μg/ml,2,E07
13.0,0.4678,V118,5000.0,5 μg/ml,2,E07
13.5,0.4699,V118,5000.0,5 μg/ml,2,E07
14.0,0.4722,V118,5000.0,5 μg/ml,2,E07
14.5,0.4756,V118,5000.0,5 μg/ml,2,E07
0.0,0.1718,V118,500.0,500 ng/ml,2,E08
0.5,0.177,V118,500.0,500 ng/ml,2,E08
1.0,0.1908,V118,500.0,500 ng/ml,2,E08
1.5,0.2148,V118,500.0,500 ng/ml,2,E08
2.0,0.2379,V118,500.0,500 ng/ml,2,E08
2.5,0.2625,V118,500.0,500 ng/ml,2,E08
3.0,0.2893,V118,500.0,500 ng/ml,2,E08
3.5,0.3169,V118,500.0,500 ng/ml,2,E08
4.0,0.3422,V118,500.0,500 ng/ml,2,E08
4.5,0.3585,V118,500.0,500 ng/ml,2,E08
5.0,0.3645,V118,500.0,500 ng/ml,2,E08
5.5,0.3663,V118,500.0,500 ng/ml,2,E08
6.0,0.3682,V118,500.0,500 ng/ml,2,E08
6.5,0.3691,V118,500.0,500 ng/ml,2,E08
7.0,0.3702,V118,500.0,500 ng/ml,2,E08
7.5,0.3713,V118,500.0,500 ng/ml,2,E08
8.0,0.3726,V118,500.0,500 ng/ml,2,E08
8.5,0.3737,V118,500.0,500 ng/ml,2,E08
9.0,0.3754,V118,500.0,500 ng/ml,2,E08
9.5,0.3771,V118,500.0,500 ng/ml,2,E08
10.0,0.3794,V118,500.0,500 ng/ml,2,E08
10.5,0.3814,V118,500.0,500 ng/ml,2,E08
11.0,0.3841,V118,500.0,500 ng/ml,2,E08
11.5,0.387,V118,500.0,500 ng/ml,2,E08
12.0,0.3901,V118,500.0,500 ng/ml,2,E08
12.5,0.3927,V118,500.0,500 ng/ml,2,E08
13.0,0.3962,V118,500.0,500 ng/ml,2,E08
13.5,0.3992,V118,500.0,500 ng/ml,2,E08
14.0,0.4029,V118,500.0,500 ng/ml,2,E08
14.5,0.4066,V118,500.0,500 ng/ml,2,E08
0.0,0.1646,V118,50.0,50 ng/ml,2,E09
0.5,0.1705,V118,50.0,50 ng/ml,2,E09
1.0,0.1868,V118,50.0,50 ng/ml,2,E09
1.5,0.2055,V118,50.0,50 ng/ml,2,E09
2.0,0.233,V118,50.0,50 ng/ml,2,E09
2.5,0.2556,V118,50.0,50 ng/ml,2,E09
3.0,0.2831,V118,50.0,50 ng/ml,2,E09
3.5,0.3101,V118,50.0,50 ng/ml,2,E09
4.0,0.331,V118,50.0,50 ng/ml,2,E09
4.5,0.3465,V118,50.0,50 ng/ml,2,E09
5.0,0.351,V118,50.0,50 ng/ml,2,E09
5.5,0.3529,V118,50.0,50 ng/ml,2,E09
6.0,0.3546,V118,50.0,50 ng/ml,2,E09
6.5,0.3559,V118,50.0,50 ng/ml,2,E09
7.0,0.3567,V118,50.0,50 ng/ml,2,E09
7.5,0.3577,V118,50.0,50 ng/ml,2,E09
8.0,0.3592,V118,50.0,50 ng/ml,2,E09
8.5,0.3611,V118,50.0,50 ng/ml,2,E09
9.0,0.362,V118,50.0,50 ng/ml,2,E09
9.5,0.3642,V118,50.0,50 ng/ml,2,E09
10.0,0.3665,V118,50.0,50 ng/ml,2,E09
10.5,0.3679,V118,50.0,50 ng/ml,2,E09
11.0,0.3709,V118,50.0,50 ng/ml,2,E09
11.5,0.3739,V118,50.0,50 ng/ml,2,E09
12.0,0.3764,V118,50.0,50 ng/ml,2,E09
12.5,0.3808,V118,50.0,50 ng/ml,2,E09
13.0,0.3836,V118,50.0,50 ng/ml,2,E09
13.5,0.3866,V118,50.0,50 ng/ml,2,E09
14.0,0.3895,V118,50.0,50 ng/ml,2,E09
14.5,0.3932,V118,50.0,50 ng/ml,2,E09
0.0,0.1649,V118,5.0,5 ng/ml,2,E10
0.5,0.1711,V118,5.0,5 ng/ml,2,E10
1.0,0.1881,V118,5.0,5 ng/ml,2,E10
1.5,0.2113,V118,5.0,5 ng/ml,2,E10
2.0,0.2358,V118,5.0,5 ng/ml,2,E10
2.5,0.2593,V118,5.0,5 ng/ml,2,E10
3.0,0.2844,V118,5.0,5 ng/ml,2,E10
3.5,0.3098,V118,5.0,5 ng/ml,2,E10
4.0,0.3361,V118,5.0,5 ng/ml,2,E10
4.5,0.3477,V118,5.0,5 ng/ml,2,E10
5.0,0.3538,V118,5.0,5 ng/ml,2,E10
5.5,0.3563,V118,5.0,5 ng/ml,2,E10
6.0,0.3568,V118,5.0,5 ng/ml,2,E10
6.5,0.3585,V118,5.0,5 ng/ml,2,E10
7.0,0.3593,V118,5.0,5 ng/ml,2,E10
7.5,0.3611,V118,5.0,5 ng/ml,2,E10
8.0,0.3636,V118,5.0,5 ng/ml,2,E10
8.5,0.3659,V118,5.0,5 ng/ml,2,E10
9.0,0.3676,V118,5.0,5 ng/ml,2,E10
9.5,0.3699,V118,5.0,5 ng/ml,2,E10
10.0,0.3727,V118,5.0,5 ng/ml,2,E10
10.5,0.3754,V118,5.0,5 ng/ml,2,E10
11.0,0.378,V118,5.0,5 ng/ml,2,E10
11.5,0.3809,V118,5.0,5 ng/ml,2,E10
12.0,0.3844,V118,5.0,5 ng/ml,2,E10
12.5,0.388,V118,5.0,5 ng/ml,2,E10
13.0,0.3916,V118,5.0,5 ng/ml,2,E10
13.5,0.3949,V118,5.0,5 ng/ml,2,E10
14.0,0.3981,V118,5.0,5 ng/ml,2,E10
14.5,0.402,V118,5.0,5 ng/ml,2,E10
0.0,0.1684,V118,0.5,0.5 ng/ml,2,E11
0.5,0.1733,V118,0.5,0.5 ng/ml,2,E11
1.0,0.1883,V118,0.5,0.5 ng/ml,2,E11
1.5,0.2145,V118,0.5,0.5 ng/ml,2,E11
2.0,0.2401,V118,0.5,0.5 ng/ml,2,E11
2.5,0.2654,V118,0.5,0.5 ng/ml,2,E11
3.0,0.2919,V118,0.5,0.5 ng/ml,2,E11
3.5,0.3182,V118,0.5,0.5 ng/ml,2,E11
4.0,0.3433,V118,0.5,0.5 ng/ml,2,E11
4.5,0.3562,V118,0.5,0.5 ng/ml,2,E11
5.0,0.364,V118,0.5,0.5 ng/ml,2,E11
5.5,0.3658,V118,0.5,0.5 ng/ml,2,E11
6.0,0.368,V118,0.5,0.5 ng/ml,2,E11
6.5,0.3695,V118,0.5,0.5 ng/ml,2,E11
7.0,0.3711,V118,0.5,0.5 ng/ml,2,E11
7.5,0.3738,V118,0.5,0.5 ng/ml,2,E11
8.0,0.3755,V118,0.5,0.5 ng/ml,2,E11
8.5,0.3784,V118,0.5,0.5 ng/ml,2,E11
9.0,0.3801,V118,0.5,0.5 ng/ml,2,E11
9.5,0.3824,V118,0.5,0.5 ng/ml,2,E11
10.0,0.385,V118,0.5,0.5 ng/ml,2,E11
10.5,0.3875,V118,0.5,0.5 ng/ml,2,E11
11.0,0.3904,V118,0.5,0.5 ng/ml,2,E11
11.5,0.3932,V118,0.5,0.5 ng/ml,2,E11
12.0,0.3965,V118,0.5,0.5 ng/ml,2,E11
12.5,0.4002,V118,0.5,0.5 ng/ml,2,E11
13.0,0.4043,V118,0.5,0.5 ng/ml,2,E11
13.5,0.4072,V118,0.5,0.5 ng/ml,2,E11
14.0,0.4108,V118,0.5,0.5 ng/ml,2,E11
14.5,0.4145,V118,0.5,0.5 ng/ml,2,E11
0.0,0.1678,V118,40000.0,40 μg/ml,2,E12
0.5,0.1748,V118,40000.0,40 μg/ml,2,E12
1.0,0.1932,V118,40000.0,40 μg/ml,2,E12
1.5,0.2194,V118,40000.0,40 μg/ml,2,E12
2.0,0.2448,V118,40000.0,40 μg/ml,2,E12
2.5,0.276,V118,40000.0,40 μg/ml,2,E12
3.0,0.3023,V118,40000.0,40 μg/ml,2,E12
3.5,0.3382,V118,40000.0,40 μg/ml,2,E12
4.0,0.3741,V118,40000.0,40 μg/ml,2,E12
4.5,0.4068,V118,40000.0,40 μg/ml,2,E12
5.0,0.4364,V118,40000.0,40 μg/ml,2,E12
5.5,0.4601,V118,40000.0,40 μg/ml,2,E12
6.0,0.4833,V118,40000.0,40 μg/ml,2,E12
6.5,0.5043,V118,40000.0,40 μg/ml,2,E12
7.0,0.5237,V118,40000.0,40 μg/ml,2,E12
7.5,0.5418,V118,40000.0,40 μg/ml,2,E12
8.0,0.5579,V118,40000.0,40 μg/ml,2,E12
8.5,0.57,V118,40000.0,40 μg/ml,2,E12
9.0,0.5849,V118,40000.0,40 μg/ml,2,E12
9.5,0.5976,V118,40000.0,40 μg/ml,2,E12
10.0,0.6095,V118,40000.0,40 μg/ml,2,E12
10.5,0.6241,V118,40000.0,40 μg/ml,2,E12
11.0,0.6404,V118,40000.0,40 μg/ml,2,E12
11.5,0.6543,V118,40000.0,40 μg/ml,2,E12
12.0,0.6718,V118,40000.0,40 μg/ml,2,E12
12.5,0.6883,V118,40000.0,40 μg/ml,2,E12
13.0,0.7115,V118,40000.0,40 μg/ml,2,E12
13.5,0.7323,V118,40000.0,40 μg/ml,2,E12
14.0,0.7591,V118,40000.0,40 μg/ml,2,E12
14.5,0.7938,V118,40000.0,40 μg/ml,2,E12
0.0,0.17,V1468,50000.0,50 μg/ml,3,F01
0.5,0.1771,V1468,50000.0,50 μg/ml,3,F01
1.0,0.1934,V1468,50000.0,50 μg/ml,3,F01
1.5,0.2197,V1468,50000.0,50 μg/ml,3,F01
2.0,0.244,V1468,50000.0,50 μg/ml,3,F01
2.5,0.2737,V1468,50000.0,50 μg/ml,3,F01
3.0,0.3018,V1468,50000.0,50 μg/ml,3,F01
3.5,0.3353,V1468,50000.0,50 μg/ml,3,F01
4.0,0.3676,V1468,50000.0,50 μg/ml,3,F01
4.5,0.3933,V1468,50000.0,50 μg/ml,3,F01
5.0,0.4072,V1468,50000.0,50 μg/ml,3,F01
5.5,0.4134,V1468,50000.0,50 μg/ml,3,F01
6.0,0.4186,V1468,50000.0,50 μg/ml,3,F01
6.5,0.422,V1468,50000.0,50 μg/ml,3,F01
7.0,0.4271,V1468,50000.0,50 μg/ml,3,F01
7.5,0.4328,V1468,50000.0,50 μg/ml,3,F01
8.0,0.4385,V1468,50000.0,50 μg/ml,3,F01
8.5,0.4451,V1468,50000.0,50 μg/ml,3,F01
9.0,0.4527,V1468,50000.0,50 μg/ml,3,F01
9.5,0.4617,V1468,50000.0,50 μg/ml,3,F01
10.0,0.4726,V1468,50000.0,50 μg/ml,3,F01
10.5,0.4909,V1468,50000.0,50 μg/ml,3,F01
11.0,0.5028,V1468,50000.0,50 μg/ml,3,F01
11.5,0.5366,V1468,50000.0,50 μg/ml,3,F01
12.0,0.56,V1468,50000.0,50 μg/ml,3,F01
12.5,0.5891,V1468,50000.0,50 μg/ml,3,F01
13.0,0.6217,V1468,50000.0,50 μg/ml,3,F01
13.5,0.6786,V1468,50000.0,50 μg/ml,3,F01
14.0,0.7003,V1468,50000.0,50 μg/ml,3,F01
14.5,0.7812,V1468,50000.0,50 μg/ml,3,F01
0.0,0.1699,V1468,5000.0,5 μg/ml,3,F02
0.5,0.1736,V1468,5000.0,5 μg/ml,3,F02
1.0,0.1913,V1468,5000.0,5 μg/ml,3,F02
1.5,0.213,V1468,5000.0,5 μg/ml,3,F02
2.0,0.2442,V1468,5000.0,5 μg/ml,3,F02
2.5,0.2717,V1468,5000.0,5 μg/ml,3,F02
3.0,0.3001,V1468,5000.0,5 μg/ml,3,F02
3.5,0.3295,V1468,5000.0,5 μg/ml,3,F02
4.0,0.3565,V1468,5000.0,5 μg/ml,3,F02
4.5,0.3705,V1468,5000.0,5 μg/ml,3,F02
5.0,0.3763,V1468,5000.0,5 μg/ml,3,F02
5.5,0.3817,V1468,5000.0,5 μg/ml,3,F02
6.0,0.3855,V1468,5000.0,5 μg/ml,3,F02
6.5,0.3881,V1468,5000.0,5 μg/ml,3,F02
7.0,0.3917,V1468,5000.0,5 μg/ml,3,F02
7.5,0.3944,V1468,5000.0,5 μg/ml,3,F02
8.0,0.397,V1468,5000.0,5 μg/ml,3,F02
8.5,0.4002,V1468,5000.0,5 μg/ml,3,F02
9.0,0.4039,V1468,5000.0,5 μg/ml,3,F02
9.5,0.4074,V1468,5000.0,5 μg/ml,3,F02
10.0,0.411,V1468,5000.0,5 μg/ml,3,F02
10.5,0.4153,V1468,5000.0,5 μg/ml,3,F02
11.0,0.42,V1468,5000.0,5 μg/ml,3,F02
11.5,0.4254,V1468,5000.0,5 μg/ml,3,F02
12.0,0.4309,V1468,5000.0,5 μg/ml,3,F02
12.5,0.4379,V1468,5000.0,5 μg/ml,3,F02
13.0,0.4449,V1468,5000.0,5 μg/ml,3,F02
13.5,0.4521,V1468,5000.0,5 μg/ml,3,F02
14.0,0.4619,V1468,5000.0,5 μg/ml,3,F02
14.5,0.4744,V1468,5000.0,5 μg/ml,3,F02
0.0,0.1664,V1468,500.0,500 ng/ml,3,F03
0.5,0.1719,V1468,500.0,500 ng/ml,3,F03
1.0,0.1887,V1468,500.0,500 ng/ml,3,F03
1.5,0.2123,V1468,500.0,500 ng/ml,3,F03
2.0,0.2391,V1468,500.0,500 ng/ml,3,F03
2.5,0.2645,V1468,500.0,500 ng/ml,3,F03
3.0,0.2911,V1468,500.0,500 ng/ml,3,F03
3.5,0.3217,V1468,500.0,500 ng/ml,3,F03
4.0,0.3486,V1468,500.0,500 ng/ml,3,F03
4.5,0.3637,V1468,500.0,500 ng/ml,3,F03
5.0,0.3719,V1468,500.0,500 ng/ml,3,F03
5.5,0.3761,V1468,500.0,500 ng/ml,3,F03
6.0,0.379,V1468,500.0,500 ng/ml,3,F03
6.5,0.3828,V1468,500.0,500 ng/ml,3,F03
7.0,0.386,V1468,500.0,500 ng/ml,3,F03
7.5,0.3888,V1468,500.0,500 ng/ml,3,F03
8.0,0.3927,V1468,500.0,500 ng/ml,3,F03
8.5,0.3964,V1468,500.0,500 ng/ml,3,F03
9.0,0.4015,V1468,500.0,500 ng/ml,3,F03
9.5,0.4055,V1468,500.0,500 ng/ml,3,F03
10.0,0.4111,V1468,500.0,500 ng/ml,3,F03
10.5,0.4181,V1468,500.0,500 ng/ml,3,F03
11.0,0.4253,V1468,500.0,500 ng/ml,3,F03
11.5,0.4327,V1468,500.0,500 ng/ml,3,F03
12.0,0.443,V1468,500.0,500 ng/ml,3,F03
12.5,0.4529,V1468,500.0,500 ng/ml,3,F03
13.0,0.4632,V1468,500.0,500 ng/ml,3,F03
13.5,0.4748,V1468,500.0,500 ng/ml,3,F03
14.0,0.4865,V1468,500.0,500 ng/ml,3,F03
14.5,0.5019,V1468,500.0,500 ng/ml,3,F03
0.0,0.1771,V1468,50.0,50 ng/ml,3,F04
0.5,0.1741,V1468,50.0,50 ng/ml,3,F04
1.0,0.1926,V1468,50.0,50 ng/ml,3,F04
1.5,0.2153,V1468,50.0,50 ng/ml,3,F04
2.0,0.2403,V1468,50.0,50 ng/ml,3,F04
2.5,0.2654,V1468,50.0,50 ng/ml,3,F04
3.0,0.2957,V1468,50.0,50 ng/ml,3,F04
3.5,0.323,V1468,50.0,50 ng/ml,3,F04
4.0,0.3477,V1468,50.0,50 ng/ml,3,F04
4.5,0.3618,V1468,50.0,50 ng/ml,3,F04
5.0,0.3662,V1468,50.0,50 ng/ml,3,F04
5.5,0.3693,V1468,50.0,50 ng/ml,3,F04
6.0,0.3716,V1468,50.0,50 ng/ml,3,F04
6.5,0.3742,V1468,50.0,50 ng/ml,3,F04
7.0,0.3767,V1468,50.0,50 ng/ml,3,F04
7.5,0.3792,V1468,50.0,50 ng/ml,3,F04
8.0,0.3816,V1468,50.0,50 ng/ml,3,F04
8.5,0.384,V1468,50.0,50 ng/ml,3,F04
9.0,0.3867,V1468,50.0,50 ng/ml,3,F04
9.5,0.3897,V1468,50.0,50 ng/ml,3,F04
10.0,0.3926,V1468,50.0,50 ng/ml,3,F04
10.5,0.3962,V1468,50.0,50 ng/ml,3,F04
11.0,0.4005,V1468,50.0,50 ng/ml,3,F04
11.5,0.4044,V1468,50.0,50 ng/ml,3,F04
12.0,0.4085,V1468,50.0,50 ng/ml,3,F04
12.5,0.4141,V1468,50.0,50 ng/ml,3,F04
13.0,0.4187,V1468,50.0,50 ng/ml,3,F04
13.5,0.425,V1468,50.0,50 ng/ml,3,F04
14.0,0.4304,V1468,50.0,50 ng/ml,3,F04
14.5,0.4381,V1468,50.0,50 ng/ml,3,F04
0.0,0.1784,V1468,5.0,5 ng/ml,3,F05
0.5,0.1747,V1468,5.0,5 ng/ml,3,F05
1.0,0.1923,V1468,5.0,5 ng/ml,3,F05
1.5,0.2206,V1468,5.0,5 ng/ml,3,F05
2.0,0.246,V1468,5.0,5 ng/ml,3,F05
2.5,0.2761,V1468,5.0,5 ng/ml,3,F05
3.0,0.3069,V1468,5.0,5 ng/ml,3,F05
3.5,0.3375,V1468,5.0,5 ng/ml,3,F05
4.0,0.3581,V1468,5.0,5 ng/ml,3,F05
4.5,0.368,V1468,5.0,5 ng/ml,3,F05
5.0,0.3751,V1468,5.0,5 ng/ml,3,F05
5.5,0.3771,V1468,5.0,5 ng/ml,3,F05
6.0,0.3779,V1468,5.0,5 ng/ml,3,F05
6.5,0.3802,V1468,5.0,5 ng/ml,3,F05
7.0,0.3835,V1468,5.0,5 ng/ml,3,F05
7.5,0.3854,V1468,5.0,5 ng/ml,3,F05
8.0,0.3872,V1468,5.0,5 ng/ml,3,F05
8.5,0.3891,V1468,5.0,5 ng/ml,3,F05
9.0,0.3912,V1468,5.0,5 ng/ml,3,F05
9.5,0.3938,V1468,5.0,5 ng/ml,3,F05
10.0,0.3967,V1468,5.0,5 ng/ml,3,F05
10.5,0.3988,V1468,5.0,5 ng/ml,3,F05
11.0,0.4025,V1468,5.0,5 ng/ml,3,F05
11.5,0.4056,V1468,5.0,5 ng/ml,3,F05
12.0,0.4092,V1468,5.0,5 ng/ml,3,F05
12.5,0.4124,V1468,5.0,5 ng/ml,3,F05
13.0,0.4161,V1468,5.0,5 ng/ml,3,F05
13.5,0.4202,V1468,5.0,5 ng/ml,3,F05
14.0,0.4248,V1468,5.0,5 ng/ml,3,F05
14.5,0.4286,V1468,5.0,5 ng/ml,3,F05
0.0,0.1715,V1468,0.0,0 (对照),3,F06
0.5,0.1776,V1468,0.0,0 (对照),3,F06
1.0,0.1936,V1468,0.0,0 (对照),3,F06
1.5,0.2177,V1468,0.0,0 (对照),3,F06
2.0,0.2449,V1468,0.0,0 (对照),3,F06
2.5,0.2726,V1468,0.0,0 (对照),3,F06
3.0,0.3016,V1468,0.0,0 (对照),3,F06
3.5,0.3323,V1468,0.0,0 (对照),3,F06
4.0,0.3558,V1468,0.0,0 (对照),3,F06
4.5,0.3708,V1468,0.0,0 (对照),3,F06
5.0,0.3754,V1468,0.0,0 (对照),3,F06
5.5,0.3774,V1468,0.0,0 (对照),3,F06
6.0,0.3799,V1468,0.0,0 (对照),3,F06
6.5,0.382,V1468,0.0,0 (对照),3,F06
7.0,0.3842,V1468,0.0,0 (对照),3,F06
7.5,0.386,V1468,0.0,0 (对照),3,F06
8.0,0.3884,V1468,0.0,0 (对照),3,F06
8.5,0.3905,V1468,0.0,0 (对照),3,F06
9.0,0.3927,V1468,0.0,0 (对照),3,F06
9.5,0.3953,V1468,0.0,0 (对照),3,F06
10.0,0.3979,V1468,0.0,0 (对照),3,F06
10.5,0.4008,V1468,0.0,0 (对照),3,F06
11.0,0.4036,V1468,0.0,0 (对照),3,F06
11.5,0.4073,V1468,0.0,0 (对照),3,F06
12.0,0.4118,V1468,0.0,0 (对照),3,F06
12.5,0.4161,V1468,0.0,0 (对照),3,F06
13.0,0.4208,V1468,0.0,0 (对照),3,F06
13.5,0.4257,V1468,0.0,0 (对照),3,F06
14.0,0.4303,V1468,0.0,0 (对照),3,F06
14.5,0.4355,V1468,0.0,0 (对照),3,F06
0.0,0.1649,V118,5000.0,5 μg/ml,3,F07
0.5,0.1693,V118,5000.0,5 μg/ml,3,F07
1.0,0.187,V118,5000.0,5 μg/ml,3,F07
1.5,0.2134,V118,5000.0,5 μg/ml,3,F07
2.0,0.2388,V118,5000.0,5 μg/ml,3,F07
2.5,0.2654,V118,5000.0,5 μg/ml,3,F07
3.0,0.2967,V118,5000.0,5 μg/ml,3,F07
3.5,0.3279,V118,5000.0,5 μg/ml,3,F07
4.0,0.3627,V118,5000.0,5 μg/ml,3,F07
4.5,0.3934,V118,5000.0,5 μg/ml,3,F07
5.0,0.42,V118,5000.0,5 μg/ml,3,F07
5.5,0.4383,V118,5000.0,5 μg/ml,3,F07
6.0,0.4487,V118,5000.0,5 μg/ml,3,F07
6.5,0.4542,V118,5000.0,5 μg/ml,3,F07
7.0,0.4564,V118,5000.0,5 μg/ml,3,F07
7.5,0.4591,V118,5000.0,5 μg/ml,3,F07
8.0,0.4606,V118,5000.0,5 μg/ml,3,F07
8.5,0.4616,V118,5000.0,5 μg/ml,3,F07
9.0,0.4623,V118,5000.0,5 μg/ml,3,F07
9.5,0.4639,V118,5000.0,5 μg/ml,3,F07
10.0,0.4658,V118,5000.0,5 μg/ml,3,F07
10.5,0.4675,V118,5000.0,5 μg/ml,3,F07
11.0,0.4696,V118,5000.0,5 μg/ml,3,F07
11.5,0.4717,V118,5000.0,5 μg/ml,3,F07
12.0,0.4745,V118,5000.0,5 μg/ml,3,F07
12.5,0.4773,V118,5000.0,5 μg/ml,3,F07
13.0,0.4808,V118,5000.0,5 μg/ml,3,F07
13.5,0.4843,V118,5000.0,5 μg/ml,3,F07
14.0,0.4885,V118,5000.0,5 μg/ml,3,F07
14.5,0.4922,V118,5000.0,5 μg/ml,3,F07
0.0,0.169,V118,500.0,500 ng/ml,3,F08
0.5,0.1721,V118,500.0,500 ng/ml,3,F08
1.0,0.189,V118,500.0,500 ng/ml,3,F08
1.5,0.2127,V118,500.0,500 ng/ml,3,F08
2.0,0.2378,V118,500.0,500 ng/ml,3,F08
2.5,0.2651,V118,500.0,500 ng/ml,3,F08
3.0,0.2922,V118,500.0,500 ng/ml,3,F08
3.5,0.3221,V118,500.0,500 ng/ml,3,F08
4.0,0.3481,V118,500.0,500 ng/ml,3,F08
4.5,0.3643,V118,500.0,500 ng/ml,3,F08
5.0,0.3716,V118,500.0,500 ng/ml,3,F08
5.5,0.3741,V118,500.0,500 ng/ml,3,F08
6.0,0.376,V118,500.0,500 ng/ml,3,F08
6.5,0.3788,V118,500.0,500 ng/ml,3,F08
7.0,0.3807,V118,500.0,500 ng/ml,3,F08
7.5,0.3827,V118,500.0,500 ng/ml,3,F08
8.0,0.3851,V118,500.0,500 ng/ml,3,F08
8.5,0.3873,V118,500.0,500 ng/ml,3,F08
9.0,0.39,V118,500.0,500 ng/ml,3,F08
9.5,0.3922,V118,500.0,500 ng/ml,3,F08
10.0,0.395,V118,500.0,500 ng/ml,3,F08
10.5,0.3979,V118,500.0,500 ng/ml,3,F08
11.0,0.4017,V118,500.0,500 ng/ml,3,F08
11.5,0.4051,V118,500.0,500 ng/ml,3,F08
12.0,0.4089,V118,500.0,500 ng/ml,3,F08
12.5,0.4138,V118,500.0,500 ng/ml,3,F08
13.0,0.4183,V118,500.0,500 ng/ml,3,F08
13.5,0.4235,V118,500.0,500 ng/ml,3,F08
14.0,0.4286,V118,500.0,500 ng/ml,3,F08
14.5,0.4342,V118,500.0,500 ng/ml,3,F08
0.0,0.167,V118,50.0,50 ng/ml,3,F09
0.5,0.1717,V118,50.0,50 ng/ml,3,F09
1.0,0.1882,V118,50.0,50 ng/ml,3,F09
1.5,0.2107,V118,50.0,50 ng/ml,3,F09
2.0,0.2377,V118,50.0,50 ng/ml,3,F09
2.5,0.2657,V118,50.0,50 ng/ml,3,F09
3.0,0.296,V118,50.0,50 ng/ml,3,F09
3.5,0.328,V118,50.0,50 ng/ml,3,F09
4.0,0.3521,V118,50.0,50 ng/ml,3,F09
4.5,0.3652,V118,50.0,50 ng/ml,3,F09
5.0,0.3697,V118,50.0,50 ng/ml,3,F09
5.5,0.3725,V118,50.0,50 ng/ml,3,F09
6.0,0.3754,V118,50.0,50 ng/ml,3,F09
6.5,0.3781,V118,50.0,50 ng/ml,3,F09
7.0,0.3799,V118,50.0,50 ng/ml,3,F09
7.5,0.3825,V118,50.0,50 ng/ml,3,F09
8.0,0.3846,V118,50.0,50 ng/ml,3,F09
8.5,0.3867,V118,50.0,50 ng/ml,3,F09
9.0,0.3896,V118,50.0,50 ng/ml,3,F09
9.5,0.3918,V118,50.0,50 ng/ml,3,F09
10.0,0.3947,V118,50.0,50 ng/ml,3,F09
10.5,0.3975,V118,50.0,50 ng/ml,3,F09
11.0,0.4007,V118,50.0,50 ng/ml,3,F09
11.5,0.4041,V118,50.0,50 ng/ml,3,F09
12.0,0.408,V118,50.0,50 ng/ml,3,F09
12.5,0.4125,V118,50.0,50 ng/ml,3,F09
13.0,0.4174,V118,50.0,50 ng/ml,3,F09
13.5,0.4216,V118,50.0,50 ng/ml,3,F09
14.0,0.4273,V118,50.0,50 ng/ml,3,F09
14.5,0.4326,V118,50.0,50 ng/ml,3,F09
0.0,0.1713,V118,5.0,5 ng/ml,3,F10
0.5,0.1747,V118,5.0,5 ng/ml,3,F10
1.0,0.1901,V118,5.0,5 ng/ml,3,F10
1.5,0.2151,V118,5.0,5 ng/ml,3,F10
2.0,0.2421,V118,5.0,5 ng/ml,3,F10
2.5,0.2674,V118,5.0,5 ng/ml,3,F10
3.0,0.2937,V118,5.0,5 ng/ml,3,F10
3.5,0.3255,V118,5.0,5 ng/ml,3,F10
4.0,0.3486,V118,5.0,5 ng/ml,3,F10
4.5,0.363,V118,5.0,5 ng/ml,3,F10
5.0,0.3678,V118,5.0,5 ng/ml,3,F10
5.5,0.3708,V118,5.0,5 ng/ml,3,F10
6.0,0.3734,V118,5.0,5 ng/ml,3,F10
6.5,0.3764,V118,5.0,5 ng/ml,3,F10
7.0,0.3786,V118,5.0,5 ng/ml,3,F10
7.5,0.3805,V118,5.0,5 ng/ml,3,F10
8.0,0.3831,V118,5.0,5 ng/ml,3,F10
8.5,0.3849,V118,5.0,5 ng/ml,3,F10
9.0,0.3875,V118,5.0,5 ng/ml,3,F10
9.5,0.3897,V118,5.0,5 ng/ml,3,F10
10.0,0.3928,V118,5.0,5 ng/ml,3,F10
10.5,0.396,V118,5.0,5 ng/ml,3,F10
11.0,0.3992,V118,5.0,5 ng/ml,3,F10
11.5,0.4029,V118,5.0,5 ng/ml,3,F10
12.0,0.4069,V118,5.0,5 ng/ml,3,F10
12.5,0.4119,V118,5.0,5 ng/ml,3,F10
13.0,0.4172,V118,5.0,5 ng/ml,3,F10
13.5,0.4219,V118,5.0,5 ng/ml,3,F10
14.0,0.4261,V118,5.0,5 ng/ml,3,F10
14.5,0.4321,V118,5.0,5 ng/ml,3,F10
0.0,0.1677,V118,0.5,0.5 ng/ml,3,F11
0.5,0.1728,V118,0.5,0.5 ng/ml,3,F11
1.0,0.1884,V118,0.5,0.5 ng/ml,3,F11
1.5,0.2113,V118,0.5,0.5 ng/ml,3,F11
2.0,0.2375,V118,0.5,0.5 ng/ml,3,F11
2.5,0.2631,V118,0.5,0.5 ng/ml,3,F11
3.0,0.2885,V118,0.5,0.5 ng/ml,3,F11
3.5,0.3184,V118,0.5,0.5 ng/ml,3,F11
4.0,0.3411,V118,0.5,0.5 ng/ml,3,F11
4.5,0.3552,V118,0.5,0.5 ng/ml,3,F11
5.0,0.3604,V118,0.5,0.5 ng/ml,3,F11
5.5,0.3632,V118,0.5,0.5 ng/ml,3,F11
6.0,0.3672,V118,0.5,0.5 ng/ml,3,F11
6.5,0.3706,V118,0.5,0.5 ng/ml,3,F11
7.0,0.3728,V118,0.5,0.5 ng/ml,3,F11
7.5,0.3752,V118,0.5,0.5 ng/ml,3,F11
8.0,0.3791,V118,0.5,0.5 ng/ml,3,F11
8.5,0.3814,V118,0.5,0.5 ng/ml,3,F11
9.0,0.3845,V118,0.5,0.5 ng/ml,3,F11
9.5,0.3881,V118,0.5,0.5 ng/ml,3,F11
10.0,0.3913,V118,0.5,0.5 ng/ml,3,F11
10.5,0.3952,V118,0.5,0.5 ng/ml,3,F11
11.0,0.3989,V118,0.5,0.5 ng/ml,3,F11
11.5,0.4036,V118,0.5,0.5 ng/ml,3,F11
12.0,0.4088,V118,0.5,0.5 ng/ml,3,F11
12.5,0.4136,V118,0.5,0.5 ng/ml,3,F11
13.0,0.421,V118,0.5,0.5 ng/ml,3,F11
13.5,0.4265,V118,0.5,0.5 ng/ml,3,F11
14.0,0.4333,V118,0.5,0.5 ng/ml,3,F11
14.5,0.4412,V118,0.5,0.5 ng/ml,3,F11
0.0,0.1663,V118,40000.0,40 μg/ml,3,F12
0.5,0.1739,V118,40000.0,40 μg/ml,3,F12
1.0,0.1935,V118,40000.0,40 μg/ml,3,F12
1.5,0.2176,V118,40000.0,40 μg/ml,3,F12
2.0,0.2476,V118,40000.0,40 μg/ml,3,F12
2.5,0.2794,V118,40000.0,40 μg/ml,3,F12
3.0,0.311,V118,40000.0,40 μg/ml,3,F12
3.5,0.3469,V118,40000.0,40 μg/ml,3,F12
4.0,0.3861,V118,40000.0,40 μg/ml,3,F12
4.5,0.4221,V118,40000.0,40 μg/ml,3,F12
5.0,0.4525,V118,40000.0,40 μg/ml,3,F12
5.5,0.4834,V118,40000.0,40 μg/ml,3,F12
6.0,0.5125,V118,40000.0,40 μg/ml,3,F12
6.5,0.536,V118,40000.0,40 μg/ml,3,F12
7.0,0.562,V118,40000.0,40 μg/ml,3,F12
7.5,0.5868,V118,40000.0,40 μg/ml,3,F12
8.0,0.6231,V118,40000.0,40 μg/ml,3,F12
8.5,0.6513,V118,40000.0,40 μg/ml,3,F12
9.0,0.7015,V118,40000.0,40 μg/ml,3,F12
9.5,0.741,V118,40000.0,40 μg/ml,3,F12
10.0,0.8227,V118,40000.0,40 μg/ml,3,F12
10.5,0.8912,V118,40000.0,40 μg/ml,3,F12
11.0,0.9912,V118,40000.0,40 μg/ml,3,F12
11.5,1.089,V118,40000.0,40 μg/ml,3,F12
12.0,1.1675,V118,40000.0,40 μg/ml,3,F12
12.5,1.2343,V118,40000.0,40 μg/ml,3,F12
13.0,1.2693,V118,40000.0,40 μg/ml,3,F12
13.5,1.2971,V118,40000.0,40 μg/ml,3,F12
14.0,1.2248,V118,40000.0,40 μg/ml,3,F12
14.5,1.2563,V118,40000.0,40 μg/ml,3,F12
