index,Unassigned;__;__;__,k__Archaea;__;__;__,k__Archaea;p__Aenigmarchaeota;__;__,k__Archaea;p__Aenigmarchaeota;c__Deep_Sea_Euryarchaeotic_Group(DSEG);o__Deep_Sea_Euryarchaeotic_Group(DSEG),k__Archaea;p__Crenarchaeota;c__Nitrososphaeria;o__Group_1.1c,k__Archaea;p__Crenarchaeota;c__Nitrososphaeria;o__Nitrosopumilales,k__Archaea;p__Crenarchaeota;c__Nitrososphaeria;o__Nitrososphaerales,k__Archaea;p__Euryarchaeota;c__Methanobacteria;o__Methanobacteriales,k__Archaea;p__Euryarchaeota;c__Thermococci;o__Methanofastidiosales,k__Archaea;p__Halobacterota;c__Methanocellia;o__Methanocellales,k__Archaea;p__Halobacterota;c__Methanomicrobia;o__Methanomicrobiales,k__Archaea;p__Halobacterota;c__Methanosarcinia;o__Methanosarciniales,k__Archaea;p__Nanoarchaeota;c__Nanoarchaeia;o__Woesearchaeales,k__Archaea;p__Thermoplasmatota;c__Thermoplasmata;o__Marine_Group_II,k__Bacteria;__;__;__,k__Bacteria;p__Acidobacteriota;c__Acidobacteriae;__,k__Bacteria;p__Acidobacteriota;c__Acidobacteriae;o__AKIW659,k__Bacteria;p__Acidobacteriota;c__Acidobacteriae;o__Acidobacteriae,k__Bacteria;p__Acidobacteriota;c__Acidobacteriae;o__Acidobacteriales,k__Bacteria;p__Acidobacteriota;c__Acidobacteriae;o__Bryobacterales,k__Bacteria;p__Acidobacteriota;c__Acidobacteriae;o__PAUC26f,k__Bacteria;p__Acidobacteriota;c__Acidobacteriae;o__Solibacterales,k__Bacteria;p__Acidobacteriota;c__Acidobacteriae;o__Subgroup_2,k__Bacteria;p__Acidobacteriota;c__Aminicenantia;o__Aminicenantales,k__Bacteria;p__Acidobacteriota;c__Blastocatellia;o__11-24,k__Bacteria;p__Acidobacteriota;c__Blastocatellia;o__Blastocatellales,k__Bacteria;p__Acidobacteriota;c__Blastocatellia;o__DS-100,k__Bacteria;p__Acidobacteriota;c__Blastocatellia;o__Pyrinomonadales,k__Bacteria;p__Acidobacteriota;c__Holophagae;o__Holophagales,k__Bacteria;p__Acidobacteriota;c__Holophagae;o__Subgroup_7,k__Bacteria;p__Acidobacteriota;c__Subgroup_18;o__Subgroup_18,k__Bacteria;p__Acidobacteriota;c__Subgroup_21;o__Subgroup_21,k__Bacteria;p__Acidobacteriota;c__Subgroup_22;o__Subgroup_22,k__Bacteria;p__Acidobacteriota;c__Subgroup_5;o__Subgroup_5,k__Bacteria;p__Acidobacteriota;c__Thermoanaerobaculia;o__Thermoanaerobaculales,k__Bacteria;p__Acidobacteriota;c__Vicinamibacteria;o__Subgroup_17,k__Bacteria;p__Acidobacteriota;c__Vicinamibacteria;o__Vicinamibacterales,k__Bacteria;p__Acidobacteriota;c__c5LKS83;o__c5LKS83,k__Bacteria;p__Actinobacteriota;__;__,k__Bacteria;p__Actinobacteriota;c__Acidimicrobiia;__,k__Bacteria;p__Actinobacteriota;c__Acidimicrobiia;o__,k__Bacteria;p__Actinobacteriota;c__Acidimicrobiia;o__Actinomarinales,k__Bacteria;p__Actinobacteriota;c__Acidimicrobiia;o__IMCC26256,k__Bacteria;p__Actinobacteriota;c__Acidimicrobiia;o__Microtrichales,k__Bacteria;p__Actinobacteriota;c__Actinobacteria;__,k__Bacteria;p__Actinobacteriota;c__Actinobacteria;o__0319-7L14,k__Bacteria;p__Actinobacteriota;c__Actinobacteria;o__Actinomycetales,k__Bacteria;p__Actinobacteriota;c__Actinobacteria;o__Bifidobacteriales,k__Bacteria;p__Actinobacteriota;c__Actinobacteria;o__Catenulisporales,k__Bacteria;p__Actinobacteriota;c__Actinobacteria;o__Corynebacteriales,k__Bacteria;p__Actinobacteriota;c__Actinobacteria;o__Euzebyales,k__Bacteria;p__Actinobacteriota;c__Actinobacteria;o__Frankiales,k__Bacteria;p__Actinobacteriota;c__Actinobacteria;o__Glycomycetales,k__Bacteria;p__Actinobacteriota;c__Actinobacteria;o__Kineosporiales,k__Bacteria;p__Actinobacteriota;c__Actinobacteria;o__Micrococcales,k__Bacteria;p__Actinobacteriota;c__Actinobacteria;o__Micromonosporales,k__Bacteria;p__Actinobacteriota;c__Actinobacteria;o__Nitriliruptorales,k__Bacteria;p__Actinobacteriota;c__Actinobacteria;o__PeM15,k__Bacteria;p__Actinobacteriota;c__Actinobacteria;o__Propionibacteriales,k__Bacteria;p__Actinobacteriota;c__Actinobacteria;o__Pseudonocardiales,k__Bacteria;p__Actinobacteriota;c__Actinobacteria;o__Streptomycetales,k__Bacteria;p__Actinobacteriota;c__Actinobacteria;o__Streptosporangiales,k__Bacteria;p__Actinobacteriota;c__Coriobacteriia;o__Coriobacteriales,k__Bacteria;p__Actinobacteriota;c__Coriobacteriia;o__OPB41,k__Bacteria;p__Actinobacteriota;c__MB-A2-108;o__MB-A2-108,k__Bacteria;p__Actinobacteriota;c__Rubrobacteria;o__Rubrobacterales,k__Bacteria;p__Actinobacteriota;c__Thermoleophilia;o__,k__Bacteria;p__Actinobacteriota;c__Thermoleophilia;o__Gaiellales,k__Bacteria;p__Actinobacteriota;c__Thermoleophilia;o__Solirubrobacterales,k__Bacteria;p__Actinobacteriota;c__WCHB1-81;o__WCHB1-81,k__Bacteria;p__Armatimonadota;c__;o__,k__Bacteria;p__Armatimonadota;c__Fimbriimonadia;o__Fimbriimonadales,k__Bacteria;p__Bacteroidota;c__Bacteroidia;__,k__Bacteria;p__Bacteroidota;c__Bacteroidia;o__Bacteroidales,k__Bacteria;p__Bacteroidota;c__Bacteroidia;o__Chitinophagales,k__Bacteria;p__Bacteroidota;c__Bacteroidia;o__Cytophagales,k__Bacteria;p__Bacteroidota;c__Bacteroidia;o__Flavobacteriales,k__Bacteria;p__Bacteroidota;c__Bacteroidia;o__Sphingobacteriales,k__Bacteria;p__Bacteroidota;c__Ignavibacteria;o__Ignavibacteriales,k__Bacteria;p__Bacteroidota;c__Kapabacteria;o__Kapabacteriales,k__Bacteria;p__Bacteroidota;c__Kryptonia;o__Kryptoniales,k__Bacteria;p__Bacteroidota;c__Rhodothermia;o__Balneolales,k__Bacteria;p__Bacteroidota;c__Rhodothermia;o__Rhodothermales,k__Bacteria;p__Bdellovibrionota;c__Bdellovibrionia;o__Bacteriovoracales,k__Bacteria;p__Bdellovibrionota;c__Bdellovibrionia;o__Bdellovibrionales,k__Bacteria;p__Bdellovibrionota;c__Oligoflexia;o__0319-6G20,k__Bacteria;p__Bdellovibrionota;c__Oligoflexia;o__Oligoflexales,k__Bacteria;p__Caldisericota;c__Caldisericia;o__Caldisericales,k__Bacteria;p__Campilobacterota;c__Campylobacteria;o__Campylobacterales,k__Bacteria;p__Chloroflexi;__;__,k__Bacteria;p__Chloroflexi;c__AD3;o__AD3,k__Bacteria;p__Chloroflexi;c__Anaerolineae;__,k__Bacteria;p__Chloroflexi;c__Anaerolineae;o__Anaerolineae,k__Bacteria;p__Chloroflexi;c__Anaerolineae;o__Anaerolineales,k__Bacteria;p__Chloroflexi;c__Anaerolineae;o__Ardenticatenales,k__Bacteria;p__Chloroflexi;c__Anaerolineae;o__Caldilineales,k__Bacteria;p__Chloroflexi;c__Anaerolineae;o__SBR1031,k__Bacteria;p__Chloroflexi;c__Anaerolineae;o__SJA-15,k__Bacteria;p__Chloroflexi;c__Chloroflexia;o__Chloroflexales,k__Bacteria;p__Chloroflexi;c__Chloroflexia;o__Kallotenuales,k__Bacteria;p__Chloroflexi;c__Chloroflexia;o__Thermomicrobiales,k__Bacteria;p__Chloroflexi;c__Dehalococcoidia;o__FS117-23B-02,k__Bacteria;p__Chloroflexi;c__Dehalococcoidia;o__GIF9,k__Bacteria;p__Chloroflexi;c__Dehalococcoidia;o__MSBL5,k__Bacteria;p__Chloroflexi;c__Dehalococcoidia;o__S085,k__Bacteria;p__Chloroflexi;c__Dehalococcoidia;o__SAR202_clade,k__Bacteria;p__Chloroflexi;c__Gitt-GS-136;o__Gitt-GS-136,k__Bacteria;p__Chloroflexi;c__JG30-KF-CM66;o__JG30-KF-CM66,k__Bacteria;p__Chloroflexi;c__KD4-96;o__KD4-96,k__Bacteria;p__Chloroflexi;c__Ktedonobacteria;o__C0119,k__Bacteria;p__Chloroflexi;c__Ktedonobacteria;o__Ktedonobacterales,k__Bacteria;p__Chloroflexi;c__OLB14;o__OLB14,k__Bacteria;p__Chloroflexi;c__P2-11E;o__P2-11E,k__Bacteria;p__Chloroflexi;c__SHA-26;o__SHA-26,k__Bacteria;p__Chloroflexi;c__TK10;o__TK10,k__Bacteria;p__Cyanobacteria;c__Cyanobacteriia;o__Chloroplast,k__Bacteria;p__Cyanobacteria;c__Cyanobacteriia;o__Cyanobacteriales,k__Bacteria;p__Cyanobacteria;c__Sericytochromatia;o__Sericytochromatia,k__Bacteria;p__Cyanobacteria;c__Vampirivibrionia;o__Gastranaerophilales,k__Bacteria;p__Deferribacterota;c__Deferribacteres;o__Deferribacterales,k__Bacteria;p__Deinococcota;c__Deinococci;o__Deinococcales,k__Bacteria;p__Dependentiae;c__Babeliae;o__Babeliales,k__Bacteria;p__Desulfobacterota;c__;o__,k__Bacteria;p__Desulfobacterota;c__Desulfobacteria;o__Desulfatiglandales,k__Bacteria;p__Desulfobacterota;c__Desulfobacteria;o__Desulfobacterales,k__Bacteria;p__Desulfobacterota;c__Desulfobulbia;o__Desulfobulbales,k__Bacteria;p__Desulfobacterota;c__Desulfomonilia;o__Desulfomonilales,k__Bacteria;p__Desulfobacterota;c__Desulfovibrionia;o__Desulfovibrionales,k__Bacteria;p__Desulfobacterota;c__Desulfuromonadia;o__Geobacterales,k__Bacteria;p__Desulfobacterota;c__Syntrophia;o__Syntrophales,k__Bacteria;p__Desulfobacterota;c__Syntrophobacteria;o__Syntrophobacterales,k__Bacteria;p__Desulfobacterota;c__Syntrophorhabdia;o__Syntrophorhabdales,k__Bacteria;p__Elusimicrobiota;c__Elusimicrobia;o__Elusimicrobiales,k__Bacteria;p__Elusimicrobiota;c__Elusimicrobia;o__Lineage_IV,k__Bacteria;p__Elusimicrobiota;c__Lineage_IIb;o__Lineage_IIb,k__Bacteria;p__Entotheonellaeota;c__Entotheonellia;o__Entotheonellales,k__Bacteria;p__Fibrobacterota;c__Fibrobacteria;o__Fibrobacterales,k__Bacteria;p__Firmicutes;c__BRH-c20a;o__BRH-c20a,k__Bacteria;p__Firmicutes;c__Bacilli;__,k__Bacteria;p__Firmicutes;c__Bacilli;o__Acholeplasmatales,k__Bacteria;p__Firmicutes;c__Bacilli;o__Alicyclobacillales,k__Bacteria;p__Firmicutes;c__Bacilli;o__Bacillales,k__Bacteria;p__Firmicutes;c__Bacilli;o__Brevibacillales,k__Bacteria;p__Firmicutes;c__Bacilli;o__Erysipelotrichales,k__Bacteria;p__Firmicutes;c__Bacilli;o__Exiguobacterales,k__Bacteria;p__Firmicutes;c__Bacilli;o__Izemoplasmatales,k__Bacteria;p__Firmicutes;c__Bacilli;o__Lactobacillales,k__Bacteria;p__Firmicutes;c__Bacilli;o__Mycoplasmatales,k__Bacteria;p__Firmicutes;c__Bacilli;o__Paenibacillales,k__Bacteria;p__Firmicutes;c__Bacilli;o__RF39,k__Bacteria;p__Firmicutes;c__Bacilli;o__Staphylococcales,k__Bacteria;p__Firmicutes;c__Bacilli;o__Thermicanales,k__Bacteria;p__Firmicutes;c__Bacilli;o__Thermoactinomycetales,k__Bacteria;p__Firmicutes;c__Clostridia;__,k__Bacteria;p__Firmicutes;c__Clostridia;o__,k__Bacteria;p__Firmicutes;c__Clostridia;o__Caldicoprobacterales,k__Bacteria;p__Firmicutes;c__Clostridia;o__Christensenellales,k__Bacteria;p__Firmicutes;c__Clostridia;o__Clostridia,k__Bacteria;p__Firmicutes;c__Clostridia;o__Clostridia_UCG-014,k__Bacteria;p__Firmicutes;c__Clostridia;o__Clostridia_vadinBB60_group,k__Bacteria;p__Firmicutes;c__Clostridia;o__Clostridiales,k__Bacteria;p__Firmicutes;c__Clostridia;o__Eubacteriales,k__Bacteria;p__Firmicutes;c__Clostridia;o__Lachnospirales,k__Bacteria;p__Firmicutes;c__Clostridia;o__Monoglobales,k__Bacteria;p__Firmicutes;c__Clostridia;o__Oscillospirales,k__Bacteria;p__Firmicutes;c__Clostridia;o__Peptococcales,k__Bacteria;p__Firmicutes;c__Clostridia;o__Peptostreptococcales-Tissierellales,k__Bacteria;p__Firmicutes;c__Desulfitobacteriia;o__Desulfitobacteriales,k__Bacteria;p__Firmicutes;c__Desulfotomaculia;o__Ammonifexales,k__Bacteria;p__Firmicutes;c__Desulfotomaculia;o__Desulfotomaculales,k__Bacteria;p__Firmicutes;c__Incertae_Sedis;o__DTU014,k__Bacteria;p__Firmicutes;c__Limnochordia;o__Limnochordales,k__Bacteria;p__Firmicutes;c__Limnochordia;o__Limnochordia,k__Bacteria;p__Firmicutes;c__Negativicutes;o__Acidaminococcales,k__Bacteria;p__Firmicutes;c__Negativicutes;o__Veillonellales-Selenomonadales,k__Bacteria;p__Firmicutes;c__Symbiobacteriia;o__Symbiobacteriales,k__Bacteria;p__Firmicutes;c__Thermoanaerobacteria;o__Thermoanaerobacterales,k__Bacteria;p__Fusobacteriota;c__Fusobacteriia;o__Fusobacteriales,k__Bacteria;p__GAL15;c__GAL15;o__GAL15,k__Bacteria;p__Gemmatimonadota;c__AKAU4049;o__AKAU4049,k__Bacteria;p__Gemmatimonadota;c__BD2-11_terrestrial_group;o__BD2-11_terrestrial_group,k__Bacteria;p__Gemmatimonadota;c__Gemmatimonadetes;o__Gemmatimonadales,k__Bacteria;p__Gemmatimonadota;c__Longimicrobia;o__Longimicrobiales,k__Bacteria;p__Gemmatimonadota;c__S0134_terrestrial_group;o__S0134_terrestrial_group,k__Bacteria;p__Latescibacterota;c__Latescibacteria;o__Latescibacterales,k__Bacteria;p__Latescibacterota;c__Latescibacterota;o__Latescibacterota,k__Bacteria;p__MBNT15;c__MBNT15;o__MBNT15,k__Bacteria;p__Methylomirabilota;c__Methylomirabilia;o__Rokubacteriales,k__Bacteria;p__Myxococcota;c__Myxococcia;o__Myxococcales,k__Bacteria;p__Myxococcota;c__Polyangia;__,k__Bacteria;p__Myxococcota;c__Polyangia;o__Blfdi19,k__Bacteria;p__Myxococcota;c__Polyangia;o__FFCH16767,k__Bacteria;p__Myxococcota;c__Polyangia;o__Haliangiales,k__Bacteria;p__Myxococcota;c__Polyangia;o__Nannocystales,k__Bacteria;p__Myxococcota;c__Polyangia;o__Polyangiales,k__Bacteria;p__Myxococcota;c__Polyangia;o__mle1-27,k__Bacteria;p__Myxococcota;c__bacteriap25;o__bacteriap25,k__Bacteria;p__NB1-j;c__NB1-j;o__NB1-j,k__Bacteria;p__Nitrospirota;c__Nitrospiria;o__Nitrospirales,k__Bacteria;p__Nitrospirota;c__Thermodesulfovibrionia;o__,k__Bacteria;p__Patescibacteria;__;__,k__Bacteria;p__Patescibacteria;c__Gracilibacteria;o__Absconditabacteriales_(SR1),k__Bacteria;p__Patescibacteria;c__Gracilibacteria;o__Gracilibacteria,k__Bacteria;p__Patescibacteria;c__Parcubacteria;o__Parcubacteria,k__Bacteria;p__Patescibacteria;c__Saccharimonadia;o__Saccharimonadales,k__Bacteria;p__Planctomycetota;c__Phycisphaerae;o__Phycisphaerales,k__Bacteria;p__Planctomycetota;c__Phycisphaerae;o__Tepidisphaerales,k__Bacteria;p__Planctomycetota;c__Planctomycetes;o__Gemmatales,k__Bacteria;p__Proteobacteria;__;__,k__Bacteria;p__Proteobacteria;c__Alphaproteobacteria;__,k__Bacteria;p__Proteobacteria;c__Alphaproteobacteria;o__,k__Bacteria;p__Proteobacteria;c__Alphaproteobacteria;o__Acetobacterales,k__Bacteria;p__Proteobacteria;c__Alphaproteobacteria;o__Azospirillales,k__Bacteria;p__Proteobacteria;c__Alphaproteobacteria;o__Caulobacterales,k__Bacteria;p__Proteobacteria;c__Alphaproteobacteria;o__Defluviicoccales,k__Bacteria;p__Proteobacteria;c__Alphaproteobacteria;o__Dongiales,k__Bacteria;p__Proteobacteria;c__Alphaproteobacteria;o__Elsterales,k__Bacteria;p__Proteobacteria;c__Alphaproteobacteria;o__Ferrovibrionales,k__Bacteria;p__Proteobacteria;c__Alphaproteobacteria;o__Kiloniellales,k__Bacteria;p__Proteobacteria;c__Alphaproteobacteria;o__Micropepsales,k__Bacteria;p__Proteobacteria;c__Alphaproteobacteria;o__Parvibaculales,k__Bacteria;p__Proteobacteria;c__Alphaproteobacteria;o__Puniceispirillales,k__Bacteria;p__Proteobacteria;c__Alphaproteobacteria;o__Reyranellales,k__Bacteria;p__Proteobacteria;c__Alphaproteobacteria;o__Rhizobiales,k__Bacteria;p__Proteobacteria;c__Alphaproteobacteria;o__Rhodobacterales,k__Bacteria;p__Proteobacteria;c__Alphaproteobacteria;o__Rhodospirillales,k__Bacteria;p__Proteobacteria;c__Alphaproteobacteria;o__Rickettsiales,k__Bacteria;p__Proteobacteria;c__Alphaproteobacteria;o__SAR11_clade,k__Bacteria;p__Proteobacteria;c__Alphaproteobacteria;o__Sneathiellales,k__Bacteria;p__Proteobacteria;c__Alphaproteobacteria;o__Sphingomonadales,k__Bacteria;p__Proteobacteria;c__Alphaproteobacteria;o__Thalassobaculales,k__Bacteria;p__Proteobacteria;c__Alphaproteobacteria;o__Tistrellales,k__Bacteria;p__Proteobacteria;c__Gammaproteobacteria;__,k__Bacteria;p__Proteobacteria;c__Gammaproteobacteria;o__211ds20,k__Bacteria;p__Proteobacteria;c__Gammaproteobacteria;o__Acidiferrobacterales,k__Bacteria;p__Proteobacteria;c__Gammaproteobacteria;o__Acidithiobacillales,k__Bacteria;p__Proteobacteria;c__Gammaproteobacteria;o__Aeromonadales,k__Bacteria;p__Proteobacteria;c__Gammaproteobacteria;o__Alteromonadales,k__Bacteria;p__Proteobacteria;c__Gammaproteobacteria;o__Arenicellales,k__Bacteria;p__Proteobacteria;c__Gammaproteobacteria;o__Burkholderiales,k__Bacteria;p__Proteobacteria;c__Gammaproteobacteria;o__CCD24,k__Bacteria;p__Proteobacteria;c__Gammaproteobacteria;o__CCM19a,k__Bacteria;p__Proteobacteria;c__Gammaproteobacteria;o__Cardiobacteriales,k__Bacteria;p__Proteobacteria;c__Gammaproteobacteria;o__Cellvibrionales,k__Bacteria;p__Proteobacteria;c__Gammaproteobacteria;o__Competibacterales,k__Bacteria;p__Proteobacteria;c__Gammaproteobacteria;o__Coxiellales,k__Bacteria;p__Proteobacteria;c__Gammaproteobacteria;o__Diplorickettsiales,k__Bacteria;p__Proteobacteria;c__Gammaproteobacteria;o__EPR3968-O8a-Bc78,k__Bacteria;p__Proteobacteria;c__Gammaproteobacteria;o__Enterobacterales,k__Bacteria;p__Proteobacteria;c__Gammaproteobacteria;o__Francisellales,k__Bacteria;p__Proteobacteria;c__Gammaproteobacteria;o__Gammaproteobacteria_Incertae_Sedis,k__Bacteria;p__Proteobacteria;c__Gammaproteobacteria;o__Granulosicoccales,k__Bacteria;p__Proteobacteria;c__Gammaproteobacteria;o__HOC36,k__Bacteria;p__Proteobacteria;c__Gammaproteobacteria;o__JG36-TzT-191,k__Bacteria;p__Proteobacteria;c__Gammaproteobacteria;o__KF-JG30-C25,k__Bacteria;p__Proteobacteria;c__Gammaproteobacteria;o__KI89A_clade,k__Bacteria;p__Proteobacteria;c__Gammaproteobacteria;o__Methylococcales,k__Bacteria;p__Proteobacteria;c__Gammaproteobacteria;o__Nitrococcales,k__Bacteria;p__Proteobacteria;c__Gammaproteobacteria;o__Nitrosococcales,k__Bacteria;p__Proteobacteria;c__Gammaproteobacteria;o__Oceanospirillales,k__Bacteria;p__Proteobacteria;c__Gammaproteobacteria;o__PLTA13,k__Bacteria;p__Proteobacteria;c__Gammaproteobacteria;o__Pasteurellales,k__Bacteria;p__Proteobacteria;c__Gammaproteobacteria;o__Pseudomonadales,k__Bacteria;p__Proteobacteria;c__Gammaproteobacteria;o__Salinisphaerales,k__Bacteria;p__Proteobacteria;c__Gammaproteobacteria;o__Steroidobacterales,k__Bacteria;p__Proteobacteria;c__Gammaproteobacteria;o__Vibrionales,k__Bacteria;p__Proteobacteria;c__Gammaproteobacteria;o__WD260,k__Bacteria;p__Proteobacteria;c__Gammaproteobacteria;o__Xanthomonadales,k__Bacteria;p__RCP2-54;c__RCP2-54;o__RCP2-54,k__Bacteria;p__SAR324_clade(Marine_group_B);c__SAR324_clade(Marine_group_B);o__SAR324_clade(Marine_group_B),k__Bacteria;p__Spirochaetota;c__Leptospirae;o__Leptospirales,k__Bacteria;p__Spirochaetota;c__Spirochaetia;o__Spirochaetales,k__Bacteria;p__Sumerlaeota;c__Sumerlaeia;o__Sumerlaeales,k__Bacteria;p__Synergistota;c__Synergistia;o__Synergistales,k__Bacteria;p__Thermotogota;c__Thermotogae;o__Petrotogales,k__Bacteria;p__Verrucomicrobiota;c__Chlamydiae;o__Chlamydiales,k__Bacteria;p__Verrucomicrobiota;c__Kiritimatiellae;o__WCHB1-41,k__Bacteria;p__Verrucomicrobiota;c__Verrucomicrobiae;o__Chthoniobacterales,k__Bacteria;p__Verrucomicrobiota;c__Verrucomicrobiae;o__Opitutales,k__Bacteria;p__Verrucomicrobiota;c__Verrucomicrobiae;o__Pedosphaerales,k__Bacteria;p__Verrucomicrobiota;c__Verrucomicrobiae;o__UA11,k__Bacteria;p__Verrucomicrobiota;c__Verrucomicrobiae;o__Verrucomicrobiales,k__Bacteria;p__WPS-2;c__WPS-2;o__WPS-2,k__Bacteria;p__Zixibacteria;c__Zixibacteria;o__Zixibacteria,group1
WTN.2.F,1.0,0.0,0.0,0.0,0.0,0.0,0.0,0.0,0.0,0.0,0.0,0.0,0.0,0.0,19.0,0.0,0.0,0.0,0.0,0.0,0.0,0.0,0.0,0.0,0.0,0.0,0.0,0.0,0.0,0.0,0.0,0.0,0.0,0.0,0.0,0.0,0.0,0.0,0.0,0.0,0.0,0.0,0.0,0.0,0.0,0.0,0.0,10.0,0.0,292.0,0.0,0.0,0.0,0.0,46.0,0.0,0.0,0.0,60.0,3.0,0.0,0.0,163.0,0.0,0.0,0.0,0.0,0.0,0.0,0.0,0.0,0.0,0.0,16915.0,0.0,0.0,4.0,0.0,0.0,0.0,0.0,0.0,0.0,0.0,0.0,0.0,0.0,0.0,92.0,0.0,0.0,0.0,0.0,0.0,0.0,0.0,0.0,0.0,0.0,0.0,0.0,0.0,0.0,0.0,0.0,0.0,0.0,0.0,0.0,0.0,0.0,0.0,0.0,0.0,0.0,0.0,0.0,0.0,2.0,281.0,0.0,0.0,0.0,0.0,0.0,0.0,0.0,159.0,0.0,0.0,0.0,0.0,0.0,0.0,0.0,0.0,0.0,0.0,264.0,10.0,0.0,169.0,281.0,151.0,0.0,0.0,1870.0,0.0,18.0,129.0,701.0,0.0,0.0,12.0,8.0,0.0,19.0,0.0,1431.0,60.0,28.0,1.0,2931.0,33.0,2336.0,61.0,93.0,0.0,0.0,0.0,0.0,0.0,0.0,0.0,0.0,0.0,0.0,0.0,0.0,0.0,0.0,0.0,0.0,0.0,0.0,0.0,0.0,0.0,2.0,0.0,0.0,0.0,0.0,0.0,0.0,0.0,0.0,0.0,0.0,0.0,0.0,0.0,0.0,0.0,686.0,0.0,0.0,0.0,0.0,0.0,0.0,0.0,0.0,5.0,0.0,0.0,0.0,0.0,0.0,0.0,0.0,0.0,0.0,9.0,5.0,0.0,0.0,0.0,0.0,16.0,0.0,0.0,0.0,0.0,0.0,0.0,0.0,0.0,0.0,105.0,0.0,0.0,0.0,0.0,0.0,0.0,0.0,0.0,37.0,0.0,0.0,0.0,0.0,0.0,0.0,0.0,0.0,0.0,0.0,0.0,0.0,0.0,116.0,0.0,0.0,6.0,0.0,0.0,0.0,0.0,0.0,0.0,0.0,0.0,0.0,0.0,0.0,0.0,0.0,0.0,0.0,38.0,0.0,0.0,WTN.F
WTN.3.F,17.0,0.0,0.0,0.0,0.0,0.0,0.0,0.0,0.0,0.0,0.0,0.0,0.0,0.0,2.0,0.0,0.0,0.0,0.0,0.0,0.0,0.0,0.0,0.0,0.0,0.0,0.0,0.0,0.0,0.0,0.0,0.0,0.0,0.0,0.0,0.0,0.0,0.0,0.0,0.0,0.0,0.0,0.0,0.0,0.0,0.0,0.0,3.0,0.0,363.0,0.0,0.0,0.0,0.0,4.0,0.0,0.0,0.0,139.0,0.0,0.0,0.0,32.0,0.0,0.0,0.0,0.0,0.0,0.0,0.0,0.0,0.0,0.0,10047.0,0.0,0.0,22.0,0.0,0.0,0.0,0.0,0.0,0.0,0.0,0.0,0.0,0.0,0.0,117.0,0.0,0.0,0.0,0.0,0.0,0.0,0.0,0.0,0.0,0.0,0.0,0.0,0.0,0.0,0.0,0.0,0.0,0.0,0.0,0.0,0.0,0.0,0.0,0.0,0.0,0.0,0.0,1.0,0.0,8.0,712.0,0.0,0.0,0.0,0.0,0.0,0.0,0.0,227.0,0.0,0.0,0.0,0.0,0.0,0.0,0.0,0.0,0.0,0.0,75.0,5.0,0.0,38.0,51.0,19.0,0.0,0.0,220.0,0.0,3.0,11.0,28.0,0.0,0.0,4.0,0.0,0.0,6.0,3.0,362.0,98.0,30.0,0.0,12445.0,4.0,4231.0,34.0,55.0,0.0,0.0,0.0,0.0,0.0,0.0,0.0,0.0,0.0,0.0,0.0,0.0,0.0,0.0,0.0,0.0,0.0,0.0,0.0,0.0,0.0,0.0,0.0,0.0,0.0,0.0,0.0,0.0,0.0,0.0,0.0,0.0,0.0,0.0,0.0,0.0,0.0,87.0,0.0,0.0,0.0,0.0,0.0,0.0,0.0,0.0,0.0,0.0,0.0,0.0,0.0,0.0,0.0,0.0,0.0,0.0,2.0,0.0,2.0,3.0,0.0,0.0,12.0,0.0,0.0,0.0,0.0,0.0,0.0,0.0,0.0,0.0,47.0,0.0,0.0,0.0,0.0,0.0,0.0,0.0,0.0,13.0,0.0,0.0,0.0,0.0,0.0,0.0,0.0,0.0,0.0,0.0,0.0,0.0,0.0,66.0,0.0,0.0,0.0,0.0,0.0,0.0,0.0,0.0,0.0,0.0,3.0,0.0,0.0,0.0,0.0,0.0,0.0,0.0,22.0,5.0,0.0,WTN.F
dbS.3.F,0.0,0.0,0.0,0.0,0.0,0.0,0.0,0.0,0.0,0.0,0.0,0.0,0.0,0.0,6.0,0.0,0.0,0.0,0.0,0.0,0.0,0.0,0.0,0.0,0.0,0.0,0.0,0.0,0.0,0.0,0.0,0.0,0.0,0.0,0.0,0.0,0.0,0.0,0.0,0.0,0.0,0.0,0.0,0.0,0.0,0.0,0.0,5.0,0.0,644.0,0.0,0.0,0.0,0.0,38.0,0.0,0.0,0.0,123.0,0.0,0.0,0.0,54.0,0.0,0.0,0.0,0.0,0.0,0.0,0.0,0.0,0.0,4.0,15565.0,0.0,5.0,488.0,0.0,0.0,0.0,0.0,0.0,0.0,0.0,0.0,0.0,0.0,0.0,293.0,0.0,0.0,0.0,0.0,0.0,0.0,0.0,0.0,0.0,0.0,0.0,0.0,0.0,0.0,0.0,0.0,0.0,0.0,0.0,0.0,0.0,0.0,0.0,0.0,0.0,0.0,0.0,0.0,2.0,2.0,70.0,0.0,0.0,0.0,0.0,0.0,0.0,0.0,75.0,0.0,0.0,0.0,0.0,0.0,0.0,0.0,0.0,0.0,0.0,1922.0,3.0,0.0,256.0,43.0,72.0,0.0,0.0,5267.0,0.0,0.0,4.0,1820.0,0.0,0.0,0.0,0.0,0.0,3.0,0.0,229.0,6.0,76.0,0.0,1111.0,11.0,710.0,12.0,42.0,0.0,0.0,0.0,0.0,0.0,0.0,0.0,0.0,0.0,0.0,0.0,0.0,0.0,0.0,0.0,0.0,0.0,0.0,0.0,0.0,0.0,0.0,0.0,0.0,0.0,0.0,0.0,0.0,0.0,0.0,0.0,0.0,0.0,0.0,0.0,0.0,0.0,39.0,0.0,0.0,0.0,0.0,6.0,0.0,0.0,0.0,113.0,0.0,0.0,0.0,0.0,0.0,0.0,0.0,0.0,0.0,33.0,43.0,0.0,0.0,0.0,0.0,13.0,0.0,0.0,0.0,0.0,0.0,0.0,0.0,0.0,0.0,102.0,0.0,0.0,0.0,0.0,0.0,0.0,0.0,0.0,14.0,0.0,0.0,0.0,0.0,0.0,0.0,0.0,0.0,0.0,0.0,2.0,0.0,6.0,295.0,0.0,0.0,1.0,0.0,0.0,0.0,0.0,0.0,0.0,0.0,0.0,0.0,0.0,0.0,0.0,0.0,0.0,0.0,35.0,15.0,0.0,dbS.F
WTN.1.F,2.0,0.0,0.0,0.0,0.0,0.0,0.0,0.0,0.0,0.0,0.0,0.0,0.0,0.0,2.0,0.0,0.0,0.0,0.0,0.0,0.0,0.0,0.0,0.0,0.0,0.0,0.0,0.0,0.0,0.0,0.0,0.0,0.0,0.0,0.0,0.0,0.0,0.0,0.0,0.0,0.0,0.0,0.0,0.0,0.0,0.0,5.0,3.0,0.0,57.0,0.0,2.0,0.0,0.0,22.0,0.0,0.0,0.0,231.0,0.0,5.0,0.0,88.0,0.0,0.0,0.0,0.0,0.0,0.0,0.0,0.0,0.0,0.0,15997.0,0.0,0.0,12.0,2.0,0.0,0.0,0.0,0.0,0.0,0.0,0.0,0.0,0.0,0.0,391.0,0.0,0.0,0.0,0.0,0.0,0.0,0.0,0.0,0.0,0.0,0.0,0.0,0.0,0.0,0.0,0.0,0.0,0.0,0.0,0.0,0.0,0.0,0.0,0.0,0.0,0.0,3.0,0.0,0.0,0.0,184.0,0.0,0.0,0.0,0.0,0.0,0.0,0.0,334.0,0.0,0.0,0.0,0.0,0.0,0.0,0.0,0.0,0.0,0.0,273.0,0.0,0.0,459.0,316.0,73.0,0.0,0.0,4278.0,0.0,17.0,8.0,46.0,0.0,0.0,4.0,2.0,0.0,6.0,0.0,598.0,24.0,25.0,0.0,4035.0,18.0,1067.0,19.0,35.0,0.0,0.0,0.0,0.0,0.0,0.0,0.0,0.0,0.0,0.0,0.0,0.0,0.0,0.0,0.0,0.0,0.0,0.0,0.0,0.0,0.0,0.0,0.0,0.0,0.0,0.0,0.0,0.0,0.0,0.0,0.0,0.0,0.0,0.0,0.0,0.0,0.0,430.0,0.0,0.0,0.0,0.0,0.0,0.0,0.0,0.0,8.0,0.0,0.0,0.0,0.0,0.0,0.0,0.0,0.0,0.0,8.0,10.0,0.0,1.0,0.0,0.0,5.0,0.0,0.0,0.0,0.0,0.0,0.0,0.0,0.0,0.0,126.0,0.0,0.0,0.0,0.0,0.0,0.0,0.0,0.0,10.0,0.0,0.0,0.0,0.0,0.0,0.0,0.0,0.0,0.0,0.0,4.0,0.0,68.0,336.0,0.0,0.0,4.0,0.0,0.0,0.0,0.0,0.0,0.0,0.0,1.0,0.0,0.0,0.0,0.0,0.0,0.0,0.0,24.0,0.0,0.0,WTN.F
dbN.3.F,5.0,0.0,0.0,0.0,0.0,0.0,0.0,0.0,0.0,0.0,0.0,0.0,0.0,0.0,0.0,0.0,0.0,0.0,0.0,0.0,0.0,0.0,0.0,0.0,0.0,0.0,0.0,0.0,0.0,0.0,0.0,0.0,0.0,0.0,0.0,0.0,0.0,0.0,0.0,0.0,0.0,0.0,0.0,0.0,0.0,0.0,0.0,8.0,0.0,13.0,0.0,0.0,0.0,0.0,5.0,0.0,0.0,0.0,169.0,0.0,0.0,0.0,45.0,0.0,0.0,0.0,0.0,0.0,0.0,0.0,0.0,0.0,7.0,11374.0,0.0,0.0,0.0,0.0,0.0,0.0,0.0,0.0,0.0,0.0,0.0,0.0,0.0,0.0,102.0,0.0,0.0,0.0,0.0,0.0,0.0,0.0,0.0,0.0,0.0,0.0,0.0,0.0,0.0,0.0,0.0,0.0,0.0,0.0,0.0,0.0,0.0,0.0,0.0,0.0,0.0,0.0,0.0,0.0,3.0,101.0,0.0,0.0,0.0,0.0,0.0,0.0,0.0,143.0,0.0,0.0,0.0,0.0,0.0,0.0,0.0,0.0,0.0,0.0,1214.0,1.0,0.0,70.0,158.0,203.0,0.0,0.0,6286.0,0.0,3.0,17.0,9.0,0.0,0.0,18.0,0.0,0.0,108.0,0.0,720.0,29.0,193.0,0.0,4368.0,55.0,2504.0,23.0,635.0,0.0,0.0,0.0,0.0,0.0,0.0,58.0,0.0,0.0,0.0,0.0,0.0,0.0,0.0,0.0,0.0,0.0,0.0,0.0,0.0,0.0,0.0,0.0,0.0,0.0,0.0,0.0,0.0,0.0,0.0,0.0,0.0,0.0,0.0,0.0,0.0,0.0,243.0,0.0,0.0,0.0,0.0,0.0,0.0,0.0,0.0,0.0,0.0,0.0,0.0,0.0,0.0,0.0,0.0,0.0,0.0,0.0,5.0,2.0,0.0,0.0,0.0,0.0,0.0,0.0,0.0,0.0,0.0,0.0,0.0,0.0,0.0,53.0,0.0,0.0,0.0,0.0,0.0,0.0,0.0,0.0,632.0,0.0,0.0,0.0,0.0,0.0,0.0,0.0,0.0,0.0,0.0,0.0,0.0,0.0,56.0,0.0,0.0,1.0,0.0,0.0,0.0,0.0,0.0,15.0,0.0,0.0,0.0,0.0,0.0,0.0,0.0,0.0,0.0,24.0,0.0,0.0,dbN.F
WTS.3.F,2.0,1.0,0.0,0.0,0.0,0.0,0.0,0.0,0.0,0.0,0.0,0.0,0.0,0.0,38.0,0.0,0.0,0.0,0.0,0.0,0.0,0.0,0.0,0.0,0.0,0.0,0.0,0.0,0.0,0.0,0.0,0.0,0.0,0.0,0.0,0.0,0.0,0.0,0.0,0.0,0.0,0.0,0.0,0.0,0.0,0.0,0.0,48.0,0.0,174.0,0.0,0.0,0.0,0.0,33.0,0.0,0.0,0.0,460.0,0.0,0.0,0.0,133.0,0.0,0.0,0.0,0.0,0.0,0.0,0.0,0.0,0.0,0.0,13756.0,0.0,0.0,0.0,0.0,0.0,0.0,0.0,0.0,0.0,0.0,0.0,0.0,0.0,0.0,26.0,0.0,0.0,0.0,0.0,0.0,0.0,0.0,0.0,0.0,0.0,0.0,0.0,0.0,0.0,0.0,0.0,0.0,0.0,0.0,0.0,0.0,0.0,0.0,0.0,0.0,0.0,5.0,0.0,0.0,51.0,65.0,0.0,0.0,0.0,0.0,0.0,0.0,0.0,41.0,0.0,0.0,0.0,0.0,1.0,0.0,0.0,0.0,0.0,0.0,177.0,4.0,0.0,173.0,252.0,131.0,0.0,0.0,1975.0,0.0,4.0,4.0,87.0,0.0,0.0,17.0,1.0,0.0,17.0,0.0,2383.0,21.0,45.0,0.0,3277.0,3.0,1165.0,17.0,56.0,0.0,0.0,0.0,0.0,0.0,0.0,0.0,0.0,0.0,0.0,0.0,0.0,0.0,0.0,0.0,0.0,0.0,0.0,0.0,0.0,0.0,0.0,0.0,0.0,0.0,0.0,0.0,0.0,0.0,0.0,0.0,0.0,0.0,0.0,0.0,0.0,0.0,57.0,0.0,0.0,0.0,0.0,0.0,0.0,5.0,0.0,48.0,0.0,0.0,0.0,0.0,0.0,0.0,0.0,0.0,0.0,22.0,7.0,48.0,0.0,0.0,0.0,13.0,0.0,0.0,0.0,0.0,0.0,0.0,0.0,0.0,0.0,278.0,0.0,0.0,0.0,0.0,0.0,0.0,0.0,0.0,17.0,0.0,1.0,0.0,0.0,0.0,0.0,0.0,0.0,0.0,0.0,1.0,0.0,16.0,192.0,0.0,0.0,0.0,0.0,0.0,0.0,0.0,0.0,0.0,0.0,0.0,0.0,0.0,0.0,0.0,0.0,0.0,0.0,4330.0,0.0,0.0,WTS.F
dbS.1.F,0.0,0.0,0.0,0.0,0.0,0.0,0.0,0.0,0.0,0.0,0.0,0.0,0.0,0.0,0.0,0.0,0.0,0.0,0.0,0.0,0.0,0.0,0.0,0.0,0.0,0.0,0.0,0.0,0.0,0.0,0.0,0.0,0.0,0.0,0.0,0.0,0.0,0.0,0.0,0.0,0.0,0.0,0.0,0.0,0.0,0.0,0.0,15.0,0.0,339.0,0.0,0.0,0.0,0.0,133.0,0.0,0.0,0.0,294.0,0.0,0.0,0.0,25.0,0.0,0.0,0.0,0.0,0.0,0.0,0.0,0.0,0.0,0.0,9849.0,3.0,0.0,1.0,0.0,0.0,4.0,0.0,0.0,0.0,0.0,0.0,0.0,0.0,0.0,49.0,0.0,0.0,0.0,0.0,0.0,0.0,0.0,0.0,0.0,0.0,0.0,0.0,0.0,0.0,0.0,0.0,0.0,0.0,0.0,0.0,0.0,0.0,0.0,0.0,0.0,0.0,0.0,0.0,0.0,5.0,57.0,0.0,0.0,0.0,0.0,0.0,0.0,0.0,73.0,0.0,0.0,0.0,0.0,0.0,0.0,0.0,0.0,0.0,0.0,4988.0,5.0,0.0,121.0,227.0,151.0,0.0,0.0,9589.0,0.0,12.0,8.0,1160.0,0.0,0.0,4.0,0.0,0.0,13.0,0.0,309.0,9.0,28.0,0.0,834.0,15.0,695.0,7.0,44.0,0.0,0.0,0.0,0.0,0.0,0.0,0.0,0.0,0.0,0.0,0.0,0.0,0.0,0.0,0.0,0.0,0.0,0.0,0.0,0.0,0.0,3.0,0.0,0.0,0.0,0.0,0.0,0.0,0.0,0.0,0.0,10.0,0.0,0.0,0.0,0.0,0.0,100.0,0.0,0.0,0.0,0.0,0.0,0.0,0.0,0.0,74.0,0.0,0.0,0.0,0.0,0.0,0.0,0.0,0.0,0.0,13.0,6.0,2.0,0.0,0.0,0.0,0.0,0.0,0.0,0.0,0.0,0.0,0.0,0.0,0.0,0.0,173.0,0.0,0.0,0.0,0.0,0.0,0.0,0.0,0.0,20.0,0.0,0.0,0.0,0.0,0.0,0.0,0.0,0.0,0.0,0.0,0.0,0.0,0.0,119.0,0.0,0.0,0.0,0.0,42.0,0.0,0.0,0.0,0.0,0.0,0.0,0.0,0.0,0.0,0.0,0.0,0.0,0.0,50.0,0.0,0.0,dbS.F
dbN.2.F,0.0,6.0,0.0,0.0,0.0,0.0,0.0,0.0,0.0,0.0,0.0,0.0,0.0,0.0,14.0,0.0,0.0,0.0,0.0,0.0,0.0,0.0,0.0,0.0,0.0,0.0,0.0,0.0,0.0,0.0,0.0,0.0,0.0,0.0,0.0,0.0,0.0,0.0,0.0,0.0,0.0,0.0,0.0,0.0,0.0,0.0,0.0,7.0,0.0,57.0,0.0,0.0,0.0,0.0,33.0,0.0,0.0,0.0,89.0,0.0,0.0,0.0,12.0,0.0,0.0,0.0,0.0,0.0,0.0,0.0,0.0,0.0,3.0,12141.0,0.0,0.0,15.0,0.0,0.0,0.0,0.0,0.0,0.0,0.0,0.0,0.0,0.0,0.0,14.0,0.0,0.0,0.0,0.0,0.0,0.0,0.0,0.0,0.0,0.0,0.0,0.0,0.0,0.0,0.0,0.0,0.0,0.0,0.0,0.0,0.0,0.0,0.0,0.0,0.0,0.0,0.0,0.0,5.0,0.0,35.0,0.0,0.0,0.0,0.0,0.0,0.0,0.0,122.0,0.0,0.0,0.0,0.0,0.0,0.0,0.0,0.0,0.0,0.0,426.0,4.0,0.0,293.0,58.0,75.0,0.0,0.0,12913.0,0.0,3.0,22.0,17.0,0.0,0.0,5.0,1.0,0.0,47.0,0.0,623.0,20.0,22.0,0.0,636.0,17.0,903.0,11.0,33.0,0.0,0.0,0.0,0.0,0.0,0.0,0.0,0.0,0.0,0.0,0.0,0.0,0.0,0.0,0.0,0.0,0.0,0.0,0.0,0.0,0.0,0.0,0.0,0.0,0.0,0.0,0.0,0.0,0.0,0.0,0.0,0.0,0.0,0.0,0.0,0.0,0.0,427.0,0.0,0.0,0.0,0.0,0.0,0.0,2.0,0.0,0.0,0.0,2.0,0.0,1.0,0.0,0.0,0.0,0.0,0.0,8.0,102.0,0.0,0.0,0.0,0.0,0.0,0.0,0.0,0.0,0.0,0.0,0.0,0.0,0.0,0.0,89.0,0.0,0.0,0.0,0.0,0.0,0.0,0.0,0.0,2.0,0.0,1.0,0.0,0.0,0.0,0.0,0.0,0.0,0.0,0.0,1.0,0.0,47.0,301.0,1.0,0.0,3.0,0.0,9.0,0.0,0.0,0.0,0.0,0.0,0.0,0.0,0.0,0.0,0.0,0.0,0.0,0.0,0.0,0.0,0.0,dbN.F
dbN.1.F,1.0,0.0,0.0,0.0,0.0,0.0,0.0,0.0,0.0,0.0,0.0,0.0,0.0,0.0,16.0,0.0,0.0,0.0,0.0,0.0,0.0,0.0,0.0,0.0,0.0,0.0,0.0,0.0,0.0,0.0,0.0,0.0,0.0,0.0,0.0,0.0,0.0,0.0,0.0,0.0,0.0,0.0,0.0,0.0,0.0,0.0,0.0,13.0,0.0,561.0,0.0,0.0,0.0,0.0,180.0,0.0,0.0,0.0,10.0,1.0,0.0,0.0,21.0,0.0,0.0,0.0,0.0,0.0,0.0,0.0,0.0,0.0,0.0,15561.0,0.0,0.0,0.0,0.0,0.0,0.0,0.0,0.0,0.0,0.0,0.0,0.0,0.0,0.0,64.0,0.0,0.0,0.0,0.0,0.0,0.0,0.0,0.0,0.0,0.0,0.0,0.0,0.0,0.0,0.0,0.0,0.0,0.0,0.0,0.0,0.0,0.0,0.0,0.0,0.0,0.0,0.0,0.0,0.0,0.0,35.0,0.0,0.0,0.0,0.0,0.0,0.0,0.0,51.0,0.0,0.0,0.0,0.0,0.0,0.0,0.0,0.0,0.0,0.0,1888.0,0.0,0.0,59.0,54.0,55.0,0.0,0.0,8915.0,0.0,0.0,0.0,1329.0,0.0,0.0,0.0,0.0,0.0,6.0,0.0,52.0,3.0,9.0,0.0,69.0,24.0,202.0,3.0,3.0,0.0,0.0,0.0,0.0,0.0,0.0,0.0,0.0,0.0,0.0,0.0,0.0,0.0,0.0,0.0,0.0,0.0,0.0,0.0,0.0,0.0,0.0,0.0,0.0,0.0,0.0,0.0,0.0,0.0,0.0,0.0,0.0,0.0,0.0,0.0,0.0,0.0,7.0,0.0,0.0,0.0,0.0,0.0,0.0,0.0,0.0,2.0,0.0,0.0,0.0,0.0,0.0,0.0,0.0,0.0,0.0,13.0,0.0,0.0,0.0,0.0,0.0,9.0,0.0,0.0,0.0,0.0,0.0,0.0,0.0,41.0,0.0,96.0,0.0,0.0,0.0,0.0,0.0,0.0,0.0,0.0,54.0,0.0,0.0,0.0,0.0,0.0,0.0,0.0,0.0,0.0,0.0,3.0,0.0,67.0,201.0,0.0,0.0,0.0,0.0,0.0,0.0,0.0,0.0,0.0,0.0,0.0,0.0,0.0,0.0,0.0,0.0,0.0,0.0,0.0,0.0,0.0,dbN.F
WTS.2.F,2.0,0.0,0.0,0.0,0.0,0.0,0.0,0.0,0.0,0.0,0.0,0.0,0.0,0.0,1.0,0.0,0.0,0.0,0.0,0.0,0.0,0.0,0.0,0.0,0.0,0.0,0.0,0.0,0.0,0.0,0.0,0.0,0.0,0.0,0.0,0.0,0.0,0.0,0.0,0.0,0.0,0.0,0.0,0.0,0.0,0.0,2.0,95.0,0.0,256.0,0.0,0.0,0.0,0.0,3.0,0.0,0.0,0.0,403.0,0.0,0.0,0.0,289.0,0.0,0.0,0.0,0.0,0.0,0.0,0.0,0.0,0.0,0.0,14858.0,0.0,0.0,0.0,0.0,0.0,0.0,0.0,0.0,0.0,0.0,0.0,0.0,0.0,0.0,78.0,0.0,0.0,0.0,0.0,0.0,0.0,0.0,0.0,0.0,0.0,0.0,0.0,0.0,0.0,0.0,0.0,0.0,0.0,0.0,0.0,0.0,0.0,0.0,0.0,0.0,0.0,0.0,0.0,0.0,0.0,797.0,0.0,0.0,0.0,0.0,0.0,0.0,0.0,302.0,0.0,0.0,0.0,0.0,0.0,0.0,0.0,0.0,0.0,0.0,125.0,3.0,0.0,138.0,176.0,230.0,0.0,0.0,751.0,0.0,11.0,7.0,55.0,0.0,0.0,7.0,2.0,0.0,18.0,20.0,719.0,25.0,306.0,0.0,6852.0,16.0,2502.0,21.0,104.0,0.0,0.0,0.0,0.0,0.0,0.0,0.0,0.0,0.0,0.0,0.0,0.0,0.0,0.0,0.0,0.0,0.0,0.0,0.0,0.0,0.0,0.0,0.0,0.0,0.0,0.0,0.0,0.0,0.0,0.0,0.0,0.0,0.0,0.0,0.0,0.0,0.0,294.0,0.0,0.0,0.0,0.0,0.0,0.0,3.0,0.0,3.0,0.0,0.0,0.0,0.0,0.0,0.0,0.0,0.0,0.0,11.0,10.0,1.0,0.0,0.0,0.0,5.0,0.0,0.0,0.0,0.0,0.0,0.0,0.0,0.0,0.0,66.0,0.0,0.0,0.0,0.0,0.0,0.0,0.0,0.0,24.0,0.0,0.0,0.0,0.0,0.0,0.0,0.0,0.0,0.0,0.0,0.0,0.0,0.0,47.0,0.0,0.0,0.0,0.0,6.0,0.0,0.0,0.0,0.0,0.0,0.0,0.0,0.0,0.0,0.0,0.0,0.0,0.0,34.0,0.0,0.0,WTS.F
WTS.1.F,20.0,0.0,0.0,0.0,0.0,0.0,0.0,0.0,0.0,0.0,0.0,0.0,0.0,0.0,21.0,0.0,0.0,0.0,0.0,0.0,0.0,0.0,0.0,0.0,0.0,0.0,0.0,0.0,0.0,0.0,0.0,0.0,0.0,0.0,0.0,0.0,0.0,0.0,0.0,0.0,0.0,0.0,0.0,0.0,0.0,0.0,10.0,0.0,0.0,21.0,0.0,0.0,0.0,0.0,37.0,0.0,0.0,0.0,104.0,0.0,0.0,0.0,41.0,0.0,0.0,0.0,0.0,0.0,0.0,0.0,0.0,0.0,0.0,11675.0,0.0,0.0,1.0,0.0,0.0,0.0,0.0,0.0,0.0,0.0,0.0,0.0,0.0,0.0,97.0,0.0,0.0,0.0,0.0,0.0,0.0,0.0,0.0,0.0,0.0,0.0,0.0,0.0,0.0,0.0,0.0,0.0,0.0,0.0,0.0,0.0,0.0,0.0,0.0,0.0,0.0,0.0,5.0,0.0,15.0,286.0,0.0,0.0,0.0,0.0,0.0,0.0,0.0,151.0,0.0,0.0,0.0,0.0,0.0,0.0,0.0,0.0,0.0,0.0,154.0,5.0,0.0,31.0,13.0,105.0,0.0,0.0,1766.0,0.0,4.0,13.0,10.0,0.0,0.0,0.0,0.0,0.0,3.0,0.0,2579.0,29.0,128.0,0.0,5543.0,13.0,3906.0,29.0,39.0,0.0,0.0,0.0,0.0,0.0,0.0,0.0,0.0,0.0,0.0,0.0,0.0,0.0,0.0,0.0,0.0,0.0,0.0,0.0,0.0,0.0,0.0,0.0,0.0,0.0,0.0,0.0,0.0,0.0,0.0,0.0,0.0,0.0,0.0,0.0,0.0,0.0,418.0,0.0,0.0,0.0,0.0,0.0,0.0,0.0,0.0,4.0,0.0,0.0,0.0,0.0,0.0,0.0,0.0,0.0,0.0,22.0,3.0,3.0,0.0,0.0,0.0,44.0,0.0,0.0,0.0,0.0,0.0,0.0,0.0,1.0,0.0,1184.0,0.0,0.0,0.0,0.0,0.0,0.0,0.0,0.0,25.0,0.0,0.0,0.0,0.0,0.0,0.0,0.0,0.0,0.0,0.0,0.0,0.0,0.0,1010.0,0.0,0.0,0.0,0.0,0.0,0.0,0.0,0.0,0.0,0.0,0.0,0.0,0.0,0.0,0.0,0.0,0.0,0.0,110.0,0.0,0.0,WTS.F
dbS.2.F,1.0,0.0,0.0,0.0,0.0,0.0,0.0,0.0,0.0,0.0,0.0,0.0,0.0,0.0,9.0,0.0,0.0,0.0,0.0,6.0,0.0,0.0,0.0,0.0,0.0,0.0,0.0,0.0,0.0,0.0,0.0,0.0,0.0,0.0,0.0,0.0,0.0,0.0,0.0,0.0,0.0,0.0,0.0,0.0,0.0,0.0,15.0,6.0,0.0,147.0,0.0,7.0,0.0,0.0,169.0,0.0,0.0,0.0,692.0,0.0,0.0,0.0,44.0,0.0,0.0,0.0,0.0,0.0,7.0,0.0,0.0,0.0,0.0,10286.0,0.0,17.0,21.0,0.0,0.0,0.0,0.0,0.0,0.0,2.0,0.0,4.0,0.0,0.0,100.0,0.0,0.0,0.0,0.0,0.0,0.0,0.0,0.0,0.0,0.0,0.0,0.0,0.0,0.0,0.0,0.0,0.0,0.0,0.0,0.0,0.0,0.0,0.0,0.0,0.0,0.0,2.0,0.0,0.0,6.0,106.0,9.0,0.0,0.0,0.0,0.0,0.0,0.0,117.0,0.0,0.0,0.0,0.0,0.0,0.0,0.0,0.0,0.0,0.0,1802.0,0.0,0.0,560.0,587.0,153.0,0.0,0.0,7169.0,0.0,29.0,24.0,57.0,0.0,0.0,6.0,0.0,0.0,33.0,1.0,481.0,25.0,47.0,0.0,2278.0,30.0,1539.0,17.0,427.0,0.0,0.0,0.0,0.0,0.0,0.0,2.0,39.0,0.0,0.0,19.0,0.0,0.0,0.0,0.0,0.0,0.0,0.0,0.0,0.0,0.0,6.0,0.0,0.0,0.0,0.0,0.0,12.0,0.0,0.0,0.0,0.0,0.0,0.0,0.0,0.0,0.0,295.0,0.0,0.0,0.0,0.0,2.0,0.0,138.0,5.0,105.0,0.0,0.0,0.0,0.0,0.0,0.0,0.0,0.0,0.0,104.0,67.0,12.0,13.0,0.0,0.0,162.0,0.0,0.0,0.0,0.0,0.0,0.0,0.0,0.0,0.0,389.0,0.0,0.0,0.0,0.0,0.0,0.0,0.0,0.0,54.0,0.0,0.0,0.0,0.0,0.0,0.0,0.0,0.0,0.0,0.0,0.0,0.0,123.0,882.0,0.0,0.0,9.0,0.0,132.0,0.0,0.0,0.0,0.0,0.0,4.0,0.0,0.0,0.0,0.0,1.0,0.0,2.0,53.0,10.0,0.0,dbS.F
dbN.1.O,164.0,61.0,0.0,0.0,0.0,0.0,0.0,0.0,0.0,0.0,0.0,0.0,0.0,0.0,462.0,0.0,0.0,0.0,0.0,0.0,0.0,0.0,0.0,0.0,0.0,0.0,0.0,0.0,0.0,0.0,0.0,0.0,0.0,0.0,0.0,0.0,0.0,0.0,0.0,0.0,0.0,7.0,6.0,0.0,0.0,0.0,0.0,46.0,0.0,73.0,0.0,0.0,0.0,0.0,1.0,0.0,0.0,0.0,20.0,0.0,0.0,0.0,18.0,0.0,0.0,0.0,0.0,5.0,16.0,0.0,0.0,0.0,0.0,806.0,0.0,0.0,0.0,0.0,0.0,0.0,0.0,0.0,0.0,0.0,0.0,0.0,0.0,0.0,162.0,0.0,0.0,0.0,0.0,0.0,0.0,0.0,0.0,0.0,0.0,0.0,0.0,0.0,0.0,0.0,0.0,0.0,0.0,0.0,0.0,0.0,0.0,0.0,0.0,0.0,0.0,0.0,0.0,0.0,3.0,18.0,0.0,0.0,0.0,0.0,0.0,0.0,0.0,43.0,0.0,0.0,0.0,0.0,0.0,0.0,0.0,0.0,0.0,0.0,45.0,1.0,0.0,2.0,0.0,50.0,0.0,0.0,25274.0,0.0,4.0,3.0,12.0,0.0,0.0,5.0,2.0,0.0,0.0,0.0,45.0,50.0,50.0,0.0,489.0,2.0,331.0,2.0,42.0,0.0,0.0,0.0,0.0,0.0,0.0,0.0,5.0,0.0,0.0,3.0,0.0,0.0,0.0,0.0,0.0,0.0,0.0,0.0,0.0,0.0,0.0,0.0,0.0,0.0,0.0,0.0,0.0,0.0,0.0,0.0,0.0,0.0,0.0,0.0,0.0,8.0,3.0,0.0,0.0,0.0,0.0,0.0,0.0,0.0,0.0,9.0,0.0,0.0,0.0,0.0,0.0,0.0,0.0,0.0,0.0,35.0,4.0,0.0,28.0,0.0,0.0,240.0,0.0,0.0,0.0,0.0,0.0,0.0,0.0,0.0,0.0,216.0,0.0,0.0,0.0,0.0,0.0,0.0,0.0,0.0,57.0,0.0,0.0,0.0,0.0,0.0,0.0,0.0,0.0,0.0,0.0,0.0,0.0,223.0,518.0,0.0,0.0,0.0,0.0,1.0,0.0,0.0,0.0,0.0,0.0,0.0,0.0,0.0,0.0,0.0,0.0,0.0,0.0,8.0,0.0,0.0,dbN.O
dbN.2.O,453.0,72.0,0.0,0.0,0.0,0.0,0.0,0.0,0.0,0.0,0.0,0.0,0.0,0.0,567.0,0.0,0.0,0.0,18.0,0.0,0.0,2.0,3.0,0.0,0.0,0.0,0.0,3.0,0.0,1.0,0.0,0.0,0.0,0.0,0.0,0.0,0.0,0.0,3.0,0.0,4.0,0.0,0.0,0.0,0.0,0.0,0.0,0.0,0.0,93.0,0.0,3.0,0.0,0.0,7.0,0.0,0.0,0.0,14.0,1.0,0.0,0.0,1.0,0.0,4.0,0.0,0.0,19.0,15.0,0.0,0.0,0.0,0.0,89.0,0.0,0.0,0.0,0.0,0.0,0.0,0.0,0.0,0.0,0.0,0.0,0.0,0.0,0.0,0.0,0.0,0.0,0.0,0.0,0.0,0.0,0.0,0.0,0.0,0.0,0.0,0.0,0.0,0.0,0.0,1.0,0.0,0.0,0.0,0.0,0.0,0.0,3.0,0.0,0.0,0.0,0.0,0.0,0.0,0.0,0.0,0.0,0.0,0.0,0.0,0.0,0.0,0.0,1.0,0.0,0.0,0.0,0.0,0.0,0.0,0.0,0.0,0.0,0.0,0.0,0.0,0.0,0.0,0.0,0.0,0.0,0.0,25828.0,0.0,6.0,0.0,114.0,0.0,0.0,0.0,0.0,0.0,0.0,0.0,0.0,0.0,0.0,0.0,33.0,0.0,29.0,0.0,0.0,0.0,0.0,0.0,0.0,0.0,0.0,0.0,0.0,0.0,0.0,0.0,0.0,0.0,0.0,16.0,0.0,0.0,0.0,0.0,0.0,0.0,0.0,0.0,0.0,0.0,0.0,0.0,0.0,0.0,3.0,0.0,7.0,0.0,0.0,0.0,0.0,0.0,10.0,0.0,0.0,0.0,0.0,0.0,0.0,0.0,0.0,4.0,3.0,0.0,6.0,0.0,0.0,0.0,0.0,0.0,4.0,46.0,0.0,0.0,30.0,0.0,0.0,35.0,0.0,0.0,0.0,0.0,0.0,0.0,0.0,0.0,0.0,402.0,0.0,0.0,0.0,0.0,0.0,0.0,0.0,0.0,147.0,0.0,0.0,0.0,0.0,0.0,0.0,0.0,0.0,0.0,0.0,0.0,0.0,155.0,1343.0,3.0,0.0,0.0,0.0,74.0,0.0,0.0,0.0,0.0,0.0,0.0,0.0,0.0,0.0,3.0,0.0,0.0,0.0,0.0,0.0,0.0,dbN.O
dbS.1.B,160.0,57.0,0.0,1.0,0.0,0.0,0.0,5.0,0.0,0.0,0.0,0.0,0.0,0.0,368.0,0.0,4.0,0.0,70.0,2.0,0.0,37.0,9.0,0.0,0.0,0.0,0.0,0.0,0.0,0.0,0.0,0.0,0.0,0.0,0.0,0.0,0.0,0.0,0.0,0.0,0.0,0.0,0.0,0.0,0.0,0.0,5.0,60.0,0.0,4.0,0.0,6.0,0.0,0.0,15.0,6.0,0.0,0.0,0.0,0.0,0.0,0.0,88.0,0.0,0.0,0.0,0.0,3.0,4.0,0.0,0.0,0.0,2.0,2498.0,34.0,3.0,0.0,0.0,0.0,0.0,9.0,0.0,0.0,0.0,0.0,0.0,0.0,0.0,1670.0,0.0,0.0,0.0,0.0,5.0,0.0,0.0,0.0,5.0,0.0,0.0,0.0,0.0,0.0,0.0,0.0,0.0,7.0,0.0,3.0,5.0,0.0,0.0,0.0,0.0,0.0,0.0,0.0,0.0,0.0,407.0,0.0,0.0,0.0,0.0,0.0,0.0,4.0,179.0,0.0,0.0,0.0,0.0,0.0,0.0,0.0,0.0,0.0,0.0,3766.0,5.0,0.0,24.0,0.0,446.0,0.0,27.0,7940.0,0.0,5.0,156.0,2.0,0.0,0.0,3.0,5.0,0.0,24.0,13.0,178.0,106.0,860.0,9.0,6212.0,16.0,2197.0,7.0,608.0,0.0,0.0,0.0,1.0,0.0,0.0,24.0,26.0,0.0,0.0,11.0,0.0,0.0,0.0,20.0,0.0,0.0,0.0,0.0,0.0,0.0,4.0,0.0,0.0,0.0,2.0,0.0,0.0,0.0,0.0,0.0,3.0,40.0,7.0,0.0,0.0,0.0,15.0,0.0,0.0,0.0,0.0,0.0,0.0,2.0,0.0,3.0,0.0,0.0,8.0,0.0,0.0,0.0,0.0,0.0,4.0,45.0,0.0,12.0,1.0,0.0,0.0,74.0,0.0,0.0,0.0,0.0,4.0,0.0,0.0,0.0,0.0,93.0,0.0,0.0,0.0,0.0,0.0,0.0,0.0,0.0,408.0,0.0,4.0,0.0,0.0,3.0,0.0,0.0,3.0,0.0,0.0,0.0,0.0,0.0,490.0,2.0,0.0,0.0,0.0,12.0,0.0,0.0,0.0,0.0,0.0,0.0,0.0,0.0,0.0,1.0,0.0,0.0,0.0,12.0,0.0,0.0,dbS.B
dbN.1.B,180.0,1.0,0.0,0.0,0.0,0.0,0.0,0.0,0.0,0.0,0.0,0.0,0.0,0.0,133.0,0.0,0.0,0.0,53.0,3.0,0.0,0.0,6.0,0.0,0.0,0.0,0.0,0.0,0.0,0.0,0.0,0.0,0.0,0.0,0.0,0.0,4.0,0.0,0.0,0.0,0.0,0.0,0.0,0.0,0.0,0.0,0.0,14.0,0.0,0.0,0.0,0.0,0.0,0.0,8.0,2.0,0.0,0.0,5.0,0.0,3.0,0.0,28.0,0.0,1.0,0.0,0.0,3.0,0.0,0.0,0.0,0.0,0.0,1336.0,4.0,0.0,0.0,0.0,0.0,0.0,0.0,0.0,0.0,0.0,0.0,0.0,0.0,0.0,1813.0,0.0,7.0,0.0,0.0,0.0,0.0,0.0,0.0,0.0,0.0,0.0,0.0,0.0,0.0,0.0,0.0,0.0,0.0,0.0,6.0,5.0,3.0,3.0,0.0,0.0,2.0,0.0,0.0,0.0,3.0,420.0,0.0,0.0,0.0,0.0,0.0,0.0,0.0,25.0,0.0,0.0,0.0,0.0,0.0,0.0,0.0,0.0,0.0,0.0,4689.0,9.0,0.0,0.0,0.0,208.0,0.0,0.0,9546.0,0.0,0.0,0.0,0.0,0.0,0.0,1.0,0.0,0.0,2.0,1.0,23.0,104.0,6985.0,0.0,2762.0,0.0,540.0,3.0,517.0,0.0,0.0,0.0,3.0,0.0,0.0,0.0,0.0,0.0,0.0,0.0,0.0,0.0,0.0,19.0,0.0,0.0,0.0,0.0,0.0,0.0,0.0,0.0,0.0,0.0,0.0,0.0,3.0,0.0,0.0,0.0,4.0,0.0,0.0,0.0,0.0,0.0,0.0,0.0,0.0,0.0,0.0,0.0,0.0,0.0,0.0,2.0,5.0,0.0,5.0,0.0,0.0,4.0,0.0,0.0,4.0,11.0,0.0,1.0,0.0,0.0,0.0,46.0,0.0,0.0,0.0,0.0,0.0,0.0,0.0,0.0,0.0,53.0,0.0,0.0,0.0,0.0,0.0,0.0,5.0,0.0,8.0,0.0,3.0,0.0,0.0,0.0,0.0,0.0,0.0,0.0,0.0,0.0,0.0,3.0,16.0,4.0,0.0,0.0,0.0,14.0,0.0,0.0,0.0,0.0,0.0,0.0,0.0,0.0,0.0,0.0,0.0,0.0,0.0,0.0,4.0,0.0,dbN.B
dbS.3.B,37.0,22.0,0.0,0.0,0.0,0.0,0.0,0.0,0.0,0.0,0.0,0.0,0.0,0.0,482.0,0.0,0.0,0.0,59.0,8.0,0.0,7.0,8.0,0.0,0.0,0.0,0.0,0.0,0.0,0.0,0.0,0.0,0.0,0.0,0.0,0.0,7.0,0.0,0.0,0.0,0.0,0.0,0.0,0.0,0.0,0.0,0.0,57.0,0.0,7.0,0.0,5.0,0.0,0.0,3.0,6.0,0.0,0.0,3.0,0.0,0.0,0.0,125.0,0.0,20.0,0.0,0.0,80.0,10.0,0.0,0.0,0.0,0.0,2720.0,0.0,0.0,0.0,0.0,0.0,0.0,0.0,0.0,0.0,0.0,0.0,0.0,0.0,0.0,727.0,0.0,8.0,0.0,1.0,0.0,0.0,0.0,0.0,0.0,4.0,0.0,0.0,0.0,0.0,0.0,0.0,0.0,0.0,0.0,5.0,0.0,1.0,2.0,0.0,0.0,0.0,2.0,0.0,0.0,0.0,381.0,0.0,0.0,0.0,0.0,0.0,0.0,0.0,183.0,0.0,0.0,0.0,0.0,0.0,0.0,0.0,0.0,0.0,0.0,4548.0,5.0,0.0,5.0,0.0,438.0,0.0,0.0,8943.0,0.0,0.0,0.0,0.0,0.0,0.0,3.0,3.0,0.0,52.0,2.0,91.0,55.0,280.0,4.0,6653.0,24.0,2213.0,13.0,637.0,0.0,0.0,0.0,0.0,0.0,0.0,0.0,0.0,0.0,0.0,0.0,0.0,0.0,0.0,39.0,0.0,0.0,0.0,0.0,0.0,1.0,8.0,0.0,0.0,0.0,3.0,0.0,5.0,0.0,8.0,0.0,17.0,0.0,0.0,0.0,0.0,0.0,14.0,0.0,0.0,0.0,0.0,0.0,0.0,0.0,1.0,0.0,7.0,0.0,6.0,0.0,0.0,13.0,0.0,0.0,6.0,49.0,0.0,7.0,0.0,0.0,0.0,74.0,0.0,0.0,0.0,0.0,0.0,0.0,0.0,0.0,0.0,205.0,0.0,0.0,0.0,0.0,0.0,0.0,7.0,0.0,68.0,0.0,0.0,0.0,0.0,0.0,0.0,0.0,0.0,0.0,0.0,0.0,0.0,0.0,81.0,0.0,0.0,0.0,0.0,51.0,0.0,0.0,0.0,0.0,0.0,0.0,0.0,0.0,0.0,39.0,0.0,3.0,0.0,17.0,0.0,0.0,dbS.B
WTS.1.B,946.0,110.0,3.0,0.0,19.0,0.0,14.0,0.0,0.0,5.0,0.0,0.0,0.0,0.0,710.0,0.0,0.0,0.0,121.0,15.0,0.0,19.0,36.0,0.0,0.0,0.0,0.0,11.0,0.0,9.0,0.0,0.0,0.0,0.0,0.0,0.0,14.0,0.0,0.0,0.0,0.0,0.0,4.0,0.0,0.0,0.0,0.0,1354.0,0.0,0.0,0.0,15.0,0.0,0.0,0.0,3.0,0.0,0.0,2.0,0.0,0.0,0.0,919.0,0.0,13.0,0.0,0.0,73.0,2.0,0.0,0.0,0.0,0.0,4658.0,36.0,11.0,10.0,0.0,0.0,0.0,0.0,0.0,0.0,0.0,0.0,0.0,0.0,0.0,159.0,0.0,0.0,0.0,0.0,0.0,0.0,0.0,0.0,0.0,1.0,0.0,0.0,0.0,0.0,0.0,0.0,0.0,0.0,0.0,4.0,0.0,0.0,0.0,0.0,0.0,6.0,8.0,0.0,0.0,3.0,175.0,4.0,0.0,0.0,0.0,0.0,0.0,0.0,418.0,0.0,0.0,0.0,0.0,0.0,0.0,0.0,0.0,0.0,0.0,1493.0,3.0,0.0,50.0,0.0,738.0,0.0,0.0,6746.0,0.0,0.0,0.0,0.0,0.0,0.0,0.0,0.0,0.0,19.0,29.0,170.0,165.0,156.0,0.0,6614.0,4.0,1278.0,37.0,160.0,0.0,0.0,0.0,0.0,0.0,0.0,0.0,0.0,0.0,0.0,0.0,0.0,0.0,0.0,54.0,0.0,0.0,0.0,0.0,0.0,4.0,4.0,0.0,0.0,0.0,0.0,0.0,2.0,0.0,8.0,0.0,21.0,0.0,0.0,0.0,0.0,0.0,18.0,0.0,32.0,0.0,0.0,0.0,4.0,5.0,26.0,7.0,1.0,0.0,28.0,0.0,6.0,23.0,0.0,0.0,4.0,229.0,3.0,29.0,13.0,0.0,0.0,42.0,0.0,0.0,0.0,0.0,0.0,0.0,0.0,0.0,0.0,385.0,0.0,0.0,0.0,0.0,0.0,0.0,0.0,0.0,94.0,0.0,0.0,0.0,0.0,0.0,0.0,0.0,0.0,0.0,0.0,0.0,0.0,0.0,832.0,2.0,0.0,0.0,0.0,56.0,0.0,0.0,0.0,0.0,0.0,0.0,0.0,0.0,0.0,67.0,0.0,16.0,0.0,91.0,0.0,0.0,WTS.B
dbN.3.B,45.0,13.0,0.0,0.0,0.0,0.0,5.0,0.0,0.0,0.0,0.0,0.0,0.0,0.0,88.0,0.0,0.0,0.0,121.0,2.0,15.0,9.0,15.0,0.0,0.0,12.0,0.0,0.0,0.0,21.0,0.0,6.0,0.0,4.0,6.0,0.0,24.0,0.0,0.0,17.0,3.0,386.0,19.0,25.0,0.0,31.0,0.0,7.0,0.0,5.0,26.0,11.0,7.0,0.0,13.0,2.0,75.0,0.0,27.0,8.0,21.0,7.0,15.0,0.0,73.0,4.0,3.0,24.0,6.0,0.0,0.0,0.0,4.0,1728.0,5.0,103.0,16.0,0.0,0.0,0.0,0.0,10.0,33.0,0.0,0.0,0.0,0.0,0.0,1925.0,0.0,37.0,0.0,0.0,12.0,0.0,0.0,0.0,0.0,0.0,0.0,19.0,0.0,0.0,0.0,27.0,50.0,6.0,2.0,9.0,0.0,0.0,0.0,0.0,3.0,5.0,67.0,0.0,0.0,4.0,737.0,12.0,0.0,0.0,0.0,0.0,0.0,0.0,74.0,0.0,0.0,0.0,0.0,0.0,0.0,0.0,23.0,0.0,0.0,4328.0,10.0,0.0,96.0,0.0,46.0,0.0,0.0,6062.0,0.0,2.0,0.0,4.0,0.0,0.0,4.0,0.0,0.0,3.0,0.0,42.0,65.0,3929.0,0.0,5017.0,2.0,1047.0,4.0,93.0,0.0,0.0,0.0,0.0,0.0,0.0,0.0,0.0,0.0,0.0,0.0,0.0,25.0,10.0,45.0,5.0,57.0,0.0,0.0,12.0,7.0,7.0,0.0,3.0,0.0,15.0,0.0,28.0,0.0,16.0,0.0,31.0,0.0,0.0,0.0,0.0,0.0,77.0,0.0,0.0,0.0,0.0,14.0,62.0,0.0,5.0,35.0,11.0,8.0,16.0,0.0,25.0,3.0,0.0,0.0,6.0,73.0,8.0,2.0,0.0,0.0,3.0,184.0,4.0,58.0,21.0,0.0,6.0,11.0,0.0,52.0,0.0,347.0,0.0,0.0,0.0,142.0,0.0,0.0,0.0,5.0,281.0,0.0,7.0,22.0,41.0,2.0,0.0,15.0,0.0,2.0,41.0,63.0,0.0,1.0,358.0,7.0,95.0,0.0,0.0,433.0,0.0,0.0,0.0,0.0,0.0,0.0,0.0,0.0,0.0,0.0,0.0,5.0,0.0,0.0,0.0,0.0,dbN.B
WTS.1.L,3957.0,1484.0,6.0,8.0,0.0,0.0,0.0,0.0,0.0,0.0,0.0,0.0,0.0,0.0,4833.0,0.0,0.0,0.0,0.0,0.0,0.0,0.0,0.0,0.0,0.0,0.0,0.0,0.0,0.0,0.0,0.0,0.0,0.0,0.0,0.0,0.0,0.0,0.0,0.0,0.0,0.0,0.0,0.0,0.0,0.0,0.0,0.0,629.0,0.0,0.0,0.0,0.0,0.0,0.0,127.0,0.0,0.0,0.0,39.0,2.0,0.0,0.0,270.0,0.0,0.0,0.0,0.0,0.0,0.0,0.0,0.0,0.0,0.0,3958.0,0.0,0.0,1.0,1.0,0.0,0.0,0.0,0.0,0.0,0.0,0.0,0.0,0.0,0.0,44.0,0.0,0.0,0.0,0.0,0.0,0.0,0.0,0.0,0.0,0.0,0.0,0.0,0.0,0.0,0.0,0.0,0.0,0.0,0.0,0.0,0.0,0.0,0.0,0.0,0.0,0.0,15.0,0.0,0.0,15.0,220.0,0.0,0.0,0.0,0.0,0.0,0.0,0.0,144.0,0.0,0.0,0.0,0.0,0.0,0.0,0.0,0.0,0.0,0.0,6.0,52.0,0.0,222.0,0.0,162.0,0.0,0.0,7187.0,0.0,0.0,11.0,171.0,0.0,0.0,2.0,0.0,0.0,0.0,0.0,123.0,89.0,57.0,0.0,3195.0,0.0,1097.0,2.0,34.0,0.0,0.0,0.0,0.0,0.0,0.0,0.0,0.0,0.0,0.0,0.0,0.0,0.0,0.0,0.0,0.0,0.0,0.0,0.0,0.0,0.0,0.0,0.0,0.0,0.0,0.0,0.0,0.0,1.0,0.0,0.0,0.0,0.0,0.0,0.0,0.0,0.0,0.0,0.0,0.0,0.0,0.0,0.0,0.0,0.0,0.0,7.0,0.0,0.0,0.0,0.0,0.0,0.0,0.0,0.0,0.0,16.0,14.0,3.0,35.0,0.0,0.0,7.0,0.0,0.0,0.0,0.0,0.0,0.0,0.0,0.0,0.0,878.0,0.0,0.0,0.0,0.0,0.0,0.0,0.0,0.0,63.0,0.0,0.0,0.0,0.0,0.0,0.0,0.0,0.0,0.0,0.0,0.0,0.0,65.0,278.0,0.0,0.0,0.0,0.0,13.0,0.0,0.0,0.0,0.0,0.0,0.0,0.0,0.0,0.0,0.0,0.0,0.0,0.0,135.0,0.0,0.0,WTS.L
WTN.1.L,4096.0,616.0,0.0,22.0,0.0,0.0,0.0,0.0,0.0,0.0,0.0,0.0,0.0,0.0,4817.0,0.0,0.0,0.0,0.0,0.0,0.0,0.0,0.0,0.0,0.0,0.0,0.0,0.0,0.0,0.0,0.0,0.0,0.0,0.0,0.0,0.0,0.0,0.0,0.0,9.0,0.0,0.0,0.0,4.0,0.0,0.0,0.0,147.0,0.0,24.0,0.0,6.0,0.0,0.0,33.0,0.0,0.0,0.0,8.0,1.0,0.0,2.0,51.0,0.0,0.0,0.0,0.0,0.0,0.0,0.0,0.0,0.0,0.0,874.0,24.0,0.0,28.0,17.0,0.0,0.0,0.0,0.0,0.0,0.0,0.0,0.0,0.0,0.0,7.0,0.0,0.0,0.0,0.0,0.0,0.0,0.0,0.0,0.0,0.0,0.0,4.0,0.0,0.0,0.0,0.0,0.0,0.0,0.0,0.0,0.0,0.0,0.0,0.0,0.0,0.0,34.0,0.0,0.0,3.0,19.0,0.0,0.0,0.0,0.0,0.0,0.0,0.0,16.0,0.0,0.0,0.0,0.0,0.0,0.0,0.0,0.0,0.0,0.0,4.0,0.0,0.0,215.0,0.0,33.0,0.0,0.0,521.0,0.0,0.0,0.0,23.0,0.0,0.0,0.0,0.0,0.0,4.0,11.0,13.0,8.0,9.0,0.0,266.0,0.0,126.0,0.0,11.0,0.0,0.0,0.0,0.0,0.0,0.0,3.0,14.0,0.0,0.0,0.0,0.0,0.0,0.0,0.0,0.0,0.0,0.0,0.0,0.0,0.0,0.0,0.0,0.0,0.0,0.0,0.0,0.0,0.0,0.0,0.0,0.0,0.0,8.0,0.0,0.0,0.0,9.0,0.0,0.0,0.0,3.0,0.0,0.0,0.0,0.0,5.0,0.0,0.0,0.0,0.0,4.0,0.0,0.0,0.0,0.0,14.0,5.0,0.0,28.0,0.0,0.0,15.0,0.0,0.0,2.0,0.0,0.0,0.0,0.0,2.0,0.0,3845.0,0.0,0.0,0.0,0.0,0.0,0.0,0.0,0.0,166.0,0.0,0.0,0.0,0.0,0.0,0.0,0.0,2.0,0.0,0.0,0.0,0.0,74.0,13257.0,0.0,0.0,0.0,0.0,110.0,0.0,0.0,0.0,0.0,0.0,0.0,0.0,0.0,0.0,0.0,0.0,0.0,0.0,6.0,0.0,0.0,WTN.L
WTN.2.O,764.0,171.0,0.0,3.0,0.0,0.0,0.0,0.0,0.0,0.0,0.0,0.0,0.0,0.0,14223.0,0.0,0.0,0.0,0.0,0.0,0.0,0.0,0.0,0.0,0.0,0.0,0.0,0.0,0.0,0.0,0.0,0.0,0.0,0.0,0.0,0.0,0.0,0.0,4.0,6.0,0.0,0.0,0.0,0.0,0.0,4.0,0.0,17.0,0.0,27.0,0.0,0.0,0.0,0.0,17.0,0.0,0.0,0.0,6.0,0.0,0.0,0.0,21.0,0.0,0.0,0.0,0.0,0.0,13.0,0.0,0.0,0.0,0.0,186.0,0.0,0.0,0.0,0.0,0.0,0.0,0.0,0.0,0.0,0.0,0.0,0.0,0.0,0.0,20.0,0.0,0.0,0.0,0.0,0.0,0.0,0.0,0.0,0.0,0.0,0.0,0.0,0.0,0.0,0.0,0.0,0.0,3.0,0.0,5.0,0.0,0.0,0.0,0.0,0.0,0.0,6.0,0.0,0.0,0.0,1.0,0.0,0.0,0.0,0.0,0.0,0.0,0.0,4.0,0.0,0.0,0.0,0.0,0.0,0.0,0.0,0.0,0.0,0.0,0.0,0.0,0.0,10.0,0.0,81.0,0.0,0.0,6471.0,0.0,0.0,0.0,81.0,0.0,0.0,0.0,3.0,0.0,0.0,0.0,15.0,7.0,58.0,0.0,122.0,2.0,55.0,0.0,116.0,0.0,0.0,0.0,0.0,0.0,0.0,0.0,0.0,0.0,0.0,0.0,0.0,0.0,0.0,0.0,0.0,0.0,0.0,0.0,0.0,0.0,0.0,0.0,0.0,0.0,0.0,0.0,0.0,0.0,0.0,0.0,0.0,0.0,0.0,0.0,0.0,0.0,0.0,0.0,0.0,0.0,0.0,0.0,0.0,0.0,0.0,5.0,0.0,0.0,0.0,0.0,0.0,0.0,0.0,0.0,0.0,8.0,0.0,6.0,23.0,0.0,0.0,9.0,0.0,0.0,0.0,0.0,0.0,0.0,0.0,8.0,0.0,4633.0,0.0,0.0,0.0,0.0,0.0,0.0,0.0,0.0,35.0,0.0,0.0,0.0,0.0,0.0,0.0,0.0,0.0,0.0,0.0,0.0,0.0,20.0,2405.0,0.0,0.0,0.0,0.0,4.0,0.0,0.0,0.0,0.0,0.0,0.0,0.0,0.0,0.0,0.0,0.0,0.0,0.0,0.0,0.0,0.0,WTN.O
WTS.1.O,465.0,93.0,0.0,0.0,0.0,0.0,0.0,0.0,0.0,0.0,0.0,0.0,0.0,0.0,7037.0,0.0,0.0,0.0,0.0,0.0,0.0,0.0,0.0,0.0,0.0,0.0,0.0,0.0,0.0,0.0,0.0,0.0,0.0,0.0,0.0,0.0,0.0,0.0,0.0,1.0,0.0,0.0,0.0,0.0,0.0,0.0,5.0,23.0,0.0,28.0,0.0,0.0,0.0,0.0,21.0,0.0,0.0,0.0,62.0,0.0,2.0,0.0,13.0,0.0,0.0,0.0,0.0,0.0,2.0,0.0,0.0,0.0,0.0,119.0,0.0,0.0,0.0,0.0,0.0,0.0,0.0,0.0,0.0,0.0,0.0,0.0,0.0,0.0,0.0,0.0,0.0,0.0,0.0,0.0,0.0,0.0,0.0,0.0,0.0,0.0,0.0,0.0,0.0,0.0,0.0,0.0,0.0,0.0,0.0,0.0,0.0,0.0,0.0,0.0,0.0,0.0,0.0,0.0,0.0,0.0,0.0,0.0,0.0,0.0,0.0,0.0,0.0,0.0,0.0,0.0,0.0,0.0,0.0,0.0,0.0,0.0,0.0,0.0,28.0,0.0,0.0,16.0,0.0,15.0,0.0,0.0,15765.0,0.0,13.0,0.0,438.0,3.0,0.0,1.0,0.0,0.0,2.0,2.0,21.0,9.0,43.0,0.0,175.0,4.0,597.0,0.0,96.0,0.0,0.0,0.0,0.0,0.0,0.0,0.0,0.0,0.0,0.0,0.0,0.0,0.0,0.0,0.0,0.0,0.0,0.0,0.0,0.0,0.0,0.0,0.0,0.0,0.0,0.0,0.0,2.0,0.0,2.0,0.0,0.0,0.0,0.0,0.0,0.0,0.0,0.0,0.0,0.0,0.0,0.0,0.0,0.0,0.0,0.0,6.0,0.0,0.0,0.0,0.0,0.0,0.0,0.0,0.0,0.0,26.0,0.0,3.0,5.0,0.0,0.0,4.0,0.0,0.0,0.0,0.0,0.0,0.0,3.0,1.0,0.0,3069.0,0.0,0.0,0.0,0.0,0.0,0.0,0.0,0.0,20.0,0.0,0.0,0.0,0.0,0.0,0.0,0.0,0.0,0.0,0.0,0.0,0.0,155.0,1257.0,0.0,0.0,2.0,0.0,24.0,0.0,0.0,0.0,0.0,0.0,0.0,0.0,0.0,0.0,0.0,0.0,0.0,0.0,0.0,0.0,0.0,WTS.O
WTS.2.O,939.0,617.0,0.0,10.0,0.0,6.0,0.0,0.0,0.0,0.0,0.0,0.0,0.0,13.0,3408.0,0.0,0.0,0.0,0.0,0.0,0.0,0.0,0.0,0.0,0.0,0.0,0.0,0.0,0.0,0.0,0.0,0.0,0.0,0.0,0.0,0.0,0.0,0.0,0.0,0.0,0.0,18.0,0.0,0.0,0.0,0.0,0.0,163.0,0.0,118.0,0.0,0.0,0.0,0.0,49.0,0.0,0.0,0.0,217.0,0.0,0.0,0.0,30.0,0.0,0.0,0.0,0.0,0.0,0.0,0.0,0.0,0.0,0.0,1471.0,0.0,0.0,0.0,0.0,0.0,0.0,0.0,0.0,0.0,0.0,0.0,0.0,0.0,0.0,16.0,0.0,0.0,0.0,0.0,0.0,0.0,0.0,0.0,0.0,0.0,0.0,0.0,0.0,0.0,0.0,0.0,0.0,0.0,0.0,0.0,0.0,0.0,0.0,0.0,0.0,0.0,25.0,0.0,0.0,2.0,5.0,0.0,0.0,0.0,0.0,0.0,0.0,0.0,31.0,0.0,0.0,0.0,0.0,2.0,0.0,0.0,0.0,0.0,0.0,107.0,0.0,0.0,107.0,119.0,53.0,0.0,0.0,18552.0,0.0,0.0,2.0,48.0,0.0,0.0,5.0,0.0,0.0,4.0,0.0,98.0,8.0,14.0,0.0,587.0,4.0,293.0,3.0,2.0,0.0,0.0,0.0,0.0,0.0,0.0,0.0,0.0,0.0,0.0,0.0,0.0,0.0,0.0,0.0,0.0,0.0,0.0,0.0,0.0,0.0,0.0,0.0,0.0,0.0,0.0,0.0,0.0,0.0,0.0,0.0,0.0,0.0,0.0,0.0,0.0,0.0,11.0,0.0,0.0,0.0,0.0,0.0,0.0,0.0,0.0,16.0,0.0,0.0,0.0,0.0,0.0,0.0,0.0,5.0,0.0,82.0,7.0,0.0,25.0,0.0,0.0,22.0,0.0,0.0,0.0,0.0,0.0,0.0,0.0,4.0,0.0,653.0,0.0,0.0,0.0,4.0,0.0,0.0,0.0,0.0,16.0,0.0,3.0,0.0,0.0,0.0,0.0,0.0,0.0,0.0,0.0,0.0,0.0,137.0,1453.0,0.0,0.0,0.0,0.0,0.0,0.0,0.0,0.0,5.0,0.0,0.0,0.0,0.0,0.0,0.0,0.0,0.0,0.0,89.0,0.0,0.0,WTS.O
WTN.3.O,1024.0,92.0,0.0,4.0,0.0,0.0,0.0,0.0,0.0,0.0,0.0,0.0,0.0,0.0,2211.0,0.0,0.0,0.0,0.0,0.0,0.0,0.0,0.0,0.0,0.0,0.0,0.0,0.0,0.0,0.0,0.0,0.0,0.0,0.0,0.0,0.0,0.0,0.0,0.0,0.0,0.0,0.0,0.0,0.0,0.0,0.0,0.0,4.0,0.0,21.0,0.0,0.0,0.0,0.0,228.0,0.0,0.0,0.0,52.0,0.0,0.0,0.0,3.0,0.0,0.0,0.0,0.0,0.0,0.0,0.0,0.0,0.0,0.0,933.0,0.0,0.0,0.0,0.0,0.0,0.0,0.0,0.0,0.0,0.0,0.0,0.0,0.0,0.0,5.0,0.0,0.0,0.0,0.0,0.0,0.0,0.0,0.0,0.0,0.0,0.0,0.0,0.0,0.0,0.0,0.0,0.0,0.0,0.0,0.0,0.0,6.0,0.0,0.0,0.0,0.0,0.0,0.0,0.0,1.0,18.0,0.0,0.0,0.0,0.0,0.0,0.0,0.0,14.0,0.0,0.0,0.0,0.0,0.0,0.0,0.0,0.0,0.0,0.0,41.0,0.0,0.0,33.0,9.0,10.0,0.0,0.0,22460.0,0.0,1.0,0.0,12.0,0.0,0.0,0.0,0.0,0.0,0.0,0.0,164.0,2.0,11.0,0.0,297.0,0.0,280.0,0.0,6.0,0.0,0.0,0.0,0.0,0.0,0.0,0.0,0.0,0.0,0.0,0.0,0.0,0.0,0.0,0.0,0.0,0.0,0.0,0.0,0.0,0.0,0.0,0.0,0.0,0.0,0.0,0.0,0.0,0.0,0.0,0.0,0.0,0.0,0.0,0.0,0.0,0.0,14.0,0.0,0.0,0.0,0.0,0.0,0.0,0.0,0.0,0.0,0.0,0.0,0.0,0.0,0.0,0.0,0.0,0.0,0.0,46.0,1.0,0.0,45.0,0.0,0.0,189.0,0.0,0.0,0.0,0.0,0.0,0.0,0.0,0.0,0.0,599.0,0.0,0.0,0.0,0.0,0.0,0.0,0.0,0.0,10.0,0.0,0.0,0.0,0.0,0.0,0.0,0.0,0.0,0.0,0.0,0.0,0.0,43.0,786.0,0.0,0.0,0.0,0.0,0.0,0.0,0.0,0.0,0.0,0.0,2.0,0.0,0.0,0.0,0.0,0.0,0.0,0.0,1.0,0.0,0.0,WTN.O
WTN.1.O,555.0,173.0,0.0,3.0,0.0,0.0,0.0,0.0,0.0,0.0,0.0,0.0,0.0,0.0,2810.0,0.0,0.0,0.0,0.0,0.0,0.0,0.0,0.0,0.0,0.0,0.0,0.0,0.0,0.0,0.0,0.0,0.0,0.0,0.0,0.0,0.0,0.0,0.0,0.0,0.0,0.0,1.0,0.0,0.0,0.0,0.0,0.0,37.0,0.0,656.0,0.0,0.0,0.0,0.0,96.0,0.0,0.0,0.0,52.0,10.0,0.0,0.0,69.0,0.0,0.0,0.0,0.0,0.0,36.0,0.0,0.0,0.0,0.0,2041.0,0.0,0.0,0.0,0.0,0.0,0.0,0.0,0.0,0.0,0.0,0.0,0.0,0.0,0.0,5.0,0.0,0.0,0.0,0.0,0.0,0.0,0.0,0.0,5.0,0.0,0.0,4.0,0.0,0.0,0.0,0.0,0.0,0.0,0.0,0.0,0.0,0.0,0.0,0.0,0.0,0.0,3.0,0.0,0.0,0.0,25.0,0.0,0.0,0.0,0.0,0.0,0.0,0.0,27.0,0.0,0.0,0.0,0.0,0.0,0.0,0.0,0.0,0.0,0.0,132.0,6.0,0.0,182.0,247.0,48.0,0.0,0.0,20573.0,0.0,20.0,15.0,526.0,0.0,1.0,2.0,0.0,0.0,6.0,0.0,108.0,8.0,0.0,0.0,270.0,7.0,275.0,5.0,38.0,0.0,0.0,0.0,0.0,0.0,0.0,0.0,0.0,0.0,0.0,0.0,0.0,0.0,0.0,0.0,0.0,0.0,0.0,0.0,0.0,0.0,2.0,0.0,0.0,0.0,0.0,0.0,0.0,0.0,0.0,0.0,0.0,0.0,0.0,0.0,0.0,0.0,28.0,0.0,0.0,0.0,0.0,0.0,0.0,2.0,0.0,6.0,0.0,0.0,0.0,5.0,0.0,0.0,0.0,0.0,0.0,36.0,6.0,0.0,2.0,0.0,0.0,20.0,0.0,0.0,0.0,0.0,0.0,0.0,0.0,0.0,0.0,131.0,0.0,0.0,0.0,0.0,0.0,0.0,0.0,0.0,10.0,0.0,1.0,0.0,0.0,0.0,0.0,0.0,0.0,0.0,0.0,0.0,0.0,77.0,269.0,2.0,0.0,0.0,0.0,0.0,0.0,0.0,0.0,0.0,0.0,0.0,0.0,0.0,0.0,0.0,0.0,0.0,0.0,4.0,0.0,0.0,WTN.O
dbS.3.O,277.0,50.0,0.0,0.0,0.0,0.0,0.0,0.0,0.0,0.0,0.0,0.0,0.0,0.0,1487.0,0.0,0.0,0.0,0.0,0.0,0.0,0.0,0.0,0.0,0.0,0.0,0.0,0.0,0.0,0.0,0.0,0.0,0.0,0.0,0.0,0.0,0.0,0.0,0.0,0.0,0.0,1.0,0.0,0.0,0.0,0.0,2.0,10.0,0.0,464.0,0.0,3.0,0.0,0.0,42.0,0.0,0.0,0.0,203.0,0.0,7.0,0.0,18.0,0.0,0.0,0.0,0.0,0.0,8.0,0.0,0.0,0.0,0.0,2399.0,0.0,0.0,2.0,2.0,0.0,0.0,0.0,0.0,0.0,0.0,0.0,0.0,0.0,0.0,40.0,0.0,0.0,0.0,0.0,0.0,0.0,0.0,0.0,0.0,0.0,0.0,0.0,0.0,0.0,0.0,0.0,0.0,0.0,0.0,0.0,0.0,0.0,0.0,0.0,0.0,0.0,0.0,0.0,0.0,0.0,20.0,1.0,0.0,0.0,0.0,0.0,0.0,0.0,52.0,0.0,0.0,0.0,0.0,0.0,0.0,0.0,0.0,0.0,0.0,143.0,0.0,0.0,584.0,362.0,25.0,0.0,0.0,19068.0,0.0,24.0,0.0,69.0,0.0,0.0,0.0,0.0,0.0,5.0,0.0,95.0,2.0,4.0,0.0,402.0,6.0,243.0,5.0,3.0,0.0,0.0,0.0,0.0,0.0,0.0,0.0,1.0,0.0,0.0,0.0,0.0,0.0,0.0,0.0,0.0,0.0,0.0,0.0,0.0,0.0,0.0,0.0,0.0,0.0,0.0,0.0,0.0,0.0,0.0,0.0,0.0,0.0,0.0,0.0,0.0,0.0,33.0,0.0,0.0,0.0,2.0,4.0,0.0,0.0,0.0,3.0,0.0,0.0,0.0,0.0,0.0,0.0,0.0,0.0,0.0,21.0,7.0,0.0,13.0,0.0,0.0,14.0,0.0,0.0,0.0,0.0,0.0,0.0,0.0,0.0,0.0,338.0,0.0,0.0,0.0,0.0,0.0,0.0,0.0,0.0,6.0,0.0,0.0,0.0,0.0,0.0,0.0,0.0,0.0,0.0,0.0,0.0,0.0,2425.0,679.0,0.0,0.0,4.0,0.0,0.0,0.0,0.0,0.0,0.0,0.0,0.0,0.0,0.0,0.0,0.0,0.0,0.0,0.0,0.0,0.0,0.0,dbS.O
WTN.2.L,409.0,109.0,0.0,9.0,0.0,0.0,0.0,0.0,0.0,0.0,0.0,0.0,0.0,0.0,1758.0,0.0,0.0,0.0,95.0,14.0,0.0,22.0,9.0,0.0,0.0,0.0,0.0,41.0,0.0,25.0,0.0,0.0,0.0,6.0,3.0,0.0,30.0,0.0,4.0,0.0,0.0,3.0,7.0,11.0,0.0,4.0,22.0,1023.0,0.0,158.0,0.0,20.0,0.0,0.0,181.0,3.0,0.0,0.0,55.0,2.0,14.0,0.0,121.0,0.0,14.0,0.0,0.0,85.0,30.0,0.0,0.0,4.0,0.0,2820.0,5.0,1.0,3.0,8.0,0.0,0.0,0.0,0.0,0.0,0.0,5.0,0.0,0.0,0.0,99.0,0.0,4.0,0.0,0.0,0.0,0.0,0.0,0.0,0.0,0.0,0.0,4.0,0.0,0.0,0.0,5.0,0.0,14.0,0.0,12.0,0.0,0.0,0.0,0.0,0.0,3.0,142.0,0.0,0.0,0.0,55.0,0.0,0.0,8.0,0.0,0.0,0.0,0.0,99.0,0.0,0.0,0.0,0.0,1.0,0.0,0.0,6.0,0.0,0.0,170.0,0.0,3.0,41.0,0.0,238.0,7.0,0.0,2172.0,0.0,1.0,0.0,375.0,3.0,0.0,4.0,0.0,0.0,31.0,0.0,52.0,18.0,299.0,0.0,2837.0,8.0,1617.0,8.0,339.0,0.0,0.0,0.0,5.0,0.0,0.0,19.0,286.0,0.0,0.0,160.0,1.0,0.0,1.0,63.0,4.0,0.0,0.0,0.0,0.0,10.0,19.0,0.0,1.0,0.0,5.0,0.0,8.0,7.0,16.0,0.0,29.0,0.0,0.0,13.0,0.0,0.0,16.0,0.0,0.0,0.0,0.0,0.0,5.0,305.0,0.0,39.0,3.0,0.0,15.0,0.0,0.0,25.0,0.0,0.0,7.0,133.0,27.0,15.0,876.0,0.0,0.0,124.0,0.0,0.0,0.0,0.0,0.0,0.0,2.0,5.0,0.0,8703.0,0.0,0.0,0.0,4.0,0.0,4.0,4.0,0.0,327.0,0.0,3.0,0.0,0.0,0.0,5.0,0.0,0.0,0.0,0.0,8.0,2.0,603.0,1645.0,2.0,7.0,12.0,0.0,65.0,0.0,0.0,0.0,8.0,0.0,0.0,0.0,0.0,4.0,39.0,0.0,0.0,0.0,180.0,1.0,0.0,WTN.L
WTS.2.B,3.0,0.0,0.0,0.0,0.0,0.0,0.0,0.0,0.0,0.0,0.0,0.0,0.0,0.0,9.0,0.0,0.0,0.0,0.0,0.0,0.0,0.0,0.0,0.0,0.0,0.0,0.0,0.0,0.0,0.0,0.0,0.0,0.0,0.0,0.0,0.0,0.0,0.0,0.0,0.0,0.0,0.0,0.0,0.0,0.0,0.0,0.0,8485.0,0.0,24.0,0.0,0.0,0.0,0.0,0.0,0.0,0.0,0.0,68.0,0.0,0.0,0.0,4817.0,0.0,0.0,0.0,0.0,0.0,0.0,0.0,0.0,0.0,0.0,3728.0,0.0,0.0,0.0,0.0,0.0,0.0,0.0,0.0,0.0,0.0,0.0,0.0,0.0,0.0,0.0,0.0,0.0,0.0,0.0,0.0,0.0,0.0,0.0,0.0,0.0,0.0,0.0,0.0,0.0,0.0,0.0,0.0,0.0,0.0,0.0,0.0,0.0,0.0,0.0,0.0,0.0,0.0,0.0,0.0,0.0,0.0,0.0,0.0,0.0,0.0,0.0,0.0,0.0,727.0,0.0,0.0,0.0,0.0,0.0,0.0,0.0,0.0,0.0,0.0,2508.0,0.0,0.0,0.0,5.0,259.0,0.0,0.0,7630.0,0.0,0.0,0.0,114.0,0.0,0.0,0.0,0.0,0.0,0.0,0.0,3.0,0.0,7.0,0.0,1199.0,0.0,10.0,0.0,28.0,0.0,0.0,0.0,0.0,0.0,0.0,0.0,0.0,0.0,0.0,0.0,0.0,0.0,0.0,0.0,0.0,0.0,0.0,0.0,0.0,0.0,0.0,0.0,0.0,0.0,0.0,0.0,0.0,0.0,0.0,0.0,0.0,0.0,0.0,0.0,0.0,0.0,5.0,0.0,0.0,0.0,0.0,0.0,0.0,0.0,0.0,1.0,0.0,0.0,0.0,0.0,0.0,0.0,0.0,0.0,0.0,0.0,0.0,0.0,0.0,0.0,0.0,0.0,0.0,0.0,0.0,0.0,0.0,0.0,0.0,0.0,0.0,8.0,0.0,0.0,0.0,0.0,0.0,0.0,0.0,0.0,4.0,0.0,0.0,0.0,0.0,0.0,0.0,0.0,0.0,0.0,0.0,0.0,0.0,0.0,8.0,0.0,0.0,0.0,0.0,0.0,0.0,0.0,0.0,0.0,0.0,0.0,0.0,0.0,0.0,0.0,0.0,0.0,0.0,28.0,0.0,0.0,WTS.B
dbS.2.L,430.0,26.0,0.0,0.0,0.0,0.0,0.0,0.0,0.0,0.0,0.0,0.0,0.0,0.0,3790.0,0.0,0.0,0.0,0.0,0.0,0.0,0.0,0.0,0.0,0.0,0.0,0.0,0.0,0.0,0.0,0.0,0.0,0.0,0.0,0.0,0.0,0.0,0.0,0.0,0.0,0.0,0.0,0.0,0.0,0.0,0.0,0.0,87.0,0.0,22.0,0.0,0.0,0.0,0.0,22.0,0.0,0.0,0.0,15.0,0.0,0.0,0.0,11.0,0.0,0.0,0.0,0.0,0.0,0.0,0.0,0.0,0.0,0.0,314.0,0.0,0.0,2.0,0.0,0.0,0.0,0.0,0.0,0.0,0.0,0.0,0.0,0.0,0.0,34.0,0.0,0.0,0.0,0.0,0.0,0.0,0.0,0.0,0.0,0.0,0.0,0.0,0.0,0.0,0.0,0.0,0.0,0.0,0.0,5.0,0.0,0.0,0.0,0.0,0.0,0.0,26.0,0.0,0.0,0.0,35.0,0.0,0.0,0.0,0.0,0.0,0.0,0.0,31.0,0.0,0.0,0.0,0.0,0.0,0.0,0.0,0.0,0.0,0.0,75.0,7.0,0.0,20.0,0.0,26.0,0.0,0.0,14775.0,0.0,0.0,0.0,103.0,0.0,0.0,0.0,0.0,0.0,0.0,0.0,3.0,9.0,51.0,0.0,263.0,0.0,154.0,0.0,37.0,0.0,0.0,0.0,0.0,0.0,0.0,0.0,0.0,0.0,0.0,0.0,0.0,0.0,0.0,0.0,0.0,0.0,0.0,0.0,0.0,0.0,0.0,0.0,0.0,0.0,0.0,0.0,0.0,24.0,0.0,0.0,0.0,0.0,0.0,0.0,0.0,0.0,0.0,0.0,0.0,0.0,0.0,0.0,0.0,1.0,0.0,0.0,0.0,0.0,0.0,0.0,0.0,0.0,0.0,0.0,0.0,1.0,22.0,0.0,14.0,0.0,0.0,1.0,0.0,0.0,0.0,0.0,0.0,0.0,0.0,0.0,0.0,123.0,0.0,0.0,0.0,0.0,0.0,0.0,0.0,0.0,32.0,0.0,0.0,0.0,0.0,0.0,0.0,0.0,0.0,0.0,0.0,0.0,0.0,8917.0,164.0,0.0,0.0,0.0,0.0,0.0,0.0,0.0,0.0,0.0,0.0,0.0,0.0,0.0,0.0,0.0,0.0,0.0,0.0,6.0,0.0,0.0,dbS.L
dbS.1.L,1614.0,176.0,5.0,6.0,0.0,0.0,0.0,0.0,0.0,0.0,0.0,0.0,8.0,0.0,525.0,1.0,0.0,0.0,70.0,8.0,0.0,3.0,6.0,0.0,0.0,0.0,0.0,26.0,0.0,23.0,3.0,0.0,0.0,2.0,0.0,0.0,11.0,0.0,0.0,0.0,0.0,9.0,8.0,2.0,0.0,0.0,7.0,484.0,0.0,196.0,0.0,0.0,0.0,0.0,451.0,7.0,0.0,0.0,128.0,3.0,11.0,0.0,57.0,0.0,6.0,0.0,0.0,53.0,8.0,0.0,0.0,2.0,0.0,889.0,2.0,9.0,0.0,10.0,0.0,0.0,0.0,0.0,0.0,0.0,0.0,1.0,0.0,0.0,87.0,0.0,0.0,0.0,1.0,0.0,0.0,0.0,0.0,0.0,0.0,0.0,0.0,0.0,0.0,0.0,0.0,2.0,0.0,4.0,4.0,0.0,0.0,0.0,0.0,0.0,0.0,231.0,0.0,0.0,2.0,155.0,0.0,0.0,3.0,0.0,0.0,0.0,0.0,33.0,0.0,0.0,0.0,0.0,0.0,0.0,1.0,0.0,0.0,0.0,258.0,2.0,2.0,15.0,0.0,110.0,0.0,0.0,7976.0,0.0,16.0,0.0,136.0,0.0,0.0,0.0,0.0,0.0,0.0,0.0,18.0,19.0,101.0,0.0,2573.0,0.0,920.0,4.0,313.0,0.0,0.0,0.0,0.0,0.0,0.0,11.0,49.0,0.0,0.0,11.0,0.0,0.0,0.0,47.0,0.0,2.0,0.0,3.0,0.0,16.0,3.0,0.0,1.0,0.0,10.0,0.0,1.0,0.0,7.0,0.0,13.0,0.0,0.0,0.0,0.0,0.0,5.0,0.0,0.0,0.0,0.0,0.0,0.0,1.0,0.0,26.0,0.0,1.0,10.0,0.0,0.0,0.0,11.0,0.0,8.0,155.0,41.0,7.0,176.0,0.0,0.0,108.0,0.0,0.0,0.0,0.0,0.0,0.0,3.0,3.0,0.0,8917.0,0.0,0.0,1.0,0.0,0.0,3.0,0.0,0.0,729.0,0.0,2.0,0.0,0.0,0.0,0.0,0.0,0.0,0.0,0.0,0.0,0.0,188.0,1097.0,4.0,0.0,3.0,0.0,58.0,0.0,0.0,0.0,2.0,0.0,0.0,0.0,0.0,0.0,13.0,0.0,6.0,0.0,110.0,0.0,0.0,dbS.L
WTN.3.B,99.0,53.0,0.0,0.0,0.0,0.0,0.0,0.0,0.0,0.0,4.0,14.0,0.0,0.0,154.0,0.0,0.0,3.0,0.0,0.0,0.0,0.0,0.0,4.0,0.0,0.0,0.0,0.0,0.0,3.0,3.0,9.0,0.0,0.0,16.0,0.0,0.0,4.0,0.0,0.0,0.0,0.0,0.0,7.0,0.0,0.0,25.0,251.0,0.0,176.0,0.0,0.0,0.0,0.0,10.0,0.0,0.0,5.0,68.0,0.0,0.0,0.0,303.0,6.0,0.0,0.0,0.0,26.0,5.0,0.0,0.0,0.0,0.0,5767.0,0.0,0.0,0.0,5.0,5.0,0.0,0.0,0.0,0.0,0.0,0.0,0.0,0.0,25.0,3650.0,0.0,0.0,0.0,0.0,116.0,0.0,0.0,3.0,0.0,0.0,0.0,1.0,4.0,1.0,3.0,0.0,0.0,0.0,0.0,0.0,0.0,0.0,0.0,0.0,0.0,0.0,4.0,0.0,0.0,5.0,347.0,0.0,0.0,0.0,4.0,5.0,4.0,0.0,217.0,0.0,153.0,6.0,34.0,0.0,0.0,0.0,0.0,0.0,2.0,210.0,6.0,0.0,13.0,0.0,634.0,0.0,0.0,3027.0,0.0,0.0,5.0,42.0,0.0,0.0,34.0,4.0,0.0,45.0,13.0,231.0,70.0,290.0,9.0,9687.0,16.0,2630.0,24.0,230.0,5.0,0.0,0.0,0.0,0.0,0.0,0.0,3.0,0.0,0.0,13.0,0.0,0.0,0.0,0.0,0.0,0.0,10.0,0.0,0.0,0.0,0.0,0.0,0.0,0.0,0.0,0.0,0.0,0.0,0.0,0.0,0.0,0.0,0.0,0.0,0.0,0.0,14.0,0.0,0.0,0.0,0.0,0.0,0.0,2.0,1.0,0.0,0.0,0.0,0.0,0.0,0.0,0.0,0.0,0.0,0.0,8.0,33.0,9.0,20.0,0.0,0.0,42.0,0.0,0.0,0.0,0.0,0.0,0.0,0.0,0.0,0.0,198.0,0.0,0.0,0.0,4.0,2.0,0.0,0.0,0.0,132.0,0.0,0.0,0.0,0.0,0.0,0.0,0.0,0.0,0.0,9.0,0.0,0.0,34.0,130.0,0.0,16.0,4.0,0.0,0.0,0.0,4.0,12.0,2.0,0.0,84.0,0.0,0.0,0.0,0.0,0.0,7.0,0.0,51.0,0.0,0.0,WTN.B
dbN.1.L,425.0,57.0,0.0,1.0,0.0,0.0,23.0,0.0,0.0,0.0,0.0,0.0,0.0,0.0,2463.0,9.0,0.0,0.0,72.0,197.0,0.0,16.0,11.0,0.0,5.0,18.0,5.0,40.0,3.0,66.0,0.0,0.0,2.0,6.0,41.0,4.0,341.0,0.0,52.0,55.0,30.0,63.0,48.0,241.0,22.0,32.0,0.0,593.0,0.0,121.0,21.0,357.0,15.0,16.0,1783.0,247.0,0.0,0.0,960.0,165.0,633.0,121.0,68.0,0.0,112.0,145.0,27.0,421.0,646.0,0.0,2.0,0.0,0.0,591.0,18.0,56.0,0.0,7.0,0.0,0.0,0.0,0.0,0.0,0.0,40.0,4.0,1.0,0.0,10.0,3.0,0.0,0.0,0.0,2.0,19.0,15.0,3.0,0.0,36.0,46.0,155.0,0.0,0.0,0.0,38.0,0.0,28.0,9.0,90.0,18.0,4.0,20.0,1.0,0.0,57.0,169.0,0.0,7.0,0.0,13.0,0.0,0.0,10.0,0.0,0.0,0.0,0.0,36.0,3.0,0.0,0.0,0.0,0.0,0.0,0.0,36.0,3.0,0.0,61.0,1.0,15.0,1139.0,0.0,143.0,0.0,0.0,875.0,4.0,77.0,0.0,23.0,0.0,33.0,14.0,0.0,0.0,0.0,0.0,68.0,31.0,58.0,0.0,1847.0,19.0,915.0,2.0,143.0,3.0,1.0,0.0,0.0,46.0,0.0,2.0,38.0,4.0,0.0,3.0,0.0,4.0,9.0,445.0,16.0,38.0,0.0,0.0,0.0,39.0,151.0,4.0,8.0,2.0,97.0,13.0,258.0,11.0,10.0,2.0,161.0,0.0,0.0,0.0,0.0,0.0,2.0,0.0,0.0,0.0,0.0,33.0,18.0,39.0,474.0,94.0,9.0,29.0,39.0,0.0,0.0,24.0,0.0,0.0,24.0,902.0,105.0,19.0,152.0,0.0,0.0,305.0,0.0,198.0,0.0,0.0,4.0,0.0,4.0,3.0,0.0,5376.0,25.0,0.0,0.0,8.0,0.0,0.0,0.0,0.0,792.0,0.0,42.0,0.0,0.0,0.0,0.0,0.0,0.0,0.0,2.0,8.0,23.0,30.0,865.0,0.0,151.0,12.0,0.0,492.0,9.0,0.0,0.0,0.0,1.0,0.0,0.0,3.0,0.0,19.0,15.0,37.0,0.0,109.0,0.0,0.0,dbN.L
WTS.3.L,2615.0,900.0,4.0,130.0,6.0,0.0,3.0,0.0,0.0,0.0,0.0,9.0,0.0,0.0,1556.0,3.0,0.0,7.0,121.0,24.0,0.0,14.0,11.0,8.0,0.0,3.0,0.0,54.0,0.0,75.0,6.0,3.0,0.0,0.0,15.0,0.0,56.0,6.0,0.0,3.0,0.0,0.0,13.0,12.0,0.0,0.0,6.0,697.0,5.0,29.0,0.0,22.0,0.0,0.0,95.0,5.0,0.0,4.0,20.0,4.0,12.0,0.0,114.0,4.0,10.0,0.0,0.0,100.0,18.0,5.0,0.0,0.0,0.0,1288.0,16.0,3.0,5.0,15.0,8.0,0.0,0.0,0.0,0.0,0.0,5.0,16.0,0.0,27.0,71.0,0.0,6.0,0.0,3.0,130.0,0.0,0.0,3.0,0.0,0.0,0.0,0.0,0.0,1.0,4.0,2.0,0.0,5.0,0.0,20.0,0.0,0.0,0.0,0.0,0.0,13.0,99.0,0.0,0.0,8.0,22.0,0.0,0.0,4.0,6.0,8.0,2.0,0.0,92.0,0.0,168.0,4.0,57.0,0.0,6.0,3.0,0.0,0.0,0.0,55.0,0.0,3.0,25.0,0.0,339.0,0.0,0.0,3644.0,5.0,0.0,9.0,1007.0,0.0,0.0,55.0,0.0,0.0,35.0,11.0,112.0,14.0,72.0,13.0,2570.0,28.0,1999.0,6.0,179.0,4.0,0.0,0.0,0.0,0.0,0.0,10.0,60.0,0.0,0.0,2.0,1.0,0.0,1.0,120.0,5.0,0.0,4.0,9.0,0.0,10.0,11.0,1.0,2.0,0.0,39.0,0.0,19.0,0.0,7.0,0.0,41.0,0.0,7.0,0.0,2.0,0.0,4.0,0.0,0.0,0.0,0.0,4.0,0.0,4.0,4.0,263.0,1.0,2.0,19.0,0.0,0.0,27.0,0.0,0.0,16.0,199.0,83.0,15.0,403.0,4.0,0.0,156.0,0.0,0.0,2.0,0.0,0.0,0.0,0.0,0.0,3.0,6662.0,4.0,4.0,0.0,4.0,2.0,6.0,3.0,0.0,984.0,0.0,3.0,0.0,0.0,0.0,0.0,0.0,5.0,0.0,18.0,0.0,0.0,10.0,850.0,0.0,22.0,44.0,0.0,94.0,0.0,1.0,15.0,0.0,0.0,117.0,2.0,0.0,4.0,27.0,0.0,9.0,0.0,113.0,0.0,3.0,WTS.L
WTN.2.B,449.0,11.0,0.0,0.0,0.0,0.0,0.0,0.0,0.0,0.0,0.0,0.0,0.0,0.0,84.0,0.0,0.0,0.0,43.0,4.0,0.0,2.0,0.0,0.0,0.0,0.0,0.0,23.0,0.0,20.0,0.0,0.0,0.0,3.0,0.0,0.0,8.0,0.0,0.0,0.0,0.0,0.0,4.0,7.0,0.0,0.0,11.0,240.0,0.0,123.0,0.0,11.0,0.0,0.0,6.0,0.0,0.0,0.0,51.0,0.0,0.0,0.0,816.0,0.0,9.0,0.0,0.0,54.0,0.0,0.0,0.0,0.0,0.0,18945.0,5.0,0.0,0.0,0.0,0.0,0.0,0.0,0.0,0.0,0.0,0.0,1.0,0.0,0.0,121.0,0.0,3.0,0.0,0.0,0.0,0.0,0.0,0.0,0.0,0.0,0.0,0.0,0.0,0.0,0.0,0.0,0.0,0.0,0.0,13.0,0.0,0.0,0.0,0.0,0.0,7.0,1.0,0.0,2.0,7.0,65.0,0.0,0.0,3.0,0.0,0.0,0.0,0.0,73.0,0.0,0.0,0.0,0.0,0.0,0.0,0.0,0.0,0.0,0.0,67.0,3.0,0.0,33.0,0.0,2036.0,0.0,0.0,951.0,0.0,0.0,4.0,19.0,0.0,0.0,0.0,0.0,0.0,1.0,1.0,348.0,73.0,425.0,6.0,2929.0,9.0,666.0,12.0,96.0,0.0,0.0,0.0,0.0,0.0,0.0,0.0,6.0,0.0,0.0,5.0,0.0,0.0,0.0,32.0,0.0,0.0,0.0,0.0,0.0,7.0,8.0,0.0,0.0,0.0,8.0,0.0,1.0,0.0,9.0,0.0,21.0,0.0,0.0,0.0,0.0,0.0,17.0,0.0,0.0,0.0,0.0,0.0,0.0,0.0,0.0,18.0,0.0,0.0,6.0,0.0,0.0,7.0,0.0,0.0,4.0,33.0,10.0,13.0,6.0,0.0,0.0,61.0,0.0,0.0,0.0,0.0,0.0,0.0,0.0,0.0,0.0,272.0,0.0,0.0,0.0,0.0,0.0,0.0,0.0,0.0,70.0,0.0,3.0,0.0,0.0,0.0,0.0,0.0,0.0,0.0,0.0,0.0,0.0,22.0,30.0,0.0,0.0,0.0,0.0,37.0,0.0,0.0,0.0,1.0,0.0,0.0,0.0,0.0,0.0,13.0,0.0,0.0,0.0,54.0,0.0,0.0,WTN.B
dbS.1.O,143.0,27.0,0.0,0.0,0.0,0.0,0.0,0.0,0.0,0.0,0.0,0.0,0.0,0.0,1234.0,0.0,0.0,0.0,0.0,0.0,0.0,0.0,0.0,0.0,0.0,0.0,0.0,0.0,0.0,0.0,0.0,0.0,0.0,0.0,0.0,0.0,0.0,0.0,0.0,0.0,0.0,0.0,0.0,0.0,0.0,0.0,13.0,17.0,0.0,165.0,0.0,0.0,0.0,0.0,137.0,0.0,0.0,0.0,383.0,0.0,0.0,0.0,19.0,0.0,0.0,0.0,0.0,0.0,2.0,0.0,0.0,0.0,0.0,1464.0,0.0,2.0,7.0,0.0,0.0,0.0,0.0,0.0,0.0,1.0,0.0,3.0,0.0,0.0,10.0,0.0,0.0,0.0,0.0,0.0,0.0,0.0,0.0,0.0,0.0,0.0,0.0,0.0,0.0,0.0,0.0,0.0,0.0,0.0,0.0,0.0,0.0,0.0,0.0,0.0,0.0,2.0,0.0,0.0,0.0,9.0,6.0,0.0,0.0,0.0,0.0,0.0,0.0,29.0,0.0,0.0,0.0,0.0,0.0,0.0,0.0,0.0,0.0,0.0,308.0,0.0,0.0,541.0,453.0,65.0,4.0,0.0,18937.0,0.0,14.0,3.0,45.0,0.0,0.0,0.0,0.0,0.0,12.0,0.0,56.0,10.0,3.0,0.0,390.0,8.0,266.0,2.0,98.0,0.0,0.0,0.0,0.0,0.0,0.0,0.0,31.0,0.0,0.0,7.0,0.0,0.0,0.0,0.0,0.0,0.0,0.0,0.0,0.0,0.0,4.0,0.0,0.0,0.0,0.0,0.0,4.0,0.0,0.0,0.0,0.0,0.0,0.0,0.0,0.0,0.0,20.0,0.0,0.0,0.0,0.0,2.0,0.0,91.0,0.0,52.0,0.0,0.0,0.0,0.0,0.0,0.0,0.0,3.0,0.0,79.0,35.0,2.0,5.0,0.0,0.0,90.0,0.0,0.0,2.0,0.0,0.0,0.0,0.0,0.0,0.0,539.0,0.0,0.0,0.0,0.0,0.0,0.0,0.0,0.0,26.0,0.0,0.0,0.0,0.0,0.0,0.0,0.0,0.0,0.0,0.0,0.0,0.0,2216.0,1490.0,0.0,0.0,6.0,0.0,75.0,0.0,0.0,0.0,0.0,0.0,1.0,0.0,0.0,0.0,0.0,2.0,0.0,3.0,0.0,5.0,0.0,dbS.O
WTN.1.B,685.0,207.0,0.0,11.0,0.0,0.0,0.0,0.0,0.0,0.0,0.0,0.0,0.0,0.0,2031.0,0.0,0.0,0.0,0.0,0.0,0.0,0.0,0.0,0.0,0.0,0.0,0.0,0.0,0.0,0.0,0.0,0.0,0.0,0.0,0.0,0.0,0.0,0.0,0.0,0.0,0.0,0.0,0.0,0.0,0.0,0.0,3.0,274.0,0.0,107.0,0.0,0.0,0.0,0.0,205.0,0.0,0.0,0.0,203.0,0.0,0.0,0.0,818.0,0.0,0.0,0.0,0.0,0.0,1.0,0.0,0.0,0.0,0.0,12033.0,3.0,0.0,6.0,0.0,0.0,0.0,0.0,0.0,0.0,0.0,0.0,0.0,0.0,0.0,1579.0,0.0,0.0,0.0,0.0,0.0,0.0,0.0,0.0,0.0,0.0,0.0,0.0,0.0,0.0,0.0,0.0,0.0,0.0,0.0,0.0,0.0,0.0,34.0,0.0,0.0,0.0,0.0,0.0,0.0,3.0,21.0,0.0,0.0,0.0,0.0,0.0,0.0,0.0,29.0,0.0,0.0,0.0,0.0,0.0,0.0,0.0,0.0,0.0,0.0,5.0,0.0,0.0,99.0,139.0,1841.0,0.0,0.0,1413.0,0.0,6.0,54.0,293.0,0.0,0.0,0.0,24.0,0.0,30.0,0.0,320.0,295.0,815.0,34.0,3710.0,41.0,751.0,25.0,137.0,0.0,0.0,0.0,0.0,0.0,0.0,0.0,0.0,0.0,0.0,0.0,0.0,0.0,0.0,0.0,0.0,0.0,0.0,0.0,0.0,0.0,0.0,0.0,0.0,0.0,0.0,0.0,0.0,0.0,0.0,0.0,0.0,0.0,0.0,0.0,0.0,0.0,4.0,0.0,0.0,0.0,0.0,0.0,0.0,0.0,0.0,29.0,0.0,0.0,0.0,0.0,0.0,0.0,0.0,0.0,0.0,31.0,2.0,131.0,1.0,0.0,0.0,2.0,0.0,0.0,0.0,0.0,0.0,0.0,0.0,7.0,0.0,866.0,0.0,0.0,0.0,0.0,0.0,0.0,0.0,0.0,23.0,0.0,0.0,0.0,0.0,0.0,0.0,0.0,0.0,0.0,0.0,0.0,0.0,0.0,287.0,0.0,0.0,2.0,0.0,6.0,0.0,0.0,0.0,0.0,0.0,0.0,0.0,0.0,0.0,0.0,0.0,0.0,0.0,2.0,0.0,0.0,WTN.B
dbN.2.L,518.0,92.0,0.0,0.0,0.0,0.0,41.0,0.0,0.0,0.0,0.0,0.0,0.0,0.0,1324.0,15.0,0.0,0.0,40.0,229.0,0.0,13.0,5.0,0.0,0.0,20.0,5.0,42.0,0.0,45.0,0.0,0.0,0.0,5.0,58.0,14.0,496.0,0.0,60.0,80.0,49.0,86.0,60.0,398.0,39.0,57.0,0.0,468.0,0.0,160.0,23.0,537.0,15.0,16.0,2420.0,330.0,0.0,0.0,1344.0,227.0,862.0,142.0,14.0,0.0,169.0,202.0,52.0,578.0,994.0,0.0,0.0,2.0,0.0,563.0,32.0,61.0,0.0,1.0,0.0,3.0,0.0,0.0,0.0,0.0,36.0,0.0,2.0,0.0,0.0,7.0,0.0,3.0,1.0,7.0,18.0,22.0,14.0,0.0,47.0,26.0,208.0,0.0,0.0,0.0,54.0,0.0,39.0,22.0,155.0,24.0,0.0,31.0,1.0,0.0,54.0,72.0,0.0,6.0,0.0,3.0,0.0,0.0,13.0,0.0,0.0,0.0,0.0,24.0,4.0,0.0,0.0,0.0,0.0,0.0,0.0,52.0,0.0,0.0,55.0,0.0,18.0,1499.0,5.0,71.0,0.0,0.0,1747.0,0.0,131.0,0.0,17.0,0.0,50.0,0.0,0.0,0.0,4.0,1.0,8.0,0.0,41.0,0.0,1048.0,5.0,460.0,0.0,84.0,0.0,0.0,2.0,0.0,46.0,0.0,2.0,27.0,5.0,0.0,4.0,0.0,0.0,15.0,515.0,23.0,63.0,0.0,0.0,0.0,53.0,256.0,5.0,9.0,3.0,130.0,32.0,313.0,11.0,3.0,0.0,167.0,0.0,0.0,0.0,0.0,0.0,0.0,0.0,0.0,0.0,0.0,54.0,35.0,60.0,655.0,62.0,22.0,21.0,41.0,0.0,1.0,14.0,0.0,0.0,26.0,1140.0,185.0,12.0,171.0,0.0,0.0,470.0,0.0,294.0,4.0,6.0,0.0,0.0,3.0,0.0,0.0,2795.0,39.0,0.0,0.0,10.0,0.0,5.0,2.0,0.0,737.0,0.0,39.0,0.0,0.0,0.0,0.0,0.0,0.0,0.0,0.0,6.0,40.0,59.0,784.0,5.0,213.0,2.0,0.0,650.0,14.0,0.0,0.0,0.0,9.0,0.0,0.0,0.0,0.0,14.0,7.0,23.0,0.0,70.0,0.0,0.0,dbN.L
dbS.3.L,396.0,86.0,1.0,3.0,0.0,0.0,18.0,0.0,0.0,0.0,0.0,0.0,0.0,0.0,1568.0,5.0,0.0,0.0,69.0,215.0,0.0,11.0,3.0,0.0,8.0,18.0,7.0,30.0,0.0,50.0,0.0,0.0,0.0,3.0,41.0,4.0,303.0,0.0,46.0,61.0,37.0,68.0,36.0,297.0,24.0,33.0,0.0,462.0,0.0,105.0,12.0,421.0,9.0,17.0,1648.0,240.0,0.0,0.0,1033.0,208.0,585.0,122.0,29.0,0.0,120.0,181.0,28.0,395.0,684.0,0.0,3.0,0.0,0.0,1114.0,25.0,53.0,1.0,6.0,0.0,0.0,0.0,0.0,0.0,0.0,29.0,6.0,7.0,0.0,8.0,2.0,10.0,0.0,0.0,0.0,6.0,10.0,0.0,0.0,38.0,35.0,149.0,0.0,0.0,0.0,35.0,0.0,16.0,8.0,114.0,10.0,0.0,29.0,0.0,0.0,45.0,57.0,0.0,11.0,3.0,28.0,0.0,0.0,8.0,0.0,0.0,0.0,0.0,18.0,3.0,0.0,0.0,0.0,0.0,0.0,0.0,33.0,3.0,0.0,114.0,9.0,21.0,1159.0,0.0,405.0,0.0,0.0,1070.0,0.0,115.0,22.0,112.0,0.0,43.0,19.0,0.0,2.0,19.0,0.0,113.0,140.0,154.0,0.0,2370.0,7.0,1364.0,8.0,902.0,0.0,1.0,2.0,0.0,43.0,4.0,4.0,58.0,29.0,0.0,0.0,0.0,0.0,0.0,363.0,15.0,40.0,0.0,0.0,0.0,30.0,167.0,2.0,1.0,2.0,68.0,9.0,220.0,12.0,8.0,0.0,115.0,0.0,0.0,0.0,0.0,0.0,5.0,0.0,0.0,2.0,0.0,36.0,16.0,33.0,480.0,56.0,18.0,22.0,41.0,0.0,0.0,8.0,0.0,0.0,30.0,887.0,154.0,31.0,164.0,0.0,0.0,418.0,0.0,231.0,6.0,0.0,0.0,0.0,0.0,0.0,0.0,3973.0,28.0,0.0,0.0,0.0,0.0,4.0,1.0,0.0,558.0,0.0,17.0,0.0,0.0,0.0,0.0,3.0,0.0,0.0,4.0,0.0,20.0,53.0,906.0,2.0,131.0,12.0,4.0,146.0,0.0,0.0,0.0,0.0,7.0,0.0,0.0,0.0,0.0,22.0,10.0,16.0,0.0,99.0,0.0,0.0,dbS.L
WTS.3.B,12.0,2.0,0.0,0.0,0.0,0.0,0.0,0.0,0.0,0.0,0.0,0.0,0.0,0.0,28.0,0.0,0.0,0.0,37.0,4.0,0.0,8.0,0.0,0.0,0.0,0.0,0.0,19.0,0.0,13.0,0.0,0.0,0.0,0.0,0.0,0.0,16.0,0.0,2.0,0.0,0.0,0.0,8.0,0.0,0.0,0.0,8.0,276.0,0.0,123.0,0.0,7.0,0.0,0.0,10.0,0.0,0.0,0.0,60.0,1.0,0.0,0.0,236.0,0.0,9.0,0.0,0.0,31.0,10.0,0.0,0.0,1.0,2.0,8662.0,4.0,0.0,0.0,7.0,0.0,0.0,0.0,0.0,0.0,0.0,0.0,6.0,0.0,0.0,219.0,0.0,0.0,0.0,0.0,0.0,0.0,0.0,0.0,0.0,3.0,0.0,0.0,0.0,0.0,0.0,0.0,0.0,0.0,0.0,0.0,0.0,0.0,0.0,2.0,0.0,0.0,0.0,0.0,0.0,4.0,188.0,0.0,0.0,0.0,0.0,0.0,0.0,0.0,225.0,0.0,0.0,0.0,0.0,0.0,0.0,0.0,0.0,0.0,0.0,410.0,0.0,0.0,2.0,0.0,405.0,0.0,0.0,2191.0,0.0,0.0,4.0,21.0,0.0,0.0,4.0,17.0,0.0,0.0,0.0,71.0,65.0,277.0,3.0,13506.0,7.0,1395.0,17.0,137.0,0.0,0.0,0.0,0.0,0.0,0.0,0.0,14.0,0.0,0.0,5.0,0.0,0.0,0.0,40.0,4.0,0.0,0.0,2.0,0.0,8.0,6.0,0.0,1.0,0.0,17.0,0.0,4.0,0.0,2.0,0.0,12.0,0.0,0.0,0.0,0.0,0.0,18.0,1.0,0.0,0.0,0.0,1.0,0.0,0.0,0.0,18.0,6.0,0.0,11.0,0.0,0.0,11.0,0.0,0.0,4.0,42.0,25.0,14.0,0.0,0.0,0.0,58.0,0.0,0.0,0.0,0.0,0.0,0.0,0.0,0.0,0.0,132.0,0.0,0.0,0.0,0.0,0.0,0.0,5.0,0.0,64.0,0.0,2.0,0.0,0.0,0.0,0.0,0.0,0.0,0.0,0.0,0.0,0.0,26.0,32.0,9.0,0.0,0.0,0.0,36.0,0.0,0.0,0.0,0.0,0.0,0.0,0.0,0.0,0.0,20.0,0.0,3.0,0.0,250.0,0.0,0.0,WTS.B
dbN.3.O,378.0,20.0,1.0,7.0,0.0,0.0,0.0,0.0,0.0,0.0,0.0,0.0,3.0,0.0,3927.0,0.0,0.0,0.0,0.0,0.0,0.0,0.0,0.0,0.0,0.0,0.0,0.0,0.0,0.0,0.0,0.0,0.0,0.0,0.0,0.0,0.0,0.0,0.0,0.0,0.0,0.0,0.0,0.0,0.0,0.0,0.0,0.0,0.0,0.0,44.0,0.0,0.0,0.0,0.0,147.0,0.0,0.0,0.0,95.0,0.0,0.0,0.0,0.0,0.0,0.0,0.0,0.0,0.0,1.0,0.0,0.0,0.0,0.0,1.0,0.0,0.0,0.0,0.0,0.0,0.0,0.0,0.0,0.0,0.0,0.0,0.0,0.0,0.0,0.0,0.0,0.0,0.0,0.0,0.0,0.0,0.0,0.0,0.0,0.0,0.0,0.0,0.0,0.0,0.0,0.0,0.0,0.0,0.0,0.0,0.0,0.0,0.0,0.0,0.0,0.0,4.0,0.0,0.0,0.0,0.0,0.0,0.0,0.0,0.0,0.0,0.0,0.0,0.0,0.0,0.0,0.0,0.0,0.0,0.0,0.0,0.0,0.0,0.0,5.0,0.0,0.0,23.0,16.0,0.0,0.0,0.0,23791.0,0.0,4.0,0.0,48.0,0.0,0.0,0.0,0.0,0.0,0.0,0.0,1.0,0.0,25.0,0.0,5.0,0.0,15.0,0.0,89.0,0.0,0.0,0.0,0.0,0.0,0.0,0.0,1.0,0.0,0.0,0.0,0.0,0.0,0.0,0.0,0.0,0.0,0.0,0.0,0.0,0.0,0.0,0.0,0.0,0.0,0.0,0.0,0.0,0.0,0.0,0.0,0.0,0.0,0.0,0.0,0.0,0.0,0.0,0.0,0.0,0.0,0.0,0.0,0.0,0.0,0.0,8.0,0.0,0.0,0.0,0.0,0.0,0.0,0.0,0.0,0.0,4.0,3.0,0.0,6.0,0.0,0.0,5.0,0.0,0.0,0.0,0.0,0.0,0.0,0.0,1.0,0.0,499.0,0.0,0.0,0.0,0.0,0.0,0.0,0.0,0.0,5.0,0.0,0.0,0.0,0.0,0.0,0.0,0.0,0.0,0.0,0.0,0.0,0.0,247.0,248.0,0.0,0.0,1.0,0.0,0.0,0.0,0.0,0.0,0.0,0.0,0.0,0.0,0.0,0.0,0.0,0.0,0.0,0.0,0.0,0.0,0.0,dbN.O
dbN.3.L,263.0,63.0,0.0,0.0,0.0,0.0,11.0,0.0,0.0,0.0,0.0,0.0,0.0,0.0,1566.0,0.0,0.0,0.0,141.0,24.0,0.0,12.0,12.0,0.0,6.0,9.0,0.0,69.0,0.0,51.0,0.0,0.0,0.0,0.0,0.0,0.0,38.0,0.0,8.0,6.0,0.0,2.0,22.0,9.0,6.0,0.0,11.0,1949.0,0.0,22.0,0.0,62.0,0.0,0.0,97.0,11.0,0.0,0.0,22.0,7.0,12.0,8.0,241.0,0.0,8.0,0.0,0.0,101.0,30.0,0.0,0.0,0.0,0.0,4880.0,33.0,6.0,0.0,15.0,0.0,0.0,0.0,0.0,0.0,0.0,0.0,8.0,0.0,0.0,12.0,0.0,8.0,0.0,0.0,0.0,0.0,0.0,0.0,0.0,0.0,0.0,0.0,0.0,0.0,0.0,0.0,0.0,4.0,11.0,31.0,0.0,0.0,0.0,0.0,0.0,11.0,203.0,0.0,0.0,0.0,76.0,0.0,6.0,10.0,0.0,0.0,0.0,0.0,164.0,0.0,0.0,0.0,0.0,0.0,0.0,8.0,0.0,0.0,0.0,164.0,10.0,6.0,54.0,0.0,573.0,0.0,0.0,2766.0,0.0,0.0,2.0,130.0,0.0,0.0,8.0,6.0,0.0,9.0,0.0,258.0,21.0,120.0,2.0,6774.0,28.0,2964.0,0.0,244.0,0.0,0.0,0.0,0.0,0.0,0.0,66.0,347.0,0.0,0.0,14.0,0.0,0.0,0.0,149.0,0.0,0.0,0.0,6.0,0.0,26.0,8.0,0.0,0.0,0.0,35.0,0.0,10.0,0.0,15.0,0.0,49.0,0.0,0.0,0.0,0.0,0.0,18.0,0.0,0.0,0.0,0.0,2.0,0.0,5.0,2.0,58.0,0.0,4.0,16.0,0.0,0.0,30.0,0.0,0.0,29.0,225.0,7.0,32.0,466.0,6.0,0.0,214.0,0.0,0.0,0.0,0.0,0.0,0.0,6.0,0.0,0.0,944.0,0.0,0.0,0.0,0.0,0.0,0.0,0.0,0.0,797.0,8.0,0.0,0.0,0.0,0.0,0.0,0.0,0.0,0.0,0.0,0.0,0.0,51.0,814.0,0.0,12.0,31.0,0.0,159.0,0.0,0.0,0.0,0.0,0.0,0.0,0.0,0.0,0.0,55.0,0.0,3.0,0.0,435.0,0.0,0.0,dbN.L
WTN.3.L,1460.0,470.0,4.0,32.0,0.0,0.0,0.0,0.0,11.0,0.0,0.0,0.0,0.0,0.0,748.0,2.0,0.0,0.0,73.0,11.0,0.0,6.0,5.0,0.0,0.0,0.0,0.0,26.0,0.0,28.0,0.0,0.0,0.0,3.0,0.0,0.0,29.0,0.0,0.0,0.0,3.0,2.0,4.0,0.0,0.0,3.0,5.0,596.0,0.0,40.0,0.0,10.0,0.0,0.0,49.0,0.0,0.0,0.0,12.0,0.0,10.0,0.0,81.0,0.0,7.0,0.0,0.0,71.0,13.0,0.0,0.0,0.0,0.0,1629.0,24.0,0.0,0.0,10.0,0.0,0.0,0.0,0.0,0.0,0.0,4.0,4.0,0.0,0.0,155.0,0.0,0.0,0.0,1.0,0.0,0.0,0.0,3.0,0.0,0.0,0.0,0.0,0.0,0.0,0.0,0.0,0.0,0.0,0.0,9.0,0.0,0.0,0.0,0.0,0.0,8.0,358.0,0.0,0.0,9.0,21.0,0.0,0.0,0.0,0.0,0.0,0.0,0.0,72.0,0.0,3.0,0.0,0.0,0.0,0.0,1.0,0.0,0.0,0.0,44.0,0.0,0.0,16.0,0.0,136.0,0.0,0.0,9841.0,0.0,0.0,6.0,1091.0,0.0,0.0,8.0,0.0,0.0,2.0,0.0,87.0,94.0,57.0,2.0,2140.0,12.0,1141.0,0.0,115.0,0.0,0.0,0.0,0.0,0.0,0.0,0.0,87.0,0.0,6.0,6.0,0.0,0.0,0.0,68.0,0.0,0.0,0.0,0.0,0.0,15.0,8.0,0.0,0.0,0.0,16.0,0.0,6.0,0.0,6.0,0.0,28.0,0.0,0.0,0.0,0.0,0.0,13.0,0.0,0.0,0.0,0.0,0.0,0.0,1.0,3.0,31.0,1.0,0.0,7.0,0.0,0.0,5.0,0.0,0.0,5.0,92.0,9.0,13.0,267.0,0.0,0.0,168.0,0.0,0.0,0.0,0.0,0.0,0.0,0.0,26.0,0.0,6068.0,0.0,0.0,0.0,6.0,0.0,6.0,2.0,0.0,765.0,0.0,0.0,0.0,0.0,0.0,0.0,0.0,0.0,0.0,0.0,0.0,0.0,45.0,768.0,5.0,0.0,8.0,0.0,56.0,0.0,0.0,0.0,0.0,0.0,3.0,0.0,0.0,0.0,20.0,0.0,0.0,0.0,122.0,0.0,0.0,WTN.L
WTS.2.L,2128.0,29.0,1.0,8.0,0.0,0.0,0.0,0.0,0.0,0.0,0.0,0.0,0.0,0.0,3235.0,0.0,0.0,0.0,0.0,0.0,0.0,0.0,0.0,0.0,0.0,0.0,0.0,0.0,0.0,1.0,0.0,0.0,0.0,0.0,0.0,0.0,0.0,0.0,0.0,2.0,0.0,0.0,0.0,0.0,0.0,0.0,10.0,349.0,0.0,163.0,0.0,3.0,0.0,0.0,28.0,0.0,0.0,0.0,80.0,0.0,0.0,0.0,234.0,0.0,0.0,0.0,0.0,1.0,3.0,0.0,0.0,0.0,0.0,2635.0,0.0,0.0,0.0,0.0,0.0,0.0,0.0,0.0,0.0,0.0,0.0,0.0,0.0,0.0,192.0,0.0,0.0,0.0,0.0,0.0,0.0,0.0,0.0,0.0,0.0,0.0,0.0,0.0,0.0,0.0,0.0,0.0,0.0,0.0,0.0,0.0,0.0,0.0,0.0,0.0,3.0,4.0,0.0,0.0,11.0,240.0,0.0,0.0,0.0,0.0,0.0,0.0,0.0,105.0,0.0,0.0,0.0,0.0,0.0,0.0,0.0,0.0,0.0,0.0,121.0,46.0,0.0,23.0,0.0,317.0,0.0,0.0,11258.0,0.0,0.0,0.0,25.0,0.0,0.0,13.0,0.0,0.0,1.0,0.0,126.0,93.0,176.0,0.0,4680.0,8.0,1091.0,6.0,185.0,0.0,0.0,0.0,0.0,0.0,0.0,0.0,15.0,0.0,0.0,6.0,0.0,0.0,0.0,2.0,0.0,0.0,0.0,0.0,0.0,0.0,0.0,0.0,0.0,0.0,0.0,0.0,0.0,0.0,0.0,0.0,3.0,0.0,0.0,0.0,0.0,0.0,6.0,0.0,0.0,0.0,0.0,0.0,0.0,1.0,0.0,57.0,0.0,0.0,0.0,0.0,0.0,0.0,0.0,0.0,0.0,18.0,25.0,10.0,20.0,0.0,0.0,37.0,0.0,0.0,0.0,0.0,0.0,0.0,0.0,0.0,0.0,598.0,0.0,0.0,0.0,0.0,0.0,0.0,0.0,0.0,391.0,0.0,0.0,0.0,0.0,0.0,0.0,0.0,0.0,0.0,0.0,0.0,0.0,34.0,598.0,0.0,0.0,0.0,0.0,197.0,0.0,0.0,0.0,0.0,0.0,0.0,0.0,0.0,0.0,0.0,0.0,0.0,0.0,26.0,0.0,0.0,WTS.L
dbN.2.B,23.0,26.0,0.0,0.0,0.0,0.0,0.0,0.0,0.0,0.0,0.0,0.0,0.0,0.0,121.0,0.0,0.0,0.0,0.0,0.0,0.0,0.0,0.0,0.0,0.0,0.0,0.0,0.0,0.0,0.0,0.0,0.0,0.0,0.0,0.0,0.0,0.0,0.0,0.0,0.0,0.0,2.0,0.0,14.0,0.0,0.0,189.0,83.0,0.0,6892.0,0.0,0.0,0.0,0.0,251.0,0.0,0.0,0.0,1805.0,10.0,0.0,0.0,91.0,0.0,0.0,0.0,0.0,1.0,2.0,0.0,0.0,2.0,0.0,3264.0,0.0,4.0,3.0,0.0,0.0,0.0,0.0,0.0,0.0,0.0,0.0,0.0,0.0,0.0,1554.0,0.0,0.0,0.0,0.0,0.0,0.0,0.0,0.0,0.0,0.0,0.0,3.0,0.0,0.0,0.0,0.0,0.0,0.0,0.0,0.0,0.0,0.0,0.0,0.0,0.0,0.0,4.0,0.0,0.0,3.0,614.0,0.0,0.0,0.0,0.0,0.0,0.0,0.0,78.0,0.0,0.0,0.0,0.0,0.0,0.0,0.0,0.0,0.0,0.0,1164.0,7.0,0.0,14.0,0.0,232.0,0.0,0.0,5170.0,0.0,0.0,0.0,614.0,0.0,0.0,4.0,0.0,0.0,0.0,0.0,46.0,44.0,452.0,0.0,3227.0,0.0,907.0,12.0,754.0,0.0,0.0,0.0,0.0,0.0,0.0,0.0,215.0,0.0,0.0,209.0,0.0,0.0,0.0,2.0,0.0,0.0,0.0,0.0,0.0,0.0,0.0,0.0,0.0,0.0,0.0,0.0,2.0,0.0,0.0,0.0,0.0,0.0,0.0,0.0,0.0,0.0,39.0,0.0,0.0,0.0,0.0,0.0,0.0,5.0,0.0,11.0,0.0,0.0,0.0,0.0,0.0,0.0,0.0,0.0,0.0,24.0,289.0,3.0,20.0,0.0,0.0,158.0,0.0,0.0,0.0,0.0,0.0,0.0,0.0,0.0,0.0,134.0,0.0,0.0,2.0,0.0,0.0,0.0,0.0,0.0,100.0,0.0,0.0,0.0,0.0,0.0,0.0,0.0,0.0,0.0,0.0,0.0,0.0,582.0,93.0,0.0,0.0,0.0,0.0,7.0,0.0,0.0,0.0,44.0,0.0,8.0,0.0,0.0,0.0,0.0,0.0,0.0,0.0,41.0,4.0,0.0,dbN.B
dbS.2.B,210.0,22.0,0.0,0.0,0.0,0.0,0.0,0.0,0.0,0.0,0.0,0.0,0.0,0.0,1056.0,0.0,0.0,0.0,0.0,0.0,0.0,0.0,0.0,0.0,0.0,0.0,0.0,0.0,0.0,0.0,0.0,0.0,0.0,0.0,0.0,0.0,0.0,0.0,0.0,0.0,0.0,0.0,1.0,3.0,0.0,0.0,37.0,122.0,0.0,2231.0,0.0,3.0,0.0,0.0,106.0,0.0,0.0,0.0,388.0,0.0,4.0,0.0,90.0,0.0,0.0,0.0,0.0,0.0,3.0,0.0,0.0,0.0,2.0,3112.0,0.0,0.0,0.0,0.0,0.0,0.0,0.0,0.0,0.0,0.0,0.0,0.0,0.0,0.0,858.0,0.0,0.0,0.0,0.0,0.0,0.0,0.0,0.0,0.0,0.0,0.0,2.0,0.0,0.0,0.0,0.0,0.0,0.0,0.0,0.0,0.0,0.0,0.0,0.0,0.0,0.0,0.0,0.0,0.0,3.0,290.0,0.0,0.0,0.0,0.0,0.0,0.0,0.0,185.0,0.0,0.0,0.0,0.0,0.0,0.0,0.0,0.0,0.0,0.0,3802.0,4.0,0.0,4.0,0.0,255.0,0.0,0.0,7861.0,0.0,0.0,1.0,267.0,0.0,0.0,2.0,2.0,0.0,16.0,0.0,26.0,21.0,2334.0,0.0,3892.0,6.0,1334.0,10.0,484.0,0.0,0.0,0.0,0.0,0.0,0.0,0.0,51.0,0.0,0.0,24.0,0.0,0.0,0.0,0.0,0.0,0.0,0.0,0.0,0.0,0.0,0.0,0.0,0.0,0.0,0.0,0.0,0.0,2.0,0.0,0.0,0.0,0.0,0.0,0.0,0.0,0.0,33.0,3.0,0.0,0.0,0.0,0.0,0.0,1.0,0.0,0.0,0.0,0.0,0.0,0.0,0.0,0.0,0.0,0.0,0.0,10.0,85.0,1.0,22.0,0.0,0.0,50.0,0.0,0.0,0.0,0.0,0.0,0.0,0.0,0.0,0.0,77.0,0.0,0.0,0.0,0.0,0.0,0.0,0.0,0.0,37.0,0.0,0.0,0.0,0.0,0.0,0.0,0.0,0.0,0.0,0.0,0.0,0.0,114.0,74.0,0.0,0.0,0.0,0.0,5.0,0.0,0.0,0.0,11.0,0.0,0.0,0.0,0.0,0.0,0.0,0.0,0.0,0.0,29.0,0.0,0.0,dbS.B
dbS.2.O,542.0,174.0,4.0,4.0,0.0,0.0,0.0,0.0,0.0,0.0,0.0,0.0,0.0,0.0,3091.0,0.0,0.0,0.0,4.0,0.0,0.0,0.0,0.0,0.0,0.0,0.0,0.0,0.0,0.0,0.0,0.0,0.0,0.0,0.0,0.0,0.0,0.0,0.0,0.0,0.0,0.0,0.0,0.0,0.0,0.0,0.0,2.0,8.0,0.0,96.0,0.0,0.0,0.0,0.0,41.0,0.0,0.0,0.0,256.0,1.0,0.0,0.0,7.0,0.0,0.0,0.0,0.0,9.0,0.0,0.0,0.0,0.0,0.0,11.0,0.0,0.0,2.0,0.0,0.0,0.0,0.0,0.0,0.0,0.0,0.0,0.0,0.0,0.0,4.0,0.0,0.0,0.0,0.0,0.0,0.0,0.0,0.0,0.0,0.0,0.0,0.0,0.0,0.0,0.0,0.0,0.0,0.0,0.0,0.0,0.0,0.0,0.0,0.0,0.0,0.0,0.0,0.0,0.0,0.0,0.0,0.0,0.0,0.0,0.0,0.0,0.0,0.0,0.0,0.0,0.0,0.0,0.0,0.0,0.0,0.0,0.0,0.0,0.0,20.0,0.0,0.0,147.0,68.0,6.0,0.0,0.0,22898.0,0.0,6.0,0.0,287.0,0.0,0.0,0.0,0.0,0.0,6.0,0.0,0.0,1.0,72.0,0.0,27.0,0.0,46.0,0.0,263.0,0.0,0.0,0.0,0.0,0.0,0.0,0.0,3.0,0.0,0.0,0.0,0.0,0.0,0.0,0.0,0.0,0.0,0.0,0.0,0.0,0.0,0.0,0.0,0.0,0.0,0.0,0.0,0.0,0.0,0.0,0.0,0.0,0.0,0.0,0.0,0.0,0.0,0.0,0.0,0.0,0.0,0.0,0.0,0.0,0.0,0.0,33.0,0.0,0.0,0.0,0.0,0.0,0.0,0.0,0.0,0.0,34.0,7.0,0.0,3.0,0.0,0.0,22.0,0.0,0.0,0.0,3.0,0.0,0.0,0.0,0.0,0.0,502.0,0.0,0.0,0.0,0.0,0.0,0.0,0.0,0.0,25.0,0.0,0.0,0.0,0.0,0.0,0.0,0.0,0.0,0.0,0.0,0.0,0.0,514.0,416.0,0.0,0.0,0.0,0.0,7.0,0.0,4.0,0.0,0.0,0.0,0.0,0.0,0.0,0.0,2.0,0.0,0.0,0.0,0.0,0.0,0.0,dbS.O
