"pathway","pval","padj","log2err","ES","NES","size","leadingEdge"
"KEGG_OXIDATIVE_PHOSPHORYLATION",2.95522154257046e-28,4.25551902130146e-26,1.38026491759359,-0.799785722040966,-3.23484815837741,78,"Ndufa5/Cox7c/Ndufb7/mt-Co3/Ndufa3/Ndufb9/Uqcr11/Cox5b/Atp6v1f/Ndufa7/Atp5g2/Ndufb10/Ndufb4/Uqcrh/Cox8a/Atp5l/Ndufa4/Ndufc1/Cox4i1/Atp5j2/Uqcrb/Ndufs6/Uqcr10/Ndufab1/Ndufa8/Cox6a1/Ndufa1/mt-Co2/Ndufs2/Atp5g1/Ndufa11/Ndufs7/Atp5g3/Ndufa10/Cox7a2/mt-Nd1/Atp5j/mt-Nd6/mt-Co1/Ndufb6/mt-Cytb/Ppa2/Atp5d/Ndufs3/mt-Nd2/Cox7b/Ndufs8/Sdhb/Cox5a/Ppa1/Atp5o/mt-Atp6/Atp5c1/Ndufc2/mt-Nd4/Uqcrfs1/mt-Nd5"
"KEGG_PARKINSONS_DISEASE",1.76330610559607e-25,1.26958039602917e-23,1.31101476274061,-0.771005204795136,-3.13860902206618,81,"Ndufa5/Cox7c/Ndufb7/mt-Co3/Ndufa3/Ndufb9/Uqcr11/Cox5b/Ndufa7/Atp5g2/Ndufb10/Ndufb4/Uqcrh/Cox8a/Ndufa4/Ndufc1/Cox4i1/Uqcrb/Ndufs6/Uqcr10/Ndufab1/Ndufa8/Cox6a1/Ndufa1/mt-Co2/Cycs/Ndufs2/Atp5g1/Slc25a4/Ndufs7/Uchl1/Atp5g3/Ndufa10/Cox7a2/mt-Nd1/Atp5j/mt-Nd6/mt-Co1/Ndufb6/Snca/Ube2l6/mt-Cytb/Vdac1/Atp5d/Ndufs3/mt-Nd2/Cox7b/Park7/Ndufs8/Sdhb/Cox5a/Atp5o/mt-Atp6/Atp5c1/Ndufc2/mt-Nd4/Vdac2/Uqcrfs1/mt-Nd5"
"KEGG_HUNTINGTONS_DISEASE",1.99225337539324e-17,9.56281620188757e-16,1.07686819261983,-0.632997681788339,-2.72832601682468,115,"Ndufa5/Cox7c/Ndufb7/mt-Co3/Ndufa3/Ndufb9/Uqcr11/Cox5b/Ndufa7/Atp5g2/Ndufb10/Ndufb4/Uqcrh/Cox8a/Ndufa4/Ndufc1/Cox4i1/Uqcrb/Ndufs6/Uqcr10/Ndufab1/Ndufa8/Ucp1/Cox6a1/Ndufa1/mt-Co2/Cycs/Ndufs2/Atp5g1/Slc25a4/Ap2s1/Ndufs7/Atp5g3/Ndufa10/Cox7a2/Atp5j/Gpx1/mt-Co1/Ndufb6/mt-Cytb/Vdac1/Atp5d/Ndufs3/Cox7b/Ndufs8/Sdhb/Cox5a/Polr2k/Atp5o/mt-Atp6/Crebbp/Atp5c1/Ndufc2/Vdac2/Polr2e/Grin1/Uqcrfs1/Dnal4"
"KEGG_ALZHEIMERS_DISEASE",7.39034713454131e-17,2.66052496843487e-15,1.05746357275086,-0.642079908319258,-2.7533207559761,110,"Ndufa5/Cox7c/Ndufb7/mt-Co3/Ndufa3/Ndufb9/Uqcr11/Cox5b/Ndufa7/Atp5g2/Ndufb10/Ndufb4/Uqcrh/Cox8a/Ndufa4/Ndufc1/Cox4i1/Uqcrb/Ndufs6/Uqcr10/Ndufab1/Ndufa8/Cox6a1/Ndufa1/mt-Co2/Cycs/Ndufs2/Atp5g1/Ndufs7/Atp5g3/Calml3/Mapk3/Ndufa10/Cox7a2/Atp5j/mt-Co1/Ndufb6/Atp2a1/Snca/mt-Cytb/Atp5d/Ndufs3/Cox7b/Ndufs8/Sdhb/Cox5a/Atp5o/Gapdh/mt-Atp6/Cdk5/Atp5c1/Ndufc2/Psenen/Grin1/Uqcrfs1"
"KEGG_RIBOSOME",1.18794176132263e-13,3.42127227260919e-12,0.943632225232838,-0.687066233707724,-2.67308023990574,65,"Rps28/Rpl38/Rpsa/Rpl37a/Rplp2/Rpl36a/Rpl37/Rpl35a/Rps23/Rps15/Rpl27a/Rplp1/Fau/Rpl18/Rpl28/Mrpl13/Rps9/Rps17/Rpl18a/Rps13/Rpl13/Rpl11/Rps11/Rps24/Rps27l/Rpl34/Rpl14/Rps8/Rps26/Rps16/Rpl8/Rpl35/Rpl3l/Rpl7/Rps19/Rps27/Rpl9/Rpl39/Rps15a/Rps20/Rpl31/Rps27a/Rps12/Rps3a1/Rpl19"
"KEGG_CARDIAC_MUSCLE_CONTRACTION",7.92363638600226e-10,1.90167273264054e-08,0.801215574617779,-0.720621005776391,-2.51259745028606,38,"Cox7c/mt-Co3/Uqcr11/Cox5b/Uqcrh/Cox8a/Tpm2/Cox4i1/Uqcrb/Tnnt2/Uqcr10/Cox6a1/mt-Co2/Tpm1/Cox7a2/Atp1a2/mt-Co1/Atp1b2/mt-Cytb/Cox7b/Cox5a"
"KEGG_LYSOSOME",0.00046944515949331,0.00913001593496672,0.49849310876659,0.434819767873605,1.77282013857645,80,"Hexb/Cln5/Ppt1/Lipa/Cltc/Ap4e1/Ctss/Cd68/Cd164/Man2b1/Hyal1/Asah1/Ap4m1/Arsb/Lamp2/Npc1/Gusb/Nagpa/Gla/Ctso/Laptm4a/Abca2/Laptm4b/Sort1/Lamp3/Ctsk"
"KEGG_GLYCEROLIPID_METABOLISM",0.000507223107498151,0.00913001593496672,0.477270815362862,0.594832157403009,1.92288232417593,27,"Gpam/Plpp1/Dgkq/Aldh3a2/Dgkz/Mboat1/Gla/Dgka/Lipf"
"KEGG_CHEMOKINE_SIGNALING_PATHWAY",0.00203352611286068,0.0313620172764238,0.431707695803346,0.371740976592072,1.58921122017993,107,"Adcy3/Jak2/Rhoa/Ccr6/Akt3/Prkx/Rac1/Adcy9/Cxcr1/Dock2/Lyn/Ccr1/Cxcr2/Was/Adcy7/Vav3/Fgr/Grk6/Gnai3/Gnai1/Pik3cg/Cxcr6/Rap1b/Plcb1/Wasl/Shc1"
"KEGG_N_GLYCAN_BIOSYNTHESIS",0.00217791786641832,0.0313620172764238,0.431707695803346,0.530397755294574,1.75912495756601,30,"Stt3a/Alg10b/Rft1/Mgat3/Mgat2/Alg11/Alg1/B4galt3/Man2a1/Stt3b/Tusc3/Ddost/Man1a"
"KEGG_ARACHIDONIC_ACID_METABOLISM",0.00596727622714148,0.0781170706098521,0.260820567718869,-0.534910755090551,-1.7221613463513,27,"Gpx4/Gpx7/Gpx1/Ephx2/Pla2g12a/Ptgds/Gpx3/Cyp2u1/Ggt5/Cyp4f18/Pla2g2d"
"KEGG_ADHERENS_JUNCTION",0.0139496148240683,0.167395377888819,0.17632375173773,0.405713017846029,1.5448753706762,56,"Ctnnb1/Rhoa/Smad4/Actn4/Rac1/Tgfbr2/Was/Sorbs1/Tjp1/Ptprb/Wasf2/Ptprf/Smad2/Iqgap1/Wasl/Ptpn6/Farp2"
"KEGG_PATHOGENIC_ESCHERICHIA_COLI_INFECTION",0.0175,0.193846153846154,0.157220069393743,0.456169107722041,1.57004700561321,35,"Ctnnb1/Ocln/Rhoa/Tlr4/Itgb1/Cd14/Was/Tubb1/Tlr5"
"KEGG_SPHINGOLIPID_METABOLISM",0.0225579470198676,0.228126217374367,0.137749272114041,0.514576407241149,1.58467223231403,22,"Plpp1/Asah2/Sgpp2/Asah1/Gla/Kdsr"
"KEGG_HYPERTROPHIC_CARDIOMYOPATHY_HCM",0.0237631476431632,0.228126217374367,0.130086070372915,-0.424545897950506,-1.5040240562594,41,"Des/Tpm2/Ttn/Tnnt2/Tpm1/Sgcg/Mybpc3/Itga7/Ryr2/Itga5/Actb/Atp2a2/Itga10"
"KEGG_VIRAL_MYOCARDITIS",0.0320432792342905,0.274598875271769,0.115547533922279,0.395735294089678,1.46490027554556,49,"Itgb2/Icam1/Myh9/Rac1/Cd55/Casp3/Lama2/Cxadr/Itgal/Myh10/H2-Ob/Casp9/Cd40lg/Casp8/Cd55b/H2-DMb1/Dag1/Eif4g1/H2-Q2/Eif4g2/Actg1"
"KEGG_FC_GAMMA_R_MEDIATED_PHAGOCYTOSIS",0.0324179227751394,0.274598875271769,0.114417265153214,0.365852973275079,1.42052421882047,62,"Ptprc/Plpp1/Akt3/Rac1/Dock2/Lyn/Was/Vav3/Asap2/Wasf2/Plcg2/Arf6/Pik3cg/Wasl/Pld1/Crk/Hck/Plcg1/Fcgr1/Limk1/Fcgr2b/Vav2/Pik3r5/Cdc42/Asap1"
"KEGG_CELL_ADHESION_MOLECULES_CAMS",0.0383493122134223,0.306794497707378,0.105519930289441,0.341115514469029,1.38302179963019,78,"Itgb2/Icam1/Ptprc/Ocln/Siglec1/Glg1/Itgb1/Nrcam/Icosl/Icos/Sele/Ptprf/Itgal/Itgb7/Sdc3/H2-Ob/Cd40lg/Cldn1/Cldn8/Cd22/H2-DMb1/Spn/Cd2/H2-Q2/Cd6"
"KEGG_PROGESTERONE_MEDIATED_OOCYTE_MATURATION",0.0475399626323438,0.360302874687237,0.0943434935405217,0.362062444121896,1.38706513421295,58,"Adcy3/Akt3/Prkx/Adcy9/Cdc23/Adcy7/Rps6ka2/Cdc16/Anapc4/Rps6ka3/Gnai3/Bub1/Gnai1/Pik3cg"
"KEGG_SELENOAMINO_ACID_METABOLISM",0.0537276134943773,0.372655347141968,0.0887403498066145,0.506728490293799,1.47627134781527,18,"Ahcyl2/Mettl2/Mat1a/Ahcy"
"KEGG_CYSTEINE_AND_METHIONINE_METABOLISM",0.0543455714582037,0.372655347141968,0.0880409553363699,0.527185825078974,1.48802910092482,16,"Ahcyl2/Mat1a/Ahcy/Trdmt1/Cth"
"KEGG_LEISHMANIA_INFECTION",0.0581563208909053,0.38065955492229,0.0847686054189199,0.386475082603204,1.39763358426055,43,"Itgb2/Jak2/Tlr4/Jak1/Itgb1/Cr1l/Ptgs2/Ptpn6/Ifngr1/H2-Ob/H2-DMb1/C3/Il12b/Fcgr1/Ncf2/Fcgr2b"
"KEGG_VALINE_LEUCINE_AND_ISOLEUCINE_DEGRADATION",0.0629451395572666,0.381220268872802,0.0785280756545386,-0.438340922844942,-1.41125185213321,27,"Mcee/Ivd/Bckdhb/Hadh/Hadhb/Bcat1/Bcat2/Hmgcs2/Hmgcs1/Echs1/Acat1/Acads/Aldh1b1/Oxct1"
"KEGG_UBIQUITIN_MEDIATED_PROTEOLYSIS",0.0636704119850187,0.381220268872802,0.0812702847276304,0.321849767250023,1.31222587180729,80,"Ddb1/Uba3/Ube2d3/Mid1/Itch/Smurf2/Ube2q2/Cdc23/Herc1/Cdc16/Trip12/Anapc4/Nedd4/Uba6/Trim37/Birc6/Fbxw8/Cul1"
"KEGG_HEMATOPOIETIC_CELL_LINEAGE",0.0661840744570838,0.381220268872802,0.0794123736887832,0.384797685119735,1.38384110161337,42,"Cd36/Il7r/Ms4a1/Cd55/Cd14/Cr1l/Mme/Csf3r/Kitl/Cd55b/Cd22/Il1r1/Cd2/Il4ra/Fcgr1"
"KEGG_LEUKOCYTE_TRANSENDOTHELIAL_MIGRATION",0.0784720780568819,0.43135628369971,0.0728383861629769,0.31974447234069,1.29420757260565,77,"Itgb2/Icam1/Ctnnb1/Ocln/Rhoa/Cybb/Actn4/Itgb1/Rac1/Vav3/Gnai3/Itgal/Plcg2/Gnai1/Pik3cg/Mmp2/Rap1b"
"KEGG_DRUG_METABOLISM_OTHER_ENZYMES",0.0808793031936956,0.43135628369971,0.0716628565191792,0.513221502046892,1.42252837941853,15,"Ces1d/Ugt1a7c/Gusb/Ugt1a6b/Umps/Cyp3a13"
"KEGG_CITRATE_CYCLE_TCA_CYCLE",0.0855047288168307,0.439738605343701,0.0670487152800428,-0.497423186714973,-1.39435978023617,16,"Idh3b/Cs/Sdhb/Mdh1/Dlat/Mdh2/Ogdh/Sucla2"
"KEGG_NATURAL_KILLER_CELL_MEDIATED_CYTOTOXICITY",0.101386302503621,0.499143871371894,0.0635916868333331,0.314450208840619,1.2561654948434,72,"Itgb2/Icam1/Rac1/Ulbp1/Casp3/Vav3/Itgal/Plcg2/Pik3cg/Lcp2/Ptpn6/Shc1/Ifngr1/Ifnar1/Cd48/Ppp3cc/Ppp3r1/Klrk1/Klrc2/Braf/Chp1/Plcg1/Sh3bp2/Tyrobp/Gm8909/Vav2/Pik3r5"
"KEGG_VIBRIO_CHOLERAE_INFECTION",0.103988306535811,0.499143871371894,0.0630517909580997,0.38785962560284,1.31683608125135,33,"Sec61a1/Adcy3/Pdia4/Prkx/Adcy9/Tjp1/Plcg2/Atp6v0a4/Atp6v0a2/Plcg1/Gnas/Actg1/Atp6v1a"
"KEGG_GLYCOLYSIS_GLUCONEOGENESIS",0.111068482639555,0.515931016132126,0.0582215137439884,-0.387825329437566,-1.31003755452134,33,"Eno3/Pfkm/Bpgm/Gpi1/Gapdh/Aldoa/Hk2/Dlat/Tpi1/Aldh3b1/Aldoc"
"KEGG_DILATED_CARDIOMYOPATHY",0.120284834488068,0.541281755196305,0.0558992795229295,-0.345172598225608,-1.27515601856535,49,"Des/Tpm2/Ttn/Tnnt2/Tpm1/Sgcg/Pln/Mybpc3/Itga7/Prkaca/Ryr2/Itga5/Actb/Atp2a2/Itga10"
"KEGG_GLYCOSAMINOGLYCAN_BIOSYNTHESIS_HEPARAN_SULFATE",0.127686209054872,0.556950870235735,0.0565294902385424,0.462407007486541,1.32506607248722,17,"Ndst1/Ext2/Hs6st1/Extl3/Ndst4/Hs3st3b1/Hs6st3/Ndst2"
"KEGG_PANCREATIC_CANCER",0.13150228880566,0.556950870235735,0.0555678476762568,0.337686184324419,1.25001886830107,49,"Smad4/Jak1/Akt3/Rac1/Tgfbr2/Vegfc/Smad2/Rala/Pik3cg/Pld1/Rb1/Casp9/Ikbkg/Mapk9/Braf/Cdk6/Tgfbr1/Pik3r5/Tgfa/Cdc42/Vegfa/Map2k1/Vegfd"
"KEGG_COMPLEMENT_AND_COAGULATION_CASCADES",0.144706619335978,0.563307312633458,0.052891019675301,0.369290617254851,1.25379177714859,33,"C7/Hc/Cd55/A2m/Cr1l/Vwf/Pros1/Serping1/Fga/Cfi/Thbd/Cd55b/C3"
"KEGG_APOPTOSIS",0.147732001664586,0.563307312633458,0.0522057901504851,0.320145194920464,1.22178979178923,57,"Casp7/Akt3/Prkx/Csf2rb2/Aifm1/Casp3/Dffa/Ripk1/Pik3cg/Casp9/Ppp3cc/Casp8/Ppp3r1/Ikbkg/Il1r1/Chp1"
"KEGG_BASAL_TRANSCRIPTION_FACTORS",0.154102457309454,0.563307312633458,0.0510532623450575,0.43894583887069,1.27879757617699,18,"Ston1/Taf6/Taf7/Gtf2h2/Gtf2ird1/Taf4b/Tbpl1/Gtf2e1"
"KEGG_OOCYTE_MEIOSIS",0.162814692529922,0.563307312633458,0.0493105408604762,0.299175530135062,1.19249363410978,71,"Adcy3/Prkx/Adcy9/Ppp1ca/Cdc23/Ppp2r5e/Adcy7/Rps6ka2/Cdc16/Anapc4/Rps6ka3/Bub1/Calm1/Cul1/Anapc2/Ccne2/Ppp2r1b/Ppp3cc/Smc3/Ppp3r1"
"KEGG_FRUCTOSE_AND_MANNOSE_METABOLISM",0.163076923076923,0.563307312633458,0.0474106087961033,-0.439430271886082,-1.27735361058921,18,"Pfkm/Aldoa/Hk2/Pfkfb1/Mpi/Tpi1/Aldoc/Khk/Akr1b8"
"KEGG_AMINOACYL_TRNA_BIOSYNTHESIS",0.163184287505224,0.563307312633458,0.0495841253138098,0.375763295733421,1.2368532633872,29,"Iars2/Sepsecs/Eprs/Dars/Iars/Dars2/Wars2/Gars"
"KEGG_RNA_DEGRADATION",0.166442695334997,0.563307312633458,0.0468392438701435,-0.372184083449415,-1.23754430300477,31,"Eno3/Lsm7/Lsm1/Exosc4/Edc4/Zcchc7/Lsm8/Hspa9/Exosc2/Lsm2/Edc3/Exosc8/C1d"
"KEGG_AMINO_SUGAR_AND_NUCLEOTIDE_SUGAR_METABOLISM",0.170328520611006,0.563307312633458,0.0484810181268706,0.394430642113598,1.23913758270229,24,"Hexb/Pgm3/Chia1/Gnpda2"
"KEGG_LONG_TERM_POTENTIATION",0.172112018669778,0.563307312633458,0.0463144910700218,-0.331829263071386,-1.21024000564826,47,"Calml3/Mapk3/Camk2a/Hras/Araf/Ppp1r1a/Camk2b/Map2k2/Prkaca/Crebbp/Grin1"
"KEGG_SNARE_INTERACTIONS_IN_VESICULAR_TRANSPORT",0.172121678860223,0.563307312633458,0.0460578909158033,-0.40239382035676,-1.24567552454957,23,"Bnip1/Vamp5/Vamp2/Vamp8/Stx3/Stx4a/Use1"
"KEGG_EPITHELIAL_CELL_SIGNALING_IN_HELICOBACTER_PYLORI_INFECTION",0.17904918707553,0.572957398641696,0.0467506909493571,0.34029070706644,1.2149010102693,40,"Rac1/Cxcr1/Lyn/Cxcr2/Casp3/Tjp1/Adam17/Plcg2/Ikbkg/Atp6v0a4/Mapk9/Atp6v0a2/Adam10/Plcg1/Atp6v1a"
"KEGG_BUTANOATE_METABOLISM",0.191767647624543,0.600316114302918,0.0433653397528181,-0.407541636597826,-1.2337292983604,21,"Hadh/Hmgcs2/Bdh1/Hmgcs1/Akr1b8/Echs1/Acat1/Acads/Aldh1b1/Oxct1/Acsm3"
"KEGG_JAK_STAT_SIGNALING_PATHWAY",0.20160957490714,0.610669456066946,0.0438558043137023,0.28998016966852,1.15584154289514,71,"Jak2/Jak1/Akt3/Lepr/Stam2/Csf2rb2/Il7r/Il13ra1/Csf3r/Il22ra1/Socs4/Pik3cg/Ptpn6/Ifngr1/Ifnar1"
"KEGG_TIGHT_JUNCTION",0.203556485355649,0.610669456066946,0.0439556423350473,0.277940270024787,1.14507834440344,85,"Prkch/Ctnnb1/Ocln/Rhoa/Sptan1/Myh9/Actn4/Akt3/Pard6g/Magi3/Cgn/Exoc4/Tjp1/Gnai3/Myh10/Gnai1/Patj/Cask/Ppp2r1b/Cldn1/Cldn8"
"KEGG_COLORECTAL_CANCER",0.210146421942669,0.617573158362128,0.0428419935174205,0.325479905656729,1.17705297863885,43,"Ctnnb1/Rhoa/Smad4/Akt3/Rac1/Tgfbr2/Casp3"
"KEGG_B_CELL_RECEPTOR_SIGNALING_PATHWAY",0.235269623152197,0.649644845459781,0.0404302882705214,0.297790692500307,1.13392838342428,56,"Pik3ap1/Akt3/Rac1/Lyn/Vav3/Card11/Plcg2/Pik3cg/Ptpn6/Ppp3cc/Cd22/Ppp3r1/Ikbkg/Chp1/Rasgrp3/Fcgr2b/Vav2/Pik3r5"
"KEGG_SPLICEOSOME",0.236811481768813,0.649644845459781,0.0386938580528995,-0.285247172268947,-1.1317416332644,71,"Magohb/Snrpd3/Snrpc/Lsm7/Rbm8a/Snrnp27/Sf3a2/Magoh/Zmat2/Ppie/Acin1/Phf5a/Snrpb/Snrpa/Prpf40b/Snu13/Srsf5/Eif4a3/Lsm8/Tra2a/Syf2/Ppil1/Hspa1b/Lsm2/Bud31/Bcas2/Sart1/U2af2/Ncbp2"
"KEGG_VASOPRESSIN_REGULATED_WATER_REABSORPTION",0.237471407777085,0.649644845459781,0.0401900048998496,0.355508202546651,1.16144278033649,28,"Adcy3/Rab5a/Prkx/Adcy9/Arhgdib/Dync2h1"
"KEGG_PROXIMAL_TUBULE_BICARBONATE_RECLAMATION",0.241698841698842,0.649644845459781,0.0381441068234305,-0.432346114845068,-1.19202745547036,15,"Atp1a2/Atp1b2/Slc25a10/Slc38a3/Mdh1"
"KEGG_GLUTATHIONE_METABOLISM",0.243616817047418,0.649644845459781,0.0378508203711828,-0.348281385193914,-1.1580657616916,31,"Gpx4/Gstm1/Gpx7/Gpx1/Gpx3/Ggt5/Gstk1/Ggct/Gstm2/Mgst2/Gstm4"
"KEGG_BLADDER_CANCER",0.250671269658611,0.650952380952381,0.0372150648906272,-0.363565203511505,-1.16066105130009,26,"Mapk3/Dapk3/Hras/Araf/Map2k2/Vegfb/Erbb2/Cdkn2a/Cdk4"
"KEGG_RIG_I_LIKE_RECEPTOR_SIGNALING_PATHWAY",0.255301455301455,0.650952380952381,0.0385679879229386,0.328134569891341,1.13885312210369,36,"Rnf125/Ifih1/Ddx3x/Ripk1/Casp8/Ikbkg/Mapk9/Il12b/Dhx58/Azi2/Mavs/Tbk1/Atg5/Traf6"
"KEGG_NEUROACTIVE_LIGAND_RECEPTOR_INTERACTION",0.261944677284158,0.650952380952381,0.0381789851736003,0.263581151106295,1.10539435569179,95,"Glp1r/Fpr1/Cckar/Fpr2/Lepr/Calcrl/Gabrp/Ednrb/Vipr2/Cnr2/Lpar3/Htr2c/P2ry10/S1pr1/Adra1a/P2rx7/Aplnr"
"KEGG_GLYCEROPHOSPHOLIPID_METABOLISM",0.265625,0.650952380952381,0.037748643821725,0.328209701784814,1.12963515235329,35,"Gpam/Plpp1/Pcyt1a/Dgkq/Dgkz/Mboat1/Dgka/Mboat7/Pld1/Lclat1/Gpd1l/Lpcat3"
"KEGG_TOLL_LIKE_RECEPTOR_SIGNALING_PATHWAY",0.270707909487233,0.650952380952381,0.0372642930836758,0.286915847406013,1.10929158629974,61,"Tlr7/Tlr8/Tlr4/Akt3/Rac1/Cd14/Tlr5/Ripk1/Pik3cg/Ifnar1/Ctsk/Casp8/Ikbkg/Mapk9/Il12b/Pik3r5/Tlr3/Tlr9/Tbk1/Ticam2/Map2k1/Traf6"
"KEGG_ABC_TRANSPORTERS",0.275359300145803,0.650952380952381,0.0369713177682469,0.379788989886802,1.13929982746288,20,"Abcd2/Abcd3/Abca6/Abcg1/Abcb10/Abca5/Abca2"
"KEGG_ENDOCYTOSIS",0.276703111858705,0.650952380952381,0.0370683414687486,0.252319820464934,1.08491951637421,111,"Rab5a/Cltc/Cxcr1/Stam2/Pard6g/Itch/Vps37b/Smurf2/Rabep1/Cxcr2/Grk6/Asap2/Nedd4/Rab31/Arf6/Pld1/Erbb3/Pdcd6ip/Rbsn/Psd4/Stam/Chmp6/H2-Q2/Prkcz/Iqsec1/Gm8909/Ap2a1/Cdc42/Asap1/Sh3gl1/Rab11fip3/Vps4b/Rufy1/Ap2a2/Traf6/Pikfyve/Ehd2/Rab11fip2/Kdr/Eps15"
"KEGG_REGULATION_OF_AUTOPHAGY",0.284173408006638,0.650952380952381,0.0362170615119638,0.404408846959935,1.14148010875992,16,"Atg4c/Becn1/Pik3c3/Prkaa1"
"KEGG_CELL_CYCLE",0.284791666666667,0.650952380952381,0.0362630955927961,0.271454288198861,1.09478043013263,76,"Smad4/Cdc23/Mcm6/Atr/Rbl2/Orc3/Cdc16/Bub1b/Anapc4/Bub1/Stag2/Smad2/Cul1/Orc4/Stag1/Rb1/Anapc2/Ccne2"
"KEGG_GAP_JUNCTION",0.298377028714107,0.662218977367136,0.0352678679814223,0.294925472081865,1.09173079017871,49,"Adcy3/Prkx/Adcy9/Tubb1/Adcy7/Map3k2/Tjp1/Gnai3/Htr2c/Gnai1/Plcb1"
"KEGG_T_CELL_RECEPTOR_SIGNALING_PATHWAY",0.301299236956073,0.662218977367136,0.0348852489571245,0.27355306447634,1.08793794749537,70,"Ptprc/Rhoa/Akt3/Vav3/Icos/Card11/Nck2/Pik3cg/Lcp2/Ptpn6/Pak4/Cd40lg/Ppp3cc/Ppp3r1/Tec/Ikbkg/Mapk9/Grap2/Chp1/Plcg1"
"KEGG_MELANOMA",0.307871720116618,0.662218977367136,0.033260846889792,-0.314350824602937,-1.09605059256037,38,"Mapk3/Hras/Araf/Fgf13/Map2k2/Akt2/Cdkn2a/Fgf11/Pdgfc/Pdgfb/Cdk4/Fgf14/Pdgfa"
"KEGG_ADIPOCYTOKINE_SIGNALING_PATHWAY",0.308169596690796,0.662218977367136,0.0344852766047729,0.303274340611447,1.09066014124338,42,"Jak2/Cd36/Akt3/Lepr/Irs1/Mtor/Prkaa1/Acsl5/Ikbkg/Mapk9/Adipor2/Cpt1a/Acsl4"
"KEGG_ACUTE_MYELOID_LEUKEMIA",0.312802634127445,0.662218977367136,0.0328792632922865,-0.315825705718454,-1.09514137148717,37,"Mapk3/Hras/Araf/Map2k2/Pim2/Rps6kb2/Akt2/Pim1/Ppard/Lef1/Stat3"
"KEGG_TYROSINE_METABOLISM",0.317313259988419,0.662218977367136,0.0325314949110203,-0.39515149530458,-1.10767524889949,16,"Hemk1/Mif/Fah/Pnmt/Ddc/Aldh3b1/Aldh1a3/Comt"
"KEGG_OLFACTORY_TRANSDUCTION",0.32213858328508,0.662685085615022,0.0322385276578444,-0.393406926938852,-1.10278493411721,16,"Calml3/Camk2a/Gnal/Camk2b/Prkaca"
"KEGG_PEROXISOME",0.331407346264961,0.672107135383971,0.0329889785720029,0.295285437382315,1.07289168692156,44,"Abcd2/Hsd17b4/Abcd3/Agps/Cat/Far1/Acox2/Pex2/Acox1/Acsl5/Eci2"
"KEGG_CYTOKINE_CYTOKINE_RECEPTOR_INTERACTION",0.336053567691986,0.672107135383971,0.0329889785720029,0.239394927322206,1.05154853427293,125,"Hgf/Acvr2a/Ccr6/Lepr/Acvrl1/Cxcr1/Csf2rb2/Tgfbr2/Il7r/Il13ra1/Ccr1/Cxcr2/Vegfc/Tnfsf15/Csf3r/Il22ra1/Il18/Kitl/Il18r1/Cxcr6/Ifngr1/Ifnar1"
"KEGG_PPAR_SIGNALING_PATHWAY",0.350519430550212,0.688234996087527,0.0305702641619783,-0.315393181181747,-1.07147651522043,34,"Fabp3/Aqp7/Dbi/Ucp1/Rxrg"
"KEGG_INTESTINAL_IMMUNE_NETWORK_FOR_IGA_PRODUCTION",0.353676317433868,0.688234996087527,0.0319062895292908,0.357791619625842,1.07331160555466,20,"Icosl/Icos/Itgb7/H2-Ob/Cd40lg/H2-DMb1"
"KEGG_MTOR_SIGNALING_PATHWAY",0.372944078947368,0.714537595840932,0.0306525980581054,0.294862618037156,1.04599385663931,39,"Akt3/Cab39/Rps6ka2/Mtor/Vegfc/Rps6ka3/Pik3cg/Prkaa1/Eif4e/Braf/Tsc2/Pik3r5/Vegfa/Eif4e2/Rptor/Vegfd"
"KEGG_PRION_DISEASES",0.378196500672948,0.714537595840932,0.0291596706476492,-0.353297843674726,-1.05598290993861,20,"Mapk3/Ncam1/C1qa/Ccl5/Map2k2/Prkaca"
"KEGG_ARRHYTHMOGENIC_RIGHT_VENTRICULAR_CARDIOMYOPATHY_ARVC",0.382079131109387,0.714537595840932,0.0291320130936677,-0.288950923841375,-1.04080405715652,44,"Des/Actn2/Sgcg/Cdh2/Actn3/Itga7/Ryr2/Itga5/Actb/Dsc2/Atp2a2/Itga10"
"KEGG_SMALL_CELL_LUNG_CANCER",0.393964448119057,0.722171381031614,0.0297349782893663,0.275589420899734,1.03404545050749,52,"Itgb1/Akt3/Col4a1/Lama2/Lama3/Pik3cg/Ptgs2/Lama4/Rb1/Casp9/Ccne2/Ikbkg/Cdkn1b/Cdk6/Lamc2/Col4a6/Pik3r5/Traf6/Col4a2/Fn1/Lama1/Col4a4/Itga2"
"KEGG_TGF_BETA_SIGNALING_PATHWAY",0.400623052959502,0.722171381031614,0.0295151116826142,0.278091136453962,1.02611757353875,48,"Bmp5/Rhoa/Smad4/Acvr2a/Acvrl1/Tgfbr2/Smurf2/Rbl2"
"KEGG_TRYPTOPHAN_METABOLISM",0.401206322795341,0.722171381031614,0.0295151116826142,0.333614155643127,1.03781465231376,23,"Aldh3a2/Cat/Tdo2/Maoa/Kynu/Wars2/Aldh2"
"KEGG_PATHWAYS_IN_CANCER",0.4133219470538,0.734794572540089,0.0294489133351372,0.217092031834036,1.01384964752453,195,"Ctnnb1/Rhoa/Hgf/Smad4/Jak1/Itgb1/Akt3/Rac1/Col4a1/Tpr/Tgfbr2/Rassf1/Casp3/Mtor/Lama2/Vegfc/Smad2/Csf3r/Plcg2/Lama3/Mecom/Rala/Pik3cg/Kitl/Ptgs2/Mmp2/Lama4/Ptch1/Pld1/Rb1/Casp9/Ccne2/Casp8/Egln3/Ctbp2/Crk/Ikbkg/Cdkn1b/Klk1/Mapk9/Dapk1/Fzd5/Braf/Cdk6/Tgfbr1/Plcg1/Lamc2"
"KEGG_PHOSPHATIDYLINOSITOL_SIGNALING_SYSTEM",0.442419221209611,0.770821501823421,0.0276861936652496,0.268942620748885,1.00417142620187,51,"Pik3c2a/Dgkq/Dgkz/Pik3c3/Dgka/Calm1/Plcg2/Pik3cg/Plcb1/Inpp5e/Inpp5b/Plcb2/Pik3c2g/Plcg1"
"KEGG_GLIOMA",0.444292948967667,0.770821501823421,0.0265434450750983,-0.284483081677385,-1.00782836557162,41,"Calml3/Mapk3/Camk2a/Hras/Araf/Camk2b/Map2k2/Akt2/Cdkn2a/Pdgfb/Cdk4/Pdgfa"
"KEGG_FOCAL_ADHESION",0.467355925713192,0.794577471984741,0.0253913136183266,-0.22794995536596,-0.992924187878406,125,"Col5a3/Flnc/Mapk3/Cav3/Actn2/Myl7/Myl9/Mylk3/Thbs2/Hras/Mylpf/Comp/Actn3/Mapk10/Itga7/Thbs3/Parvb/Myl12b/Vegfb/Itga5/Vasp/Actb/Vtn/Ccnd3/Spp1/Col5a1/Itga10"
"KEGG_THYROID_CANCER",0.469021424435437,0.794577471984741,0.0254672381357637,-0.353775453635283,-0.991691334377829,16,"Mapk3/Rxrg/Hras/Map2k2/Rxrb/Lef1"
"KEGG_PROTEASOME",0.493095512082854,0.816547124520274,0.0245272739043374,-0.305610367195759,-0.975643561737091,26,"Psme2/Psmb8/Psmb5/Psmb3/Psmb9"
"KEGG_NEUROTROPHIN_SIGNALING_PATHWAY",0.493330554397666,0.816547124520274,0.0259111388210573,0.24229938102699,0.982380782412799,78,"Rhoa/Map3k3/Akt3/Rac1/Arhgdib/Kidins220/Irs1/Rps6ka2/Rps6ka3/Calm1/Psen1/Plcg2/Pik3cg/Rap1b/Shc1/Sort1"
"KEGG_ECM_RECEPTOR_INTERACTION",0.518602728400165,0.847711938280333,0.0249319076613874,0.257858795848957,0.967517961503911,52,"Cd36/Itgb1/Col4a1/Vwf/Lama2/Agrn/Hmmr/Col1a1/Lama3/Itgb7/Sdc3/Lama4/Tnn"
"KEGG_TYPE_II_DIABETES_MELLITUS",0.526265337423313,0.847711938280333,0.0234574445337431,-0.284054141879505,-0.951302121603329,32,"Mapk3/Kcnj11/Slc2a4/Mapk10/Abcc8/Hk2"
"KEGG_SYSTEMIC_LUPUS_ERYTHEMATOSUS",0.53489343919766,0.847711938280333,0.0245981113732441,0.290160535427773,0.95508531361356,29,"C7/H3f3a/Actn4/Trim21/Hc"
"KEGG_FATTY_ACID_METABOLISM",0.535706849885488,0.847711938280333,0.0245144375869314,0.310593381869438,0.944512968054138,21,"Aldh3a2/Acadsb/Acox1/Acsl5/Eci2/Aldh2/Cpt1a/Acsl4/Acadvl"
"KEGG_ALDOSTERONE_REGULATED_SODIUM_REABSORPTION",0.565852720630648,0.874981891931044,0.0223432461588525,-0.309815016765537,-0.926015736591816,20,"Mapk3/Atp1a2/Atp1b2"
"KEGG_PYRUVATE_METABOLISM",0.56981852913085,0.874981891931044,0.0221299348211727,-0.29274319371203,-0.926070271464844,25,"Acyp2/Me3/Mdh1/Hagh/Dlat/Mdh2/Haghl"
"KEGG_ENDOMETRIAL_CANCER",0.595858895705521,0.874981891931044,0.0214863304063947,-0.272158773772896,-0.911464332785345,32,"Mapk3/Hras/Araf/Axin2/Map2k2/Erbb2/Akt2/Lef1"
"KEGG_LONG_TERM_DEPRESSION",0.601883890811226,0.874981891931044,0.0213715092857371,-0.266052582857178,-0.911948582441713,35,"Mapk3/Pla2g12a/Hras/Araf/Map2k2/Ryr1"
"KEGG_VASCULAR_SMOOTH_MUSCLE_CONTRACTION",0.603883495145631,0.874981891931044,0.0214763030495694,-0.237567424812031,-0.924273028938394,65,"Myl6/Calml3/Mapk3/Myl9/Mylk3/Pla2g12a/Acta2/Actg2/Araf/Map2k2/Prkaca/Adra1b"
"KEGG_GNRH_SIGNALING_PATHWAY",0.606459098820344,0.874981891931044,0.0213466902091972,-0.240237940885408,-0.922185633926536,60,"Map2k7/Calml3/Mapk3/Camk2a/Pla2g12a/Hras/Camk2b/Mapk10/Map2k2/Prkaca"
"KEGG_CALCIUM_SIGNALING_PATHWAY",0.607217792698279,0.874981891931044,0.0226097152737021,0.219555231430842,0.932725096864087,103,"Adcy3/Cckar/Prkx/Bst1/Adcy9/Slc25a5/Phkb/Adcy7/Atp2b1/Ednrb/Gna14/Calm1/Cacna1d/Plcg2/Htr2c/Plcb1/Adra1a/Erbb3/Gna15/P2rx7/Ppp3cc/Ppp3r1/Ednra/Phkg2/Plcb2/Chp1/Plcg1/Agtr1a/Gnas"
"KEGG_NON_SMALL_CELL_LUNG_CANCER",0.611356224822559,0.874981891931044,0.0210963723699482,-0.266823176571753,-0.901303641597108,33,"Mapk3/Rxrg/Hras/Araf/Map2k2/Rxrb/Erbb2/Akt2/Cdkn2a/Cdk4"
"KEGG_PROTEIN_EXPORT",0.623409138326727,0.874981891931044,0.0221035302120679,0.308249568291321,0.883314997802126,17,"Sec61a1/Srp72/Hspa5"
"KEGG_NOTCH_SIGNALING_PATHWAY",0.623536187368017,0.874981891931044,0.0208035511201481,-0.269465521365982,-0.895996190197115,31,"Hes1/Ctbp1/Crebbp/Psenen/Dtx2/Dtx1/Psen2/Rbpjl/Maml2/Hdac1/Dvl3/Mfng"
"KEGG_AMYOTROPHIC_LATERAL_SCLEROSIS_ALS",0.624036979969183,0.874981891931044,0.0208415567486796,-0.259397448195265,-0.894189144250587,36,"Cycs/Gpx1/Prph/Tomm40/Grin1/Ccs/Ppp3ca/Bax/Mapk13/Nefl"
"KEGG_INOSITOL_PHOSPHATE_METABOLISM",0.630088861334987,0.874981891931044,0.0217858977601165,0.256217041915068,0.896435964695788,37,"Pik3c2a/Pik3c3/Isyna1/Plcg2/Pik3cg/Plcb1/Inpp5e/Inpp5b/Plcb2/Pik3c2g/Plcg1/Aldh6a1/Itpka"
"KEGG_PRIMARY_IMMUNODEFICIENCY",0.631931366394643,0.874981891931044,0.0219358759330868,0.28382735934453,0.891667914232852,24,"Ptprc/Il7r/Icos/Cd40lg/Ikbkg/Dclre1c/Ciita"
"KEGG_DNA_REPLICATION",0.672314208702349,0.894712143111895,0.0196976670488682,-0.278395782216154,-0.861819427885432,23,"Rnaseh2c/Pold4/Rnaseh2a/Pole4/Rpa3/Rpa2/Rfc5/Pola2/Rfc2/Rnaseh1/Ssbp1/Rfc3"
"KEGG_CYTOSOLIC_DNA_SENSING_PATHWAY",0.676996672212978,0.894712143111895,0.0207703928056747,0.277762781187967,0.864070901393818,23,"Ripk1/Il18/Il33/Polr3f/Ikbkg/Ripk3/Polr3a/Mavs/Tbk1/Casp1/Aim2"
"KEGG_ERBB_SIGNALING_PATHWAY",0.680253797346664,0.894712143111895,0.0194999066997947,-0.233339927011654,-0.881985057589403,55,"Map2k7/Mapk3/Camk2a/Hras/Araf/Camk2b/Mapk10/Map2k2"
"KEGG_AXON_GUIDANCE",0.680477087256748,0.894712143111895,0.0207845925052159,0.219927364885305,0.893651994071342,79,"Rhoa/Itgb1/Rac1/Sema3a/Slit2/Rasa1/Gnai3/Nck2/Gnai1/Sema3c/Robo2/Robo1/Pak4/Ppp3cc/Ppp3r1/Plxna1/Sema3f/Rock1"
"KEGG_CHRONIC_MYELOID_LEUKEMIA",0.682658359293873,0.894712143111895,0.0206199462847233,0.237681152736091,0.877010360097637,48,"Smad4/Akt3/Tgfbr2/Mecom/Pik3cg/Shc1/Rb1/Ctbp2/Crk/Ikbkg/Cdkn1b/Braf/Cdk6/Tgfbr1"
"KEGG_MELANOGENESIS",0.683460664877142,0.894712143111895,0.0205129443448776,0.228061769092978,0.885512186722155,62,"Adcy3/Ctnnb1/Prkx/Adcy9/Adcy7/Ednrb/Gnai3/Calm1/Gnai1/Kitl/Plcb1"
"KEGG_MISMATCH_REPAIR",0.708108108108108,0.915052053209948,0.018957600308321,-0.297927510001418,-0.821420060149899,15,"Pold4/Rpa3/Rpa2/Rfc5/Rfc2/Ssbp1/Rfc3"
"KEGG_PORPHYRIN_AND_CHLOROPHYLL_METABOLISM",0.71917379511788,0.915052053209948,0.0198942585004102,0.286122665542631,0.819908501691951,17,"Ugt1a7c/Gusb/Eprs/Ugt1a6b/Blvra/Cpox"
"KEGG_RNA_POLYMERASE",0.724763559158464,0.915052053209948,0.0186075251874657,-0.291885465505805,-0.81820342196878,16,"Polr2k/Polr2e/Polr2h/Polr2c/Polr2g/Polr2j/Polr3h/Polr2d/Polr1b"
"KEGG_VEGF_SIGNALING_PATHWAY",0.727343446129911,0.915052053209948,0.0186671820544752,-0.233989231113991,-0.85340010631946,47,"Mapk3/Nfatc4/Pla2g12a/Hras/Map2k2/Hspb1/Ppp3ca/Pla2g2d/Nos3/Akt2/Mapk13"
"KEGG_RENAL_CELL_CARCINOMA",0.742210179988388,0.915052053209948,0.0182941008596753,-0.23515507466537,-0.838449404876736,42,"Rbx1/Mapk3/Hras/Araf/Map2k2/Crebbp/Eloc/Vegfb"
"KEGG_ANTIGEN_PROCESSING_AND_PRESENTATION",0.754402941745694,0.915052053209948,0.0180527057353187,-0.23314358101913,-0.831277390183867,42,"Psme2/Tap2/Tapbp/Nfya/H2-D1/Ctsl/Nfyc/H2-M3/H2-T23/H2-DMa/Tap1/Ctsb/Hspa1b"
"KEGG_HEDGEHOG_SIGNALING_PATHWAY",0.763130362000419,0.915052053209948,0.0190436054957854,0.257824213194384,0.80997680755188,24,"Bmp5/Prkx"
"KEGG_ALANINE_ASPARTATE_AND_GLUTAMATE_METABOLISM",0.763416041546451,0.915052053209948,0.0177861173824647,-0.263433161873879,-0.797477314653486,21,"Gpt2/Adssl1/Nit2/Gpt/Acy3/Asl/Ddo/Glul"
"KEGG_TYPE_I_DIABETES_MELLITUS",0.766953199617956,0.915052053209948,0.0176163652112012,-0.253815386672457,-0.802925188651644,25,"Cpe/H2-D1/H2-M3/H2-T23/H2-DMa/Ifng"
"KEGG_HISTIDINE_METABOLISM",0.775620073062873,0.915052053209948,0.0175469108023954,-0.266592044089136,-0.785724053968923,19,"Aoc1/Hemk1/Ddc/Aldh3b1/Acy3/Hal/Aldh1a3/Aldh1b1"
"KEGG_GRAFT_VERSUS_HOST_DISEASE",0.786730769230769,0.915052053209948,0.0173408037041483,-0.2672361992993,-0.77681294597654,18,"H2-D1/H2-M3/H2-T23/H2-DMa/Ifng"
"KEGG_STARCH_AND_SUCROSE_METABOLISM",0.786882092710137,0.915052053209948,0.0173408037041483,-0.257932922091933,-0.780826728903178,21,"Pygm/Gpi1/Gys1/Amy1/Hk2"
"KEGG_BASAL_CELL_CARCINOMA",0.798507462686567,0.915052053209948,0.0170500351665521,-0.239150274913,-0.789429821966687,30,"Axin2/Wnt4/Wnt9a/Wnt7b/Lef1/Wnt11/Dvl3/Tcf7l2/Dvl1"
"KEGG_LYSINE_DEGRADATION",0.799084858569052,0.915052053209948,0.0182670477184187,0.251345814118809,0.781892387591815,23,"Aldh3a2/Plod2/Kmt5b/Aass/Aldh2/Bbox1"
"KEGG_ARGININE_AND_PROLINE_METABOLISM",0.800584673209438,0.915052053209948,0.0182979703865563,0.235243664021465,0.7986841739141,33,"Aldh3a2/Odc1/Maoa/Arg2/Otc/Aldh18a1/Aldh2/Glud1/Lap3"
"KEGG_REGULATION_OF_ACTIN_CYTOSKELETON",0.812464046021093,0.915052053209948,0.016827595383871,-0.19602645988111,-0.856930067033012,129,"Rras/Mapk3/Actn2/Brk1/Myl7/Myl9/Mylk3/Hras/Mylpf/Araf/Fgf13/Actn3/Arpc5l/Tmsb4x/Itga7/Map2k2/Pfn1/Myl12b/Pip4k2c/Arpc1a/Itga5/Mras/Actb/Itga10/Pfn2"
"KEGG_PROPANOATE_METABOLISM",0.812884615384615,0.915052053209948,0.0168620989446887,-0.2600824876347,-0.756018248823178,18,"Mcee/Sucla2/Echs1/Acat1/Mlycd/Aldh1b1/Ldhb"
"KEGG_FC_EPSILON_RI_SIGNALING_PATHWAY",0.813379602853287,0.915052053209948,0.0168897685092836,-0.218132211373175,-0.80146802272,48,"Map2k7/Mapk3/Pla2g12a/Hras/Mapk10/Map2k2"
"KEGG_MAPK_SIGNALING_PATHWAY",0.824521508432822,0.920396102436638,0.0164406247822452,-0.191390680314891,-0.854296788639795,146,"Rras/Flnc/Map2k7/Mapk3/Gadd45b/Nfatc4/Max/Pla2g12a/Gadd45g/Hras/Rasgrp2/Fgf13/Mapk8ip2/Mapk10/Mapk8ip3/Map2k2/Prkaca/Map2k5/Mras/Ppp5c/Hspb1/Ppp3ca/Pla2g2d/Akt2/Mapk13/Ppm1b/Fgf11/Pdgfb/Cacna1g/Fgf14/Pdgfa/Flna/Hspa1b/Prkcb/Cacna2d1/Fgf9/Map2k3/Nfatc2/Gng12/Rela/Mapt/Elk1/Ddit3"
"KEGG_P53_SIGNALING_PATHWAY",0.843981301129723,0.928854579595243,0.0165009639467131,-0.218896004881078,-0.775475299018433,41,"Cycs/Gadd45b/Gadd45g/Ccnd3/Perp/Bax/Igfbp3/Cdkn2a/Cdk4/Bbc3/Tnfrsf10b/Cdk2"
"KEGG_METABOLISM_OF_XENOBIOTICS_BY_CYTOCHROME_P450",0.846168656141702,0.928854579595243,0.0162942919202149,-0.238935351088974,-0.739663244672375,23,"Gstm1/Gstk1/Gstm2/Mgst2/Aldh3b1/Gstm4/Dhdh/Aldh1a3/Gstm7"
"KEGG_NITROGEN_METABOLISM",0.851450031295639,0.928854579595243,0.0173767215706435,0.251238336224429,0.719944529492922,17,"Car8/Glud1/Cth/Asns"
"KEGG_DRUG_METABOLISM_CYTOCHROME_P450",0.861318051575931,0.930014043150772,0.0159225604979822,-0.231047293901776,-0.730900102139736,25,"Gstm1/Gstk1/Cyp2a5/Cyp2d22/Gstm2/Mgst2/Aldh3b1/Gstm4"
"KEGG_NOD_LIKE_RECEPTOR_SIGNALING_PATHWAY",0.869900083263947,0.930014043150772,0.0170290169402548,0.218347247285079,0.746917215296216,34,"Naip2/Erbin/Il18/Tnfaip3/Casp8/Card6/Ikbkg/Nlrp1a/Mapk9"
"KEGG_INSULIN_SIGNALING_PATHWAY",0.871888165453849,0.930014043150772,0.0157818260655382,-0.194075518967452,-0.797606818720623,85,"Calml3/Mapk3/Slc2a4/Pygm/Hras/Inpp5k/Araf/Mapk10/Map2k2/Prkaca/Gys1/Hk2"
"KEGG_PROSTATE_CANCER",0.887127947429455,0.93931194433707,0.0156646162589718,-0.20231504344111,-0.753111804539224,51,"Mapk3/Hras/Araf/Map2k2/Crebbp/Erbb2/Akt2/Creb5/Lef1/Creb3l1/Pdgfc/Pdgfb/Pdgfa/Tcf7l2/Cdk2"
"KEGG_AUTOIMMUNE_THYROID_DISEASE",0.901172851374736,0.94444167124245,0.0153620843297468,-0.22809287681004,-0.681753891517923,20,"H2-D1/H2-M3/H2-T23/H2-DMa/Tshr/Cd40/H2-Eb1"
"KEGG_WNT_SIGNALING_PATHWAY",0.905089934940681,0.94444167124245,0.0152300936455108,-0.186398418361468,-0.787898460512444,99,"Rbx1/Ctbp1/Nfatc4/Sfrp5/Camk2a/Camk2b/Axin2/Mapk10/Sfrp1/Prkaca/Crebbp/Sfrp2/Wnt4/Wnt9a/Ccnd3/Ppp3ca/Wnt7b/Csnk2b/Ppard/Lef1/Smad3/Dkk2/Wnt11/Dvl3/Tcf7l2/Ppp2r5a"
"KEGG_ALLOGRAFT_REJECTION",0.93174389540473,0.952966020349395,0.0148801982160569,-0.217103591864569,-0.648907676058009,20,"H2-D1/H2-M3/H2-T23/H2-DMa/Ifng/Cd40/H2-Eb1"
"KEGG_BASE_EXCISION_REPAIR",0.932512978273409,0.952966020349395,0.0148682883020008,-0.216470646033733,-0.63800176088536,19,"Xrcc1/Pold4/Neil1/Pole4"
"KEGG_PURINE_METABOLISM",0.941773725652714,0.952966020349395,0.0158073040653762,0.183555634744894,0.735255482860333,73,"Adcy3/Pde4b/Polr2b/Adcy9/Adcy7/Rrm2b/Ak7/Adss/Polr3f/Prim2/Adsl"
"KEGG_PYRIMIDINE_METABOLISM",0.944076222038111,0.952966020349395,0.0157659269116235,0.187776871598694,0.701116723098519,51,"Polr2b/Ctps2/Uprt/Rrm2b/Polr3f/Prim2/Umps/Cad/Rrm2/Nme7/Nt5c2/Cmpk2/Polr3a/Prim1"
"KEGG_NUCLEOTIDE_EXCISION_REPAIR",0.947852760736196,0.952966020349395,0.0145912630901508,-0.199011339738052,-0.651818624786763,29,"Rbx1/Pold4/Ercc1/Pole4/Rpa3/Rpa2/Rfc5/Rfc2"
"KEGG_HOMOLOGOUS_RECOMBINATION",0.952966020349395,0.952966020349395,0.0145330123598462,-0.211939526952506,-0.605919542859124,17,"Pold4/Mus81/Rpa3/Rpa2"
