"baseMean","log2FoldChange","lfcSE","stat","pvalue","padj","gene_id","gene_name"
11360.4458277884,-7.0834978863351,0.567912797287802,182.857472899851,2.12988694683081e-39,1.87600442276858e-35,"ENSMUSG00000029657","Hsph1"
2402.32023788086,-6.10629069748389,0.551050498458602,140.159313463628,3.49227880594978e-30,1.53799958614028e-26,"ENSMUSG00000004951","Hspb1"
2015.46810524594,-3.73355078472445,0.425367566436651,132.616313995473,1.47642165860345e-28,4.33477398965973e-25,"ENSMUSG00000030847","Bag3"
2580.39933555388,-4.726704816941,0.474056224374626,129.623472646745,6.51950968179122e-28,1.43559603193043e-24,"ENSMUSG00000005483","Dnajb1"
1641.00548831492,-2.81884044878408,0.367651601489951,96.9068569029807,7.18579599156621e-21,1.2658498218743e-17,"ENSMUSG00000001774","Chordc1"
8481.38183890462,-2.72870048345739,0.392613641919971,95.3287748573376,1.56912581793272e-20,2.30347670072523e-17,"ENSMUSG00000025980","Hspd1"
1260.45192863473,-2.97205279336351,0.32978724690616,87.5644721824604,7.30462467169371e-19,9.19130487261117e-16,"ENSMUSG00000014226","Cacybp"
5924.80923049852,-3.7387319914196,0.420703569924165,83.8660339727465,4.54510654507087e-18,4.95509243550443e-15,"ENSMUSG00000028410","Dnaja1"
777.684048563789,-4.89256823644203,0.632157118514027,83.6476288435073,5.06310534962986e-18,4.95509243550443e-15,"ENSMUSG00000029377","Ereg"
1156.37966559964,-2.93742110950453,0.570164040627538,82.2842421643767,9.93086793901512e-18,8.74710848068452e-15,"ENSMUSG00000089774","Slc5a3"
28463.3026142795,-2.65767143819121,0.346785171301732,75.1132528979261,3.42636253361542e-16,2.74358192691679e-13,"ENSMUSG00000015656","Hspa8"
245.633601161468,-4.78847919804409,1.02810305239069,72.2924396896923,1.37806655415088e-15,1.01150085074675e-12,"ENSMUSG00000092618","Btnl6"
2041.02592598892,4.30570576173575,0.649852591338993,70.965744055537,2.65121101940903e-15,1.79629743530421e-12,"ENSMUSG00000058126","Tpm3-rs7"
17895.5052172099,-8.98148298764817,1.1392650354148,68.2917020561555,9.90819666294221e-15,6.23367115765679e-12,"ENSMUSG00000090877","Hspa1b"
9983.67688421634,-3.01879868229878,0.506243380332499,66.4170425385365,2.49574110873672e-14,1.4654991790502e-11,"ENSMUSG00000061232","H2-K1"
1503.62227589602,-3.45118982074878,0.491013428266496,65.6514249545412,3.63920558502016e-14,2.0033826745536e-11,"ENSMUSG00000070436","Serpinh1"
1241.03767478075,-6.2397868755324,1.04898368615605,65.00045681706,5.01489730008004e-14,2.59830678935911e-11,"ENSMUSG00000041453","Rpl21"
22363.3451124016,-2.00980442244803,0.355723443363918,63.1583121594946,1.2422872947817e-13,6.07892582913180e-11,"ENSMUSG00000023944","Hsp90ab1"
1527.77026512658,1.05507966172259,0.325415673708957,60.6050490771645,4.36487455082081e-13,2.02346394966472e-10,"ENSMUSG00000022564","Grina"
769.079274956924,-2.63018911735337,0.536727649360306,55.9293956083995,4.34923568603404e-12,1.91540339612939e-09,"ENSMUSG00000047230","Cldn2"
4444.21725398462,-6.95097861504595,1.01217695908297,55.1343616769005,6.42761460344671e-12,2.69592521081708e-09,"ENSMUSG00000091705","H2-Q2"
765.897349810793,-3.29797151445744,0.561634625877038,49.0789267247498,1.25495201803694e-10,5.02437153403152e-08,"ENSMUSG00000024190","Dusp1"
159.652404047764,-3.0780150932859,0.51684710581527,48.3972731429802,1.75277755569249e-10,6.71237596110409e-08,"ENSMUSG00000024042","Sik1"
945.096180948867,2.76541734240245,0.512115310167728,46.2676635233319,4.9748841474782e-10,1.8257824821245e-07,"ENSMUSG00000073643","Wdfy1"
1447.92843026004,1.40267865173548,0.284700262968611,45.9826672034671,5.71981707400173e-10,2.01520595151229e-07,"ENSMUSG00000039678","Tbc1d13"
208.125780139969,-5.91496773212107,1.05781208540563,43.8277297346756,1.64185298192319e-09,5.56209271722288e-07,"ENSMUSG00000032285","Dnaja4"
214.938548488128,2.60671840619165,0.654797906779933,43.1634199393106,2.27202786394037e-09,7.41185978725435e-07,"ENSMUSG00000022615","Tymp"
625.591876333053,-2.3003328379128,0.464078149774812,43.0270345855174,2.42868958209149e-09,7.63996351395064e-07,"ENSMUSG00000041264","Uspl1"
489.665412087943,-3.27195978574708,0.639937851660132,42.4132729798523,3.27842728908299e-09,9.9573750214631e-07,"ENSMUSG00000019916","P4ha1"
367.196897743324,-4.03977559902619,0.733662865377755,42.0889445723083,3.84148821446393e-09,1.12786093976661e-06,"ENSMUSG00000028214","Gem"
779.635171881791,0.258386063076082,0.709701781137447,42.0020696605167,4.00807128935536e-09,1.13880941666587e-06,"ENSMUSG00000002944","Cd36"
5357.95760830237,0.200229744875023,0.794025415929006,40.6684039363097,7.68859908661854e-09,2.11628689859175e-06,"ENSMUSG00000078664","Sprr2a1"
65.3661338932098,-4.7302022194129,0.88986964207027,39.0417448008202,1.70067924304177e-08,4.53926750688239e-06,"ENSMUSG00000027398","Il1b"
49150.5162522555,-0.949137619180476,1.04551112700985,38.3131281953497,2.42630519964167e-08,6.28555770542466e-06,"ENSMUSG00000064354","mt-Co2"
2890.19930988843,-3.18686020942834,0.662847651240134,38.1682699994341,2.6038645895346e-08,6.55281122989164e-06,"ENSMUSG00000040152","Thbs1"
2179.32127481842,3.70343260324662,0.579049667339962,37.9212979865611,2.93701986887871e-08,6.99169486623883e-06,"ENSMUSG00000025498","Irf7"
1512.41960692705,0.0136301444471307,0.56249092365167,37.9578204096964,2.88519348599655e-08,6.99169486623883e-06,"ENSMUSG00000047501","Cldn4"
182.787138868505,-3.44002640225716,0.539549047648266,36.4906848108795,5.89693615563951e-08,1.36684772786507e-05,"ENSMUSG00000056749","Nfil3"
174.917877813758,-3.0073508735065,0.587457920661966,36.1317775186082,7.02304206165392e-08,1.54647386197619e-05,"ENSMUSG00000049225","Pdp1"
287.704125846982,-2.63220818436878,0.568089871447737,36.1820665584541,6.85317308387601e-08,1.54647386197619e-05,"ENSMUSG00000055116","Arntl"
439.629742926163,-1.83692092613476,0.406526688216589,35.9669315216796,7.60990320812188e-08,1.63482993797896e-05,"ENSMUSG00000028035","Dnajb4"
19.1493416429619,6.10388221027769,1.8041545010667,33.3841637611024,2.67239406130465e-07,5.60439211713604e-05,"ENSMUSG00000030173","Klra5"
1483.80493332041,2.77449825964411,0.761420370863098,33.2079725704858,2.91121547342258e-07,5.9632525325363e-05,"ENSMUSG00000113061","Gm11361"
2603.5494222582,0.535165237519502,0.392250410390516,33.1404579604006,3.008275007475e-07,6.02201960587269e-05,"ENSMUSG00000019278","Dpep1"
911.094090464153,-1.29310253854482,0.331404356717659,32.8578300782551,3.45090659721098e-07,6.75457451294096e-05,"ENSMUSG00000020290","Xpo1"
7382.99858573374,-0.757737404302114,0.591234999856842,32.7252534392367,3.68038391119193e-07,7.04713510647358e-05,"ENSMUSG00000024029","Tff3"
46.9973747626618,-2.40800163898784,1.05945710465572,32.6245211595417,3.86487152028765e-07,7.24293369163694e-05,"ENSMUSG00000028546","Elavl4"
401.101558498058,-3.79994545236276,0.847997153901039,32.0987976371029,4.98846457834359e-07,9.15383250126048e-05,"ENSMUSG00000034681","Rnps1"
49.11141143737,-2.23173171808499,1.04487696980292,31.4369194231353,6.87746822014457e-07,0.000123626000169456,"ENSMUSG00000024972","Lgals12"
2026.32349822977,-0.949761143478038,0.681689720665161,31.2295639363547,7.60505225788637e-07,0.000133970600574926,"ENSMUSG00000020407","Upp1"
1600.08001563709,2.06181937338976,1.13059704347609,30.9148847569204,8.8585831749098e-07,0.000152992942361972,"ENSMUSG00000027219","Slc28a2"
24166.9966940784,0.589760972562776,0.422313453038807,30.3971087326876,1.13854154677244e-06,0.000192851421999455,"ENSMUSG00000001175","Calm1"
1028.51590290823,2.50619447863889,0.606821196692291,30.2448084242915,1.22573175348082e-06,0.000199930468234427,"ENSMUSG00000021775","Nr1d2"
264.390217501437,3.36701015785638,0.797404717975602,30.2596435441648,1.21695379914403e-06,0.000199930468234427,"ENSMUSG00000078249","Hmga1b"
647.643447196507,1.99548588728079,0.35585703152414,30.1157641360377,1.30480232715855e-06,0.000208958161774773,"ENSMUSG00000004565","Pnpla6"
693.522102764099,2.09847604897983,0.596038245304402,29.4522767368463,1.79919320825548e-06,0.000282987388898469,"ENSMUSG00000094840","Muc3a"
21.1511097275245,0.635276591450578,1.31003723299107,29.2485756614768,1.98562553315014e-06,0.000306831398175201,"ENSMUSG00000050092","Sprr2b"
5458.69845862344,0.523142233842704,0.411042235419395,29.1574807458164,2.07511997648216e-06,0.000315132012980257,"ENSMUSG00000021794","Glud1"
976.309276743707,1.61816643320445,0.60792934999916,29.084380597547,2.14983770915176e-06,0.000320945263427266,"ENSMUSG00000020151","Ptprr"
498.50613244422,2.87419874873046,0.632604075104942,28.9539740482716,2.28985744808469e-06,0.000332839478401127,"ENSMUSG00000040483","Xaf1"
549.089971988789,3.77195403074686,1.02744607520482,28.9402725635224,2.30508721417674e-06,0.000332839478401127,"ENSMUSG00000023073","Slc10a2"
208.352865141842,7.49161998277829,1.19773083254764,27.8414563804409,3.92125003851523e-06,0.000557070489342615,"ENSMUSG00000092586","Ly6g6c"
74.3964871945273,-2.51915632917956,0.628940985362684,27.7843520312236,4.03095358894283e-06,0.000563565701768388,"ENSMUSG00000050919","Zfp366"
47.2690795320381,-0.466524184946424,0.971979099214802,27.6825438614752,4.23418759219711e-06,0.000582730067376127,"ENSMUSG00000049130","C5ar1"
620.062345699729,1.57094079114028,0.37510829078468,27.4629011170401,4.70813292146048e-06,0.000633554885807982,"ENSMUSG00000062202","Btbd9"
107.064055449804,-2.49406448774026,0.72515451443619,27.4457282963148,4.74734587458297e-06,0.000633554885807982,"ENSMUSG00000026235","Epha4"
19.2944810736381,5.1343092203517,1.32556954235935,27.2423982919022,5.23715655235665e-06,0.000688490670345632,"ENSMUSG00000114456","Hist1h2bh"
1226.22784111359,-0.37225591358445,0.288761645500943,26.9483478697363,6.03598887367621e-06,0.000781838088225589,"ENSMUSG00000031960","Aars"
424.575676245738,-2.07827244538447,0.505020478515794,26.8154242612998,6.4359230671562e-06,0.000809823005364454,"ENSMUSG00000051379","Flrt3"
905.773249696267,0.807310442355856,0.585733577929799,26.8289912788928,6.39392067058289e-06,0.000809823005364454,"ENSMUSG00000079659","Tmem243"
125.243501004721,-1.72171320125187,0.504538746629587,26.5596559242126,7.28131623216385e-06,0.000903293427787313,"ENSMUSG00000025316","Banp"
16.7932700877055,-1.69647143571843,1.16058624164263,26.2004782164516,8.65864306218317e-06,0.00105924066794041,"ENSMUSG00000053070","Cfap300"
161.784919409523,-4.20759680035278,1.09273805626741,26.1387318571018,8.92032779141008e-06,0.00107630475598274,"ENSMUSG00000028619","Tceanc2"
2482.83337825457,2.11973841213092,0.47768814166166,25.7693157555483,1.06591384788797e-05,0.00126872556381044,"ENSMUSG00000028943","Espn"
1863.79281725992,1.12448092571017,0.37196895688651,25.5202960586081,1.20180864244821e-05,0.00141140406969118,"ENSMUSG00000022797","Tfrc"
1936.27665576618,4.99193051253183,1.09289514233674,25.3892695026107,1.28011367619737e-05,0.00148358437630874,"ENSMUSG00000033717","Adra2a"
11836.3079487082,-0.746331956722928,0.942950004290317,25.3131305860038,1.32793229095102e-05,0.00151399700948481,"ENSMUSG00000064357","mt-Atp6"
257.978090913304,-1.62579475543783,0.575510628450491,25.2932123770117,1.3407330465465e-05,0.00151399700948481,"ENSMUSG00000033022","Cdo1"
283.253722134953,2.39487112651075,1.11855739597376,25.2489588609052,1.36961532325994e-05,0.0015270344009207,"ENSMUSG00000031551","Ido1"
109.680499127399,-1.27148604779101,0.59477343217968,24.9791386271324,1.55963523496391e-05,0.00171715839369526,"ENSMUSG00000063317","Usp31"
96.2981836387803,-3.21075876632997,0.739279793831838,24.869091901619,1.64448380023612e-05,0.00178822386573825,"ENSMUSG00000003545","Fosb"
229.336084824334,0.0541412893505557,0.526660033470473,24.6765839799941,1.80412573242685e-05,0.00191454692183322,"ENSMUSG00000043154","Ppp2r3a"
550.533736595107,-1.45902429863888,0.405482837134856,24.6884445743184,1.79385806189266e-05,0.00191454692183322,"ENSMUSG00000019947","Arid5b"
30.9095650637811,-5.94517884051845,2.06430206893849,24.5441528405153,1.92282783156232e-05,0.00201622232623821,"ENSMUSG00000031202","Rab39b"
854.80961906024,-0.775445638689832,0.384313352821877,24.4688467425165,1.99376691246483e-05,0.00206601164294002,"ENSMUSG00000020914","Top2a"
246.296685167086,-4.20907930782933,1.15766209358471,24.4347398710751,2.02674858523264e-05,0.00207576762078246,"ENSMUSG00000023034","Nr4a1"
219.33833625957,-0.616310614657892,0.53955127287398,24.3190927902377,2.14268221577761e-05,0.00216928102949071,"ENSMUSG00000027333","Smox"
341.814251359568,-1.04976217500126,0.442702456509866,24.2586057961798,2.20592836507865e-05,0.00220793375450145,"ENSMUSG00000037580","Gch1"
436414.880280584,-1.15197878657161,1.03495374483777,24.1493643049187,2.32490508255892e-05,0.00230087235586281,"ENSMUSG00000064363","mt-Nd4"
111.107463421953,-1.11894397970166,0.579021014430204,23.9799237458076,2.52222229174213e-05,0.00246841488285163,"ENSMUSG00000054027","Nt5dc3"
1119.5785611472,1.67733914779881,0.353059440326224,23.8976914983958,2.62391397539653e-05,0.00253971805442776,"ENSMUSG00000047409","Ctdspl"
124.793667002095,-4.38621496373853,1.20903032177018,23.792971841312,2.75935097999745e-05,0.00264177863389321,"ENSMUSG00000090698","Apold1"
25.923381318031,1.35441754740589,1.17510562247802,23.6956966959121,2.89139368220815e-05,0.00272983094393243,"ENSMUSG00000056900","Usp13"
52.0607661307329,-2.79659676206458,1.07191553818885,23.6799825897043,2.9133073198189e-05,0.00272983094393243,"ENSMUSG00000019796","Lrp11"
10672.2524142426,0.934952553089166,0.356685257891693,23.5787826303964,3.05845285387732e-05,0.00283566870915278,"ENSMUSG00000025497","Cdhr5"
264.377158315943,2.72303221621768,1.04275970450847,23.4803282064854,3.20657301166752e-05,0.00294203073820495,"ENSMUSG00000015437","Gzmb"
110.548742930927,-2.53708811028695,0.59108599294156,23.2532968771724,3.57594970726027e-05,0.00321397602260699,"ENSMUSG00000067931","Zfp948"
42.0155874222158,-1.91102498257987,1.10347455493127,23.272486800158,3.54315196953262e-05,0.00321397602260699,"ENSMUSG00000026322","Htr4"
5023.28058997126,-0.268009979826112,1.15826435520452,23.0174704651841,4.00458258285649e-05,0.00345807484213725,"ENSMUSG00000017697","Ada"
208.458377269731,-3.19824228331959,0.656838919020465,23.0204372580991,3.99888438131495e-05,0.00345807484213725,"ENSMUSG00000032060","Cryab"
442.574735675859,-0.677200749257203,0.362031752838047,23.0524193905406,3.93796823508702e-05,0.00345807484213725,"ENSMUSG00000032555","Topbp1"
310.905920691141,3.22889792169491,0.85170844856206,23.0652300866316,3.91382797840488e-05,0.00345807484213725,"ENSMUSG00000068246","Apol9b"
1590.96428082081,1.71114588501513,0.4744571871647,22.9857552721687,4.06600458145243e-05,0.00347702605373136,"ENSMUSG00000045725","Prr15"
8449.00214125746,0.210297243711313,0.693671370119759,22.7975646434119,4.45027044460766e-05,0.00376903673808695,"ENSMUSG00000019558","Slc6a8"
2292.21114914988,1.49340189918209,0.624856583077508,22.7444823888766,4.5650586786582e-05,0.00382943208015442,"ENSMUSG00000055730","Ces2a"
604.105275361338,0.583831209305619,0.453978650258221,22.6360172790246,4.8088639233007e-05,0.00399589372041817,"ENSMUSG00000028466","Creb3"
43.5290820331638,3.33975661951766,0.95083646084481,22.5935326524006,4.9078580538428e-05,0.00404003866712592,"ENSMUSG00000002384","Bmp8b"
1086.63068109195,2.3932204368804,0.561357161912699,22.3921269499222,5.4054974566385e-05,0.00440848348130295,"ENSMUSG00000025277","Abhd6"
187.323298530831,-4.17358055976766,1.09129865488211,22.2635266557315,5.74922729284058e-05,0.00460356309048544,"ENSMUSG00000032487","Ptgs2"
40.7865399270654,1.11142881038989,1.21822527256616,22.2753973177015,5.71660697281007e-05,0.00460356309048544,"ENSMUSG00000016624","Phf21b"
398.933608027067,0.847437237483693,0.943869806343509,22.172306360753,6.0061651586516e-05,0.00471933527945765,"ENSMUSG00000068240","Gm11808"
475.171633766217,2.16448310112595,0.564192802801565,22.1555636990597,6.05455139167478e-05,0.00471933527945765,"ENSMUSG00000035692","Isg15"
78.1139283546673,-2.56940110148256,0.986519202626538,22.1709534536122,6.01006070710871e-05,0.00471933527945765,"ENSMUSG00000024121","Atp6v0c"
523.005250434239,0.603695644312965,0.653386511454533,22.0957988582595,6.23046044033964e-05,0.00481385048758873,"ENSMUSG00000064120","Mocs1"
1345.91040639622,1.99132235054863,0.567532140793572,21.9861299917278,6.5666029703506e-05,0.00502944686633461,"ENSMUSG00000028962","Slc4a2"
1501.38273710777,1.003615115043,0.686962753987015,21.7607502012322,7.31517690181885e-05,0.00555448949579486,"ENSMUSG00000094651","Gal3st2"
14829.1813515227,-0.151507039964751,0.644408020067778,21.727765202278,7.43164251729999e-05,0.0055946929309725,"ENSMUSG00000049350","Zg16"
402.737965152146,1.71062942740484,0.747069973651607,21.6960476390661,7.54537444656602e-05,0.00563217441740284,"ENSMUSG00000042675","Ypel3"
7707.16194052044,-0.587856993301009,0.406601067372065,21.5939215138803,7.9234856983411e-05,0.00581583850258237,"ENSMUSG00000019505","Ubb"
693.343239009595,0.384827992886149,0.429389015024999,21.6083996730872,7.86875507545415e-05,0.00581583850258237,"ENSMUSG00000032046","Abhd12"
1930.8604560952,1.08187619566497,0.677781493225733,21.4373838557966,8.53999814349505e-05,0.00621655402048797,"ENSMUSG00000041237","Pklr"
1233.66858608363,0.803928891997581,0.459601093642843,21.399811253614,8.69494874535722e-05,0.00627746791386118,"ENSMUSG00000006800","Sulf2"
164.088482003127,-3.24181090294686,0.779589265865572,21.3649728801684,8.84112391385658e-05,0.00628004995429426,"ENSMUSG00000028525","Pde4b"
427.188309278437,-0.79652633805932,0.379721952928551,21.3769626456712,8.79054299069293e-05,0.00628004995429426,"ENSMUSG00000073678","Pgap1"
129.533194521817,1.40083611212545,0.728254274572806,21.2939951921906,9.14654856276058e-05,0.00644502397926361,"ENSMUSG00000030905","Crym"
16.5933766240171,-3.26358516236131,1.32246153785832,21.271628234957,9.24495639766261e-05,0.0064626647579851,"ENSMUSG00000032269","Htr3a"
479.876368987055,2.50362506466788,0.601139862635163,21.2172546162988,9.48860347496512e-05,0.00653219105679943,"ENSMUSG00000029166","Mapre3"
28.4691023136677,-4.25406034439146,1.31376135514527,21.2163437492221,9.49273904711997e-05,0.00653219105679943,"ENSMUSG00000067780","Pi15"
9.25803707408183,-7.54468552046621,1.96399193068628,21.1475292868297,9.81042125857432e-05,0.00669846437562191,"ENSMUSG00000095562","Gm21887"
447.521740053738,-1.33710416551163,0.433095425910658,21.0001749951016,0.000105267372592178,0.00710578181391134,"ENSMUSG00000030064","Frmd4b"
775.581643265265,-4.76255340691943,1.08097399763597,20.9919308762857,0.000105683176387646,0.00710578181391134,"ENSMUSG00000079445","B3gnt7"
6899.65238802185,0.997959665954071,0.438754321474036,20.9643239505978,0.000107087515833126,0.00714565787468312,"ENSMUSG00000004207","Psap"
164.99342099503,-0.950230568304369,0.606475806139092,20.934047396696,0.000108649030087581,0.00719534328580011,"ENSMUSG00000056025","Clca3a1"
14725.7128052102,0.869618352034478,0.471970318728207,20.8460962984061,0.000113314886804057,0.00729202938243259,"ENSMUSG00000026175","Vil1"
341.396833391534,-1.80859317804114,0.72603247355321,20.8709296010135,0.00011197761343271,0.00729202938243259,"ENSMUSG00000068220","Lgals1"
560.215921048994,-0.312673084221573,0.411794707269614,20.8289329177174,0.000114248416754734,0.00729202938243259,"ENSMUSG00000031024","St5"
422.574916108704,1.30641503472257,0.369309019886095,20.831078611129,0.000114131293221105,0.00729202938243259,"ENSMUSG00000047098","Rnf31"
214.006573649645,0.91100030729421,0.596960439408679,20.8757059127106,0.000111722216779776,0.00729202938243259,"ENSMUSG00000074170","Plekhf1"
1087.42390350822,0.440183068345789,0.471522499955893,20.7938095137946,0.000116182745134553,0.00736214114492905,"ENSMUSG00000022105","Rb1"
22980.9547763224,-0.0768152442189739,0.852389893849382,20.7656559682405,0.00011775674518006,0.00740338598800127,"ENSMUSG00000064373","Selenop"
13.6244119793939,-3.02009042788083,1.14566665242773,20.7522322181922,0.000118514693949612,0.00740338598800127,"ENSMUSG00000046245","Pilra"
1845.46824810857,0.383590470021232,0.573137158473486,20.6186321324681,0.000126328044794288,0.00778110082900759,"ENSMUSG00000021208","Ifi27l2b"
466.843628698112,1.10896327156058,0.739413548531611,20.6331220065568,0.000125456420257108,0.00778110082900759,"ENSMUSG00000022219","Cideb"
220.099191063441,0.758972647669911,0.795011781121079,20.5960878429668,0.000127696178377532,0.00778191757533145,"ENSMUSG00000042834","Nrep"
754.759813979637,0.60908514203752,0.428602283441408,20.5893437004032,0.000128108316124326,0.00778191757533145,"ENSMUSG00000024158","Hagh"
714.393190339013,1.29674118783749,0.598715723861079,20.5516446930681,0.000130436632928915,0.00786908125231425,"ENSMUSG00000078853","Igtp"
1932.37022826605,0.785166567573963,0.506684083895623,20.5024974653805,0.000133535376015666,0.00800122171391829,"ENSMUSG00000033213","AA467197"
82.5897032610928,-1.03958699551766,0.670417244855771,20.4836687410923,0.000134741854555937,0.00801896118195065,"ENSMUSG00000028862","Map3k6"
22.4282335238953,1.9194085224716,0.984738154063652,20.4420147165018,0.000137449597590651,0.00812520842670106,"ENSMUSG00000000392","Fap"
1577.43810281936,0.453431941066934,0.33831718833812,20.4222311598541,0.00013875454693477,0.00814766699600967,"ENSMUSG00000046447","Camk2n1"
33.12242873644,-1.13034972438985,1.36590204991351,20.3355647638998,0.000144618091713612,0.00843573610472513,"ENSMUSG00000032554","Trf"
525.782563668632,-1.96167072849949,0.649710022461325,20.2999126224087,0.000147101211343477,0.0085241280889036,"ENSMUSG00000026479","Lamc2"
1258.08845870342,-0.38181625281791,0.384208705273651,20.2670020012108,0.000149431044113121,0.00856329902588561,"ENSMUSG00000031004","Mki67"
18.2198676795546,-4.12845124062915,1.46794653690902,20.2629332432392,0.000149721622387192,0.00856329902588561,"ENSMUSG00000035373","Ccl7"
5796.39147171456,1.08304462206193,0.401604756999861,20.2282011360947,0.000152225090246796,0.00865031351544376,"ENSMUSG00000034781","Gna11"
860.529878738834,1.52568695388341,0.377847985564354,20.1155850079619,0.000160632546263426,0.0090695606890273,"ENSMUSG00000048878","Hexim1"
181.852219080684,-1.84162512755917,0.647180615982719,20.0817644847918,0.000163246554653448,0.00915844365215011,"ENSMUSG00000061024","Rrs1"
4161.43676249429,0.0970119686039106,0.703247730863796,20.0088159089789,0.00016902984782919,0.00930509312299693,"ENSMUSG00000039682","Lap3"
153.168311254547,-0.850093699711746,0.626192228390802,20.015237161214,0.000168512694707891,0.00930509312299693,"ENSMUSG00000022881","Rfc4"
238.247029284209,2.16117003270874,0.606215482552241,20.0236172192972,0.000167840152069225,0.00930509312299693,"ENSMUSG00000094091","Gm21885"
499.846603449493,0.581062002379582,0.414787174205996,19.9911978022888,0.000170456898277301,0.00932536869581654,"ENSMUSG00000021182","Ccdc88c"
419.98016033908,2.28809692168885,0.817207656590873,19.9759145409484,0.000171704538462102,0.00933563935045796,"ENSMUSG00000029798","Herc6"
518.530068126851,1.63094644250568,0.696267577064931,19.9458695207235,0.000174183807016888,0.00941233725278989,"ENSMUSG00000021759","Plpp1"
109.83678401135,-0.152275940718838,0.857268637615164,19.9114038411594,0.000177071772886647,0.00951004985113161,"ENSMUSG00000034164","Emid1"
15.2729273493486,-8.14903989522261,2.12478230884629,19.8718786671841,0.000180442398275225,0.00963234329701927,"ENSMUSG00000096768","Gm47283"
1438.76100135388,1.51444210536864,0.689505356160215,19.8052015129099,0.000186273837655769,0.00988373471127717,"ENSMUSG00000028518","Prkaa2"
36.3046469296474,-0.118817846497199,1.41650167324203,19.7328192281522,0.000192816733435451,0.0101696394496973,"ENSMUSG00000064356","mt-Atp8"
248.422768713416,-1.77343849563665,0.482666702301848,19.6661207345723,0.000199048136411144,0.0104358094375557,"ENSMUSG00000062980","Cped1"
837.979946454722,0.649343338691474,0.518992185024793,19.6382182640997,0.000201714054139232,0.010513002300937,"ENSMUSG00000004655","Aqp1"
2386.6487530087,1.89426092593053,0.649643572629444,19.6140666442542,0.00020405027276428,0.010572204720634,"ENSMUSG00000001095","Slc13a2"
1747.21324214761,1.76759851927499,0.440040754292111,19.5549524661686,0.000209882709130613,0.0108108005966224,"ENSMUSG00000062312","Erbb2"
219.884564368643,-2.1145684165228,0.612078670723273,19.5374316670687,0.000211643041282522,0.0108380924861421,"ENSMUSG00000033453","Adamts15"
945.56164056416,0.121518610256895,0.895175148985535,19.516010481483,0.000213815224643569,0.0108860375645119,"ENSMUSG00000006342","Susd2"
2597.78046975358,2.15835637163237,0.518549927033917,19.4457963188732,0.00022109193121509,0.01100533341611,"ENSMUSG00000005125","Ndrg1"
688.231187559211,0.761355190623023,0.341630083569544,19.4451862587608,0.000221156223280139,0.01100533341611,"ENSMUSG00000031834","Pik3r2"
346.716719375928,-1.31694128845928,0.597245997985703,19.4508562078396,0.000220559403907662,0.01100533341611,"ENSMUSG00000024050","Wiz"
26.0520971447531,6.68610898438199,1.83001734034071,19.4809487992883,0.000217418580127832,0.01100533341611,"ENSMUSG00000022657","Cd96"
154.900664818073,7.1792966915825,1.56166942779591,19.3198156998798,0.00023477121877414,0.011617218511026,"ENSMUSG00000040026","Saa3"
303.332390399759,-1.15071911111256,0.59213219777437,19.2799123932054,0.000239277209418157,0.0117231648462402,"ENSMUSG00000020467","Efemp1"
39.8750152469754,0.459531566158039,0.989155501659511,19.2773085699272,0.000239574213479022,0.0117231648462402,"ENSMUSG00000057137","Tmem140"
651.832432949435,-0.717227812662137,0.599317461241388,19.2520903451871,0.000242469769229959,0.0117993023612016,"ENSMUSG00000043003","Rasef"
143.348521928285,-3.23320880237068,0.833158496294557,19.2367774001107,0.000244244966367908,0.011820382767959,"ENSMUSG00000026826","Nr4a2"
8920.85307062743,-0.185660000926874,0.58593071075151,19.1213340339031,0.000258050953472948,0.0122563677645974,"ENSMUSG00000029994","Anxa4"
38.9356992482907,-0.0563723795476176,0.876872038135413,19.1481651708088,0.000254774489795082,0.0122563677645974,"ENSMUSG00000020319","Wdpcp"
92.8045955885223,-4.73388163453566,1.52248914717601,19.136233047228,0.000256226429480733,0.0122563677645974,"ENSMUSG00000004552","Ctse"
39.3658146141594,2.27260842616062,1.50877628649716,19.1150873829587,0.000258819755246948,0.0122563677645974,"ENSMUSG00000042607","Asb4"
14.8564576815112,-0.359055674495564,1.22059000395724,19.0447979469317,0.000267629264100529,0.0126057676908955,"ENSMUSG00000025911","Adhfe1"
306.992240024138,-0.0973150112617549,0.773722228858109,19.0330173837179,0.000269134662408429,0.0126092452473056,"ENSMUSG00000036887","C1qa"
10497.9649126942,-0.355253438119219,0.599493206151946,19.0046949142892,0.000272788459937512,0.0127003670354541,"ENSMUSG00000024610","Cd74"
342.507716779987,-1.00613019384628,0.348749296555676,18.9956674046692,0.000273963412435998,0.0127003670354541,"ENSMUSG00000063334","Krr1"
93.708646342435,3.34432807478597,1.15500638605653,18.8350724442929,0.000295727126640446,0.0136375106358589,"ENSMUSG00000068877","Selenbp2"
34.4309697612884,-0.722173113760658,1.41702032498218,18.7886814884917,0.000302328297048059,0.0138693106270797,"ENSMUSG00000021943","Gdf10"
138.201538183598,-1.42556121840661,0.472979377772461,18.7348438292031,0.000310173058376871,0.0141554626848885,"ENSMUSG00000025758","Plk4"
1365.1325963311,0.39035208964252,0.504484768113957,18.7028662020271,0.000314928078278989,0.01429838409011,"ENSMUSG00000026209","Dnpep"
2491.68789908188,-1.76271507458391,0.488962210673558,18.5791099180775,0.000334023722550912,0.0149893715567624,"ENSMUSG00000052684","Jun"
264.449809094275,-2.29822987844363,0.552970231459418,18.571387612889,0.00033525274712559,0.0149893715567624,"ENSMUSG00000032531","Amotl2"
98.0547144566075,3.62402614207272,0.896698523414658,18.5863090107783,0.000332882005547215,0.0149893715567624,"ENSMUSG00000030257","Srgap3"
572.495956304751,1.80218468894831,0.635645792669384,18.5579541070644,0.000337401451808582,0.0150092524622727,"ENSMUSG00000058672","Tubb2a"
1071.21614973207,3.66380508962605,0.890198209921928,18.5465166861754,0.000339241673257785,0.0150152796887164,"ENSMUSG00000037921","Ddx60"
282.387485235486,-1.65542788450999,0.694416529781968,18.5042789058153,0.000346124440474868,0.0151674829437942,"ENSMUSG00000026837","Col5a1"
897.06852038954,1.63828091172788,0.45255198147351,18.5145577427382,0.000344436793010085,0.0151674829437942,"ENSMUSG00000033819","Ppp1r16a"
1111.09837292509,0.351838216488457,0.395327260256298,18.4336558164826,0.00035794431407197,0.0156077896947817,"ENSMUSG00000017929","B4galt5"
3419.7521075466,4.73591109741053,1.17593579009555,18.4089172072001,0.000362178951629404,0.0157146414086295,"ENSMUSG00000071711","Mpst"
408.486729785508,-1.15727246373704,0.927220127776495,18.336107720596,0.0003749334452027,0.0161738194842829,"ENSMUSG00000020142","Slc1a4"
223.133726247237,1.47664778757271,0.717620603659681,18.3277027412266,0.000376434263655539,0.0161738194842829,"ENSMUSG00000005107","Slc2a9"
175.988799972862,2.16423115812031,1.01352533459072,18.2720567523713,0.000386522426561801,0.0165266482192055,"ENSMUSG00000019359","Gdpd2"
77.6656768771014,0.518212549602692,0.918461666324154,18.1713746394151,0.000405463405338083,0.0172527617111973,"ENSMUSG00000039013","Siglecf"
55195.8323335914,-3.71785905163859,1.06688088450881,18.0931917496174,0.000420805945951722,0.0177108459150649,"ENSMUSG00000021270","Hsp90aa1"
489.659315858398,0.781787002144748,0.514082294611974,18.0859232345523,0.000422261312688877,0.0177108459150649,"ENSMUSG00000021286","Zfyve21"
210.809675788108,4.65922847070363,1.20914950202055,18.0950124113616,0.000420442178766315,0.0177108459150649,"ENSMUSG00000029154","Cwh43"
86.0335606666538,-1.3611613542474,0.707176490165274,18.0568333318088,0.000428136225585588,0.017872151066151,"ENSMUSG00000058392","Rrp1b"
60.4114541259329,2.8781781098309,0.823602158000705,18.0261475713029,0.000434421540811674,0.0180489855257982,"ENSMUSG00000095440","Fignl2"
474.486172478972,1.81135496991698,0.576283504588728,17.9493027372865,0.0004505670459468,0.0186318992521099,"ENSMUSG00000066861","Oas1g"
14.9772320038617,-5.37843917730804,1.75562667370565,17.9276581297226,0.000455221437878089,0.0186492577899079,"ENSMUSG00000038011","Dnah10"
30.0965504506933,0.262919689207277,1.18668455214733,17.9331502780592,0.000454035915699541,0.0186492577899079,"ENSMUSG00000027075","Slc43a1"
914.397606291036,-1.51010032123021,0.726797288589606,17.9106933266742,0.000458902892784913,0.0187130401835626,"ENSMUSG00000015568","Lpl"
1721.65285365305,0.566332336806665,0.390459915929074,17.8408092608311,0.00047438285374248,0.0189066252297003,"ENSMUSG00000008730","Hipk1"
2015.90645374233,-1.24780732062781,0.350098962643102,17.8699626526195,0.000467862977058934,0.0189066252297003,"ENSMUSG00000024360","Etf1"
1607.43556814383,-1.36007412527275,0.478602405206138,17.85156277768,0.000471967483559473,0.0189066252297003,"ENSMUSG00000020423","Btg2"
54.4171852062785,-0.984207477267006,1.00566354014588,17.8422224793144,0.000474064727634393,0.0189066252297003,"ENSMUSG00000054770","Kctd18"
134.765292021715,2.69487619827741,0.819891770785213,17.8693291198864,0.000468003709039083,0.0189066252297003,"ENSMUSG00000045348","Nyap1"
435.077836759351,-1.27449250976298,0.884654058117505,17.8295048338089,0.000476935216834626,0.0189227269814387,"ENSMUSG00000074743","Thbd"
8438.66244965368,0.810029505994405,0.736866280741023,17.7729599630933,0.000489908580998328,0.0193502904997008,"ENSMUSG00000024292","Cyp4f14"
553275.709061612,-0.975366756826159,0.97262439940169,17.7593273518348,0.000493088509587016,0.0193880712858993,"ENSMUSG00000064341","mt-Nd1"
1900.11238838591,2.30368914452744,0.599318050848754,17.7500362685606,0.000495267488570317,0.0193880712858993,"ENSMUSG00000028522","Mier1"
249.497624148416,-0.742567282349027,0.485856105997233,17.7239969648412,0.000501425467664887,0.0195422810583731,"ENSMUSG00000037933","Bicd2"
90.5379124871877,2.13236401216725,1.05689056565713,17.6772877311825,0.000512662985543284,0.0198922272099791,"ENSMUSG00000036832","Lpar3"
355.668359777284,1.80130663509296,0.527492884690765,17.637844193414,0.000522347231992571,0.0201790983306604,"ENSMUSG00000033355","Rtp4"
1562.40415578284,0.863957778340031,0.428709062565955,17.574769830768,0.000538212666695555,0.0206112050793672,"ENSMUSG00000027639","Samhd1"
727.131033533515,1.21618441117782,0.536075279008335,17.5804173780834,0.000536772794891704,0.0206112050793672,"ENSMUSG00000022090","Pdlim2"
59.7002906958294,1.52583758991484,0.845593148421644,17.5127633337156,0.000554276290625169,0.021065228295478,"ENSMUSG00000029101","Rgs12"
615.21081344481,-2.91534678348911,0.721167136124037,17.5105758517826,0.000554851608146105,0.021065228295478,"ENSMUSG00000039911","Spsb1"
1210.53768283457,3.11575842151399,0.964536588384919,17.4881422101034,0.000560786125341316,0.0211991596223447,"ENSMUSG00000046027","Stard5"
12.670026538017,6.732280040782,1.9862685670781,17.4698636458499,0.000565668089045818,0.0212923270440836,"ENSMUSG00000025723","Nmb"
869.854749399805,1.83108194461778,0.436817277203579,17.4328626367029,0.000575680263749859,0.0215769862259947,"ENSMUSG00000028959","Fastk"
594.77189731513,2.12613260182458,0.512762081866772,17.3523488230022,0.000598079453025637,0.0223215416197026,"ENSMUSG00000004567","Mcoln1"
66.1181841998912,0.740636719192648,0.743852165905043,17.3119403189171,0.000609645584561399,0.0226572080540793,"ENSMUSG00000026632","Tatdn3"
550.794392212338,-0.7918145281886,0.49846333549902,17.2740807790318,0.000620683749641737,0.0228744036269641,"ENSMUSG00000009293","Ube2g2"
37.050623110824,-3.84797507121731,1.41119035142144,17.2808917864277,0.000618683411554808,0.0228744036269641,"ENSMUSG00000092074","Dynlt1a"
608.108478889339,-0.545271942078798,0.39722479951178,17.1739309290008,0.000650850050228715,0.0238861968433938,"ENSMUSG00000018481","Appbp2"
13004.0925273013,7.54137288544918,1.56878278235778,17.1331113487484,0.000663559363562594,0.024087363469536,"ENSMUSG00000027875","Hmgcs2"
2728.27855344323,0.940023714088649,0.457369757186994,17.1407340187985,0.000661167434155526,0.024087363469536,"ENSMUSG00000002233","Rhoc"
1280.25163419603,-0.0552525039982254,0.928136533422316,17.1300081814874,0.000664535572558724,0.024087363469536,"ENSMUSG00000028885","Smpdl3b"
875.539004871999,1.6372211327887,0.585041334374004,17.0758526971902,0.000681803701711814,0.0246119959208101,"ENSMUSG00000031391","L1cam"
302.047596727158,-3.80247436132388,1.42285381405677,17.0304091352308,0.000696637500382366,0.0250448289933383,"ENSMUSG00000027559","Car3"
489.856950763884,0.215133661302155,0.526378361385057,16.9950148637175,0.000708412782708943,0.0253646332930909,"ENSMUSG00000034659","Tmem109"
372.302364231595,-2.1746468556494,0.517972723800167,16.9227052321476,0.000733087697156724,0.0261082818721298,"ENSMUSG00000028364","Tnc"
131.770733906587,-2.26258121111712,0.936634011240113,16.9168849003719,0.000735110570423274,0.0261082818721298,"ENSMUSG00000024427","Spry4"
272.634133641588,2.52666399175293,0.969182737934843,16.9062019684134,0.000738837898384078,0.0261352779476585,"ENSMUSG00000010122","Slc47a1"
133.144246171128,1.62595877545119,0.461947047350487,16.8915196781574,0.000743991281606644,0.0261911387643721,"ENSMUSG00000029804","Herc3"
29.1881262665208,-2.26975427159782,1.608747751754,16.8847930551669,0.000746364195033765,0.0261911387643721,"ENSMUSG00000022602","Arc"
26.0128985529967,-0.628320992262918,1.27442939489598,16.8685491835176,0.000752125508253457,0.026288577288478,"ENSMUSG00000028927","Padi2"
324.399984501645,0.422681940674627,0.750858545593931,16.8404715433078,0.000762188368664939,0.0265350005976316,"ENSMUSG00000037499","Nenf"
3406.80804355605,0.157718957066895,0.417620885189575,16.7778598910401,0.000785112342986613,0.0272254705394728,"ENSMUSG00000067212","H2-T23"
21.7696269007249,1.52807801421169,1.60553368144362,16.7660571189221,0.000789509804180216,0.0272705974714484,"ENSMUSG00000049109","Themis"
192.348560936434,3.38220545916087,0.880396997533897,16.7409173287795,0.000798958096119592,0.0274891519946147,"ENSMUSG00000021003","Galc"
279.010222049562,-2.28824526923837,0.733543709458966,16.7216602163068,0.000806271409890323,0.0276328349350738,"ENSMUSG00000022995","Enah"
137.372741343074,-1.30344754001808,0.612045727191896,16.6908283226756,0.000818119234019131,0.0278223714796931,"ENSMUSG00000022096","Hr"
617.479120830833,1.82824817094806,0.972478776699482,16.6939924801445,0.000816895415959857,0.0278223714796931,"ENSMUSG00000035186","Ubd"
31.23951457129,-1.54663932556482,1.449852535944,16.6729402718326,0.000825072226481149,0.0279509083494075,"ENSMUSG00000050822","Slc29a4"
691.503356574349,2.9632851781522,0.698474535394588,16.6592452840221,0.000830435047376404,0.0280247965413462,"ENSMUSG00000020272","Stk10"
166.822828019442,0.161902947995277,1.02882314426918,16.6422774939204,0.000837127520619976,0.0281428213802318,"ENSMUSG00000042684","Npl"
624.781953474316,0.216292561989559,0.33455752952404,16.6174356274942,0.000847022468616145,0.0283672011542624,"ENSMUSG00000002658","Gtf2f1"
5020.24875646932,0.327375484644012,0.642694073624453,16.5988934051073,0.000854483810341141,0.0285086871268363,"ENSMUSG00000024313","Mep1b"
630.053445659922,0.192798321176145,0.405541964010922,16.5636219517827,0.000868857647720937,0.0287702938388196,"ENSMUSG00000009035","Tmem184b"
25.1976345940099,-4.97775181738357,1.79438384521933,16.5679376332404,0.000867086103134464,0.0287702938388196,"ENSMUSG00000024774","Ankrd22"
1100.72485812435,0.370590612729356,0.861378550014248,16.5004804747898,0.000895191515654124,0.0291481450684443,"ENSMUSG00000037071","Scd1"
253.269510619534,-3.19025508190556,0.877216891343204,16.5009769163898,0.000894981407897656,0.0291481450684443,"ENSMUSG00000029484","Anxa3"
3331.31345760574,3.45380559058839,0.898081968741622,16.5197787945789,0.00088705989364206,0.0291481450684443,"ENSMUSG00000034459","Ifit1"
1823.17983881568,-0.244556314728238,0.416073485489103,16.5246763175568,0.000885007952900517,0.0291481450684443,"ENSMUSG00000015889","Lta4h"
15.2349179778779,-2.20332668959952,1.23742807605301,16.4966481992279,0.000896815090094051,0.0291481450684443,"ENSMUSG00000041608","Entpd3"
10169.638262505,0.93423049711074,0.438998750107953,16.401889383715,0.000937904053554916,0.0303013828350529,"ENSMUSG00000052397","Ezr"
397.833912295071,-0.428932619888795,0.556312289169577,16.3990183583386,0.000939177737734949,0.0303013828350529,"ENSMUSG00000073043","Atoh1"
53683.6187484912,1.25450898181431,0.901029451450171,16.328456449725,0.000971027111261321,0.0312146233430282,"ENSMUSG00000023057","Fabp2"
1823.06090118103,1.41810773235354,0.352296061284709,16.3204095475168,0.000974726692022935,0.0312196098303201,"ENSMUSG00000033335","Dnm2"
879.681032186244,3.88634116306972,1.13702885993424,16.3031129981609,0.000982726272127463,0.031361786249633,"ENSMUSG00000032373","Car12"
294.158089793209,-0.638307564632487,0.375442791618044,16.292524143488,0.000987655715704684,0.031405312432949,"ENSMUSG00000003200","Sh3gl1"
596.56437456856,1.26253231635293,0.709089730856824,16.2754949493217,0.00099563489526715,0.0315451516457304,"ENSMUSG00000038174","Fam126b"
1616.26030209649,-1.53579846597971,0.613511863993804,16.2432511625227,0.00101091879263814,0.0315750805870807,"ENSMUSG00000018593","Sparc"
2322.64046928791,1.56719635559564,0.384295430935891,16.2511782259938,0.00100713981549386,0.0315750805870807,"ENSMUSG00000024180","Tmem8"
637.692499780369,-3.48673304696718,0.883015689955738,16.2511451807319,0.00100715553962092,0.0315750805870807,"ENSMUSG00000022747","St3gal6"
19.0964695322559,-6.31842710594083,2.02269309908642,16.2501512950727,0.00100762858021371,0.0315750805870807,"ENSMUSG00000066072","Cyp4a10"
15828.44029144,-2.58326807443487,0.606717355690343,16.1532696415599,0.00105481449426955,0.0323721465697776,"ENSMUSG00000067149","Jchain"
228.521494729371,-1.87450750374915,0.641521544904676,16.1578985072871,0.0010525109022909,0.0323721465697776,"ENSMUSG00000040010","Slc7a5"
199.642711672639,-1.33882190789053,0.463632876926927,16.1566817551782,0.00105311594421407,0.0323721465697776,"ENSMUSG00000034317","Trim59"
180.906667041119,0.672945243505573,0.492694465886073,16.1798294752869,0.00104166450983959,0.0323721465697776,"ENSMUSG00000047777","Phf13"
87.6058426922953,4.30950189057229,1.25423575943769,16.1733265228096,0.00104486904366798,0.0323721465697776,"ENSMUSG00000033576","Apol6"
1466.9663131915,0.00500973766212928,1.0965821832892,16.0243719665038,0.00112101171196953,0.0342842748577347,"ENSMUSG00000074892","B3galt5"
1156.6127419637,1.08803041823596,0.459575202917942,15.9709475271504,0.00114964306279041,0.035038256391204,"ENSMUSG00000027340","Slc23a2"
546.667431143668,0.781840440808935,0.354595884481958,15.9089040979497,0.0011838058469294,0.0359550410336351,"ENSMUSG00000025858","Get4"
137.319791439474,-2.44557177793366,0.651822781186636,15.8996771728377,0.00118897181500177,0.0359878479262392,"ENSMUSG00000023905","Tnfrsf12a"
329.404251114155,0.0353002036189029,0.961100495415272,15.8657132074425,0.00120818112023553,0.0364440387227212,"ENSMUSG00000040891","Foxa3"
583993.381837597,-0.905217580695721,0.933384714550546,15.8318106052449,0.00122766297819183,0.036905308914381,"ENSMUSG00000064370","mt-Cytb"
6245.65883769419,2.45032576329132,0.67677176025193,15.8083974072487,0.00124129893731781,0.0369727872207231,"ENSMUSG00000053279","Aldh1a1"
664.381472713331,1.27335229347085,0.659993204767191,15.801630434953,0.0012452679905131,0.0369727872207231,"ENSMUSG00000000278","Scpep1"
72.3757919774693,-1.41764236854437,0.606792238745859,15.7991972583067,0.00124669820669332,0.0369727872207231,"ENSMUSG00000057335","Cep170"
122.332246666185,-2.96674714129807,1.08863896683641,15.8065249233488,0.00124239595254307,0.0369727872207231,"ENSMUSG00000041324","Inhba"
2675.07897523955,-0.348181989400865,0.534617255553103,15.7829137543932,0.00125631168203342,0.0371328634072161,"ENSMUSG00000052298","Cdc42se2"
333.424344580789,0.191344804694873,0.897027513853003,15.7554245751116,0.00127270804941065,0.0374916805993612,"ENSMUSG00000093805","Gal3st2b"
339.200162452278,1.46589622898812,1.03652850302951,15.7433490738351,0.00127997766985782,0.0375801443870255,"ENSMUSG00000032715","Trib3"
1921.86336056033,1.99672035345841,0.490286395207326,15.7165161224567,0.00129627938523649,0.0379323216782824,"ENSMUSG00000041119","Pde9a"
1201.8116957577,-0.874800522947581,0.433644183545227,15.6956787278291,0.001309080671523,0.0380540678375398,"ENSMUSG00000051391","Ywhag"
1438.30306746852,0.44468530048539,0.549737136533558,15.7019647354534,0.00130520575074179,0.0380540678375398,"ENSMUSG00000004270","Lpcat3"
18941.372979419,-0.314578050471621,0.539001990041115,15.6341957879021,0.00134758822829026,0.0389165807041986,"ENSMUSG00000060802","B2m"
1811.61721846957,-1.57041604881497,0.534793679401349,15.6342403353861,0.00134755992453817,0.0389165807041986,"ENSMUSG00000067038","Rps12-ps3"
1183.03990321749,0.300457687554449,0.572663607775979,15.5985915635995,0.0013703995340097,0.0394460101162006,"ENSMUSG00000034785","Dio1"
828.17604759911,1.01116728864923,0.663681815814566,15.5318909691171,0.00141417048279142,0.0405733342424327,"ENSMUSG00000040111","Gramd1b"
180.402013175139,1.66765504008732,0.768422761065781,15.5165685539244,0.00142441990971197,0.0407347096257891,"ENSMUSG00000037349","Nudt22"
1427.96770916388,-2.18953006158425,0.60543987959355,15.4335170220112,0.00148127087433727,0.0414849216055564,"ENSMUSG00000031375","Bgn"
5261.15768576384,2.11223636602202,1.02501857954377,15.4424656021534,0.00147503865559023,0.0414849216055564,"ENSMUSG00000063522","2010109I03Rik"
306.58217376652,-0.999003305765071,0.450731415779584,15.4301495881876,0.00148362287758291,0.0414849216055564,"ENSMUSG00000027176","Cstf3"
125.222557037219,-1.71160095686888,0.658201686580798,15.4443647154827,0.00147371937357342,0.0414849216055564,"ENSMUSG00000000732","Icosl"
472.435790671506,0.699032366460234,1.13145373983816,15.442159686675,0.00147525127950186,0.0414849216055564,"ENSMUSG00000020226","Slc5a4b"
99.3107667020978,-1.44789976595301,0.5223117503628,15.4376705834443,0.00147837489248749,0.0414849216055564,"ENSMUSG00000035439","Haus8"
17.8996208396036,3.40889128337781,1.60178866595311,15.4492100434944,0.00147035870903206,0.0414849216055564,"ENSMUSG00000060780","Lrrtm1"
194.340542185235,-3.46837347412529,1.18476436156257,15.4114499803101,0.00149675132165615,0.0417195748137574,"ENSMUSG00000022686","B3gnt5"
1194.5149413475,-1.86419789502395,0.594175311383964,15.3828895483221,0.00151702560676036,0.0420187469947963,"ENSMUSG00000037852","Cpe"
156.617450503205,-0.035567427162147,0.531954174476477,15.3849401956725,0.00151556086916736,0.0420187469947963,"ENSMUSG00000042029","Ncapg2"
10010.6272527894,0.929783977565641,0.397912206804328,15.3542614689187,0.0015376214001718,0.0421973830445292,"ENSMUSG00000023175","Bsg"
258.606645691549,-2.54858358037667,0.846726914791519,15.3539494362296,0.00153784740659558,0.0421973830445292,"ENSMUSG00000035930","Chst4"
475.700434950853,2.2373040957718,0.571150893268178,15.364723496317,0.00153006276532591,0.0421973830445292,"ENSMUSG00000000876","Pxmp4"
4890.9307653342,-1.70992451417996,0.431378926892653,15.2983465421825,0.00157865164921189,0.0430615243807282,"ENSMUSG00000026864","Hspa5"
44.2745392234241,-1.44097227927747,0.870226875107432,15.2977191783604,0.00157911811704986,0.0430615243807282,"ENSMUSG00000079685","Ulbp1"
71.9326642369968,-2.63430308019174,1.65985696696227,15.2476692295987,0.00161677617527393,0.0439523597278172,"ENSMUSG00000025876","Unc5a"
689.331306545257,2.01693457982752,0.560237343517095,15.2202613700541,0.00163777432706225,0.044291326414763,"ENSMUSG00000029999","Tgfa"
462.164826847858,-1.31755940299591,0.45207125556131,15.218280942896,0.00163930204486975,0.044291326414763,"ENSMUSG00000022247","Brix1"
27095.7623286211,-0.67524866855426,1.19446135674391,15.1926703686192,0.0016591860957606,0.0446914713500285,"ENSMUSG00000064358","mt-Co3"
218.348996092308,-1.930002267279,0.534552150215014,15.1845674478483,0.00166552690032897,0.0447254906649315,"ENSMUSG00000033420","Antxr1"
41.9144294452963,-2.45004591037065,0.840453641539648,15.1771523471992,0.001671350528995,0.0447454573233677,"ENSMUSG00000032344","Mb21d1"
270.675262040922,-1.64815004196105,1.13418133567948,15.1589171102663,0.00168575809244762,0.0449944159947837,"ENSMUSG00000039278","Pcsk1n"
827.188192769237,-0.194718136215711,0.641585264077318,15.1119541210898,0.00172343313843491,0.045722888805225,"ENSMUSG00000025817","Nudt5"
111.909751924856,-2.71894821835536,0.988573361562528,15.1176367593512,0.00171883030549289,0.045722888805225,"ENSMUSG00000031434","Morc4"
766.147797552959,1.16219013423538,0.431099781179368,15.0665171198005,0.00176067878561973,0.0464313136040077,"ENSMUSG00000024472","Dcp2"
105.278584133023,1.55408759875904,0.897382496366889,15.0718772843231,0.00175624373316963,0.0464313136040077,"ENSMUSG00000063953","Amd2"
23.6000714625392,6.13406711695275,1.6743251395895,15.0599743735498,0.00176610737930513,0.0464354441699091,"ENSMUSG00000045625","Pigz"
836.945593997,0.38840074007036,0.860044406124925,15.0075690590779,0.00181019209454166,0.0474372166230618,"ENSMUSG00000015944","Castor2"
691.782142153341,0.623318943337852,0.577583949566972,15.0019541273496,0.00181497979132287,0.0474372166230618,"ENSMUSG00000031167","Rbm3"
13.5088371090463,-4.48265963164438,1.7767220290958,14.9841538794236,0.00183024075980081,0.0476945580246316,"ENSMUSG00000034780","B3galt1"
192.476552903064,-0.783220895785247,0.800186750629272,14.9757455119357,0.0018374938396274,0.0477423178154516,"ENSMUSG00000046814","Gchfr"
3528.42094466265,-1.09833163940795,0.349236291073554,14.9691798812874,0.00184317718876979,0.047749131407895,"ENSMUSG00000030357","Fkbp4"
1699.1717332661,-0.858574326085018,0.418894270302074,14.9490700235545,0.00186069343433965,0.0479210168703615,"ENSMUSG00000030341","Tnfrsf1a"
140.790841308726,2.36047550026188,0.785471673243843,14.9522623566889,0.00185790183767942,0.0479210168703615,"ENSMUSG00000022383","Ppara"
363.426544336225,-0.324500007321915,0.39538610048311,14.9142733326275,0.00189139324090642,0.0485322001056465,"ENSMUSG00000026596","Abl2"
28.1795029560566,-0.0847625601017988,1.05979840779039,14.90421375973,0.00190036167675782,0.0485322001056465,"ENSMUSG00000046572","Zfp518b"
22.8253669612942,-1.543414593853,1.20978078007731,14.9035502427648,0.00190095470441054,0.0485322001056465,"ENSMUSG00000078922","Tgtp1"
1136.95793087507,1.13801774140306,0.331423516570141,14.8861382708383,0.00191658268466283,0.0487897696141915,"ENSMUSG00000006418","Rnf114"
11267.6436989689,-1.73987185167223,0.721399541879261,14.8362437901248,0.00196207441405291,0.0498038946368244,"ENSMUSG00000032518","Rpsa"
