"Feature","Comparison","Group","Method","EffectSize","EffectSize_type","Z_statistic","P.unadj","P.adj","Significance"
"Deep_Sea_Euryarchaeotic_Group(DSEG)","DB_Control - WT_Control","WT_Control","Dunn",0.8086,"r (|Z|/sqrt(N))",-2.4259,0.0152698992448009,0.0458096977344026,"*"
"Pedosphaeraceae","DB_Control - WT_Control","DB_Control","Dunn",0.8044,"r (|Z|/sqrt(N))",2.4133,0.0158067746073022,0.0474203238219067,"*"
"Pseudarthrobacter","DB_Control - WT_Control","DB_Control","Dunn",0.7984,"r (|Z|/sqrt(N))",2.3951,0.0166140291573842,0.0498420874721526,"*"
"Lactococcus","DB_Treated - WT_Control","DB_Treated","Dunn",0.795,"r (|Z|/sqrt(N))",2.3851,0.0170726610937884,0.0512179832813652,"ns"
"Enterobacter","DB_Control - DB_Treated","DB_Control","Dunn",0.7621,"r (|Z|/sqrt(N))",2.2862,0.0222431205913499,0.0667293617740498,"ns"
"Ilumatobacter","DB_Control - WT_Control","DB_Control","Dunn",0.7621,"r (|Z|/sqrt(N))",2.2862,0.0222431205913499,0.0667293617740498,"ns"
"Virgisporangium","DB_Control - WT_Control","DB_Control","Dunn",0.7621,"r (|Z|/sqrt(N))",2.2862,0.0222431205913499,0.0667293617740498,"ns"
"Dongia","DB_Control - WT_Control","DB_Control","Dunn",0.7525,"r (|Z|/sqrt(N))",2.2576,0.0239676798225893,0.0719030394677678,"ns"
"IMCC26256","DB_Control - WT_Control","DB_Control","Dunn",0.7235,"r (|Z|/sqrt(N))",2.1706,0.0299617665775788,0.0898852997327364,"ns"
"Ellin6067","DB_Control - WT_Control","DB_Control","Dunn",0.7235,"r (|Z|/sqrt(N))",2.1706,0.0299617665775788,0.0898852997327364,"ns"
"Skermanella","DB_Control - WT_Control","DB_Control","Dunn",0.7076,"r (|Z|/sqrt(N))",2.1229,0.0337629775534036,0.101288932660211,"ns"
"Pseudolabrys","DB_Control - WT_Control","DB_Control","Dunn",0.7076,"r (|Z|/sqrt(N))",2.1229,0.0337629775534036,0.101288932660211,"ns"
"Ruminococcus_gauvreauii_group","DB_Control - DB_Treated","DB_Control","Dunn",0.7015,"r (|Z|/sqrt(N))",2.1046,0.035325368151283,0.105976104453849,"ns"
"Prevotella","DB_Treated - WT_Control","WT_Control","Dunn",0.6957,"r (|Z|/sqrt(N))",-2.087,0.0368884257070499,0.11066527712115,"ns"
"SC-I-84","DB_Control - WT_Control","DB_Control","Dunn",0.6852,"r (|Z|/sqrt(N))",2.0557,0.0398071148012242,0.119421344403672,"ns"
"Cellulomonas","DB_Control - WT_Control","DB_Control","Dunn",0.6747,"r (|Z|/sqrt(N))",2.0241,0.042960146028425,0.128880438085275,"ns"
"Ramlibacter","DB_Control - WT_Control","DB_Control","Dunn",0.6747,"r (|Z|/sqrt(N))",2.0241,0.042960146028425,0.128880438085275,"ns"
"Shuttleworthia","DB_Control - DB_Treated","DB_Control","Dunn",0.6747,"r (|Z|/sqrt(N))",2.0241,0.042960146028425,0.128880438085275,"ns"
"Ensifer","DB_Control - WT_Control","DB_Control","Dunn",0.6747,"r (|Z|/sqrt(N))",2.0241,0.042960146028425,0.128880438085275,"ns"
"Haliangium","DB_Control - WT_Control","DB_Control","Dunn",0.6736,"r (|Z|/sqrt(N))",2.0209,0.0432901998037879,0.129870599411364,"ns"
"Rokubacteriales","DB_Control - WT_Control","DB_Control","Dunn",0.6736,"r (|Z|/sqrt(N))",2.0209,0.0432901998037879,0.129870599411364,"ns"
"Reyranella","DB_Control - WT_Control","DB_Control","Dunn",0.6736,"r (|Z|/sqrt(N))",2.0209,0.0432901998037879,0.129870599411364,"ns"
"Nocardioides","DB_Control - WT_Control","DB_Control","Dunn",0.657,"r (|Z|/sqrt(N))",1.9711,0.0487175950641551,0.146152785192465,"ns"
"Solirubrobacter","DB_Control - WT_Control","DB_Control","Dunn",0.657,"r (|Z|/sqrt(N))",1.9711,0.0487175950641552,0.146152785192465,"ns"
"Mangrovibacter","DB_Control - WT_Control","WT_Control","Dunn",0.657,"r (|Z|/sqrt(N))",-1.9711,0.0487175950641551,0.146152785192465,"ns"
"Ruminococcus_gauvreauii_group","DB_Control - WT_Control","DB_Control","Dunn",0.6514,"r (|Z|/sqrt(N))",1.9543,0.0506681514459329,0.0760022271688993,"ns"
"RB41","DB_Control - DB_Treated","DB_Control","Dunn",0.6514,"r (|Z|/sqrt(N))",1.9543,0.0506681514459329,0.152004454337799,"ns"
"Rodentibacter","DB_Control - DB_Treated","DB_Treated","Dunn",0.6487,"r (|Z|/sqrt(N))",-1.9461,0.0516486028634198,0.154945808590259,"ns"
"Alloprevotella","DB_Treated - WT_Control","WT_Control","Dunn",0.6487,"r (|Z|/sqrt(N))",-1.9461,0.0516486028634198,0.154945808590259,"ns"
"Acidothermus","DB_Control - DB_Treated","DB_Control","Dunn",0.629,"r (|Z|/sqrt(N))",1.8871,0.0591430589917665,0.1774291769753,"ns"
"Lysobacter","DB_Control - WT_Control","DB_Control","Dunn",0.6264,"r (|Z|/sqrt(N))",1.8791,0.0602287828562386,0.180686348568716,"ns"
"Agathobacter","DB_Control - DB_Treated","DB_Control","Dunn",0.6237,"r (|Z|/sqrt(N))",1.8712,0.0613169530776831,0.183950859233049,"ns"
"Nitrospira","DB_Control - WT_Control","DB_Control","Dunn",0.6237,"r (|Z|/sqrt(N))",1.8712,0.061316953077683,0.183950859233049,"ns"
"MND1","DB_Control - WT_Control","DB_Control","Dunn",0.6237,"r (|Z|/sqrt(N))",1.8712,0.061316953077683,0.183950859233049,"ns"
"Subgroup_7","DB_Control - WT_Control","DB_Control","Dunn",0.6237,"r (|Z|/sqrt(N))",1.8712,0.061316953077683,0.183950859233049,"ns"
"Devosia","DB_Control - WT_Control","DB_Control","Dunn",0.6237,"r (|Z|/sqrt(N))",1.8712,0.0613169530776831,0.183950859233049,"ns"
"Gardnerella","DB_Control - DB_Treated","DB_Control","Dunn",0.6237,"r (|Z|/sqrt(N))",1.8712,0.0613169530776831,0.183950859233049,"ns"
"TRA3-20","DB_Control - WT_Control","DB_Control","Dunn",0.6237,"r (|Z|/sqrt(N))",1.8712,0.061316953077683,0.183950859233049,"ns"
"Ellin6067","DB_Control - DB_Treated","DB_Control","Dunn",0.6237,"r (|Z|/sqrt(N))",1.8712,0.0613169530776831,0.0919754296165246,"ns"
"Campylobacter","DB_Control - WT_Control","WT_Control","Dunn",0.6124,"r (|Z|/sqrt(N))",-1.8371,0.0661925797221934,0.0992888695832901,"ns"
"Campylobacter","DB_Treated - WT_Control","WT_Control","Dunn",0.6124,"r (|Z|/sqrt(N))",-1.8371,0.0661925797221934,0.19857773916658,"ns"
"Microvirga","DB_Control - DB_Treated","DB_Control","Dunn",0.6065,"r (|Z|/sqrt(N))",1.8194,0.0688450446075202,0.10326756691128,"ns"
"Microvirga","DB_Control - WT_Control","DB_Control","Dunn",0.6065,"r (|Z|/sqrt(N))",1.8194,0.0688450446075202,0.206535133822561,"ns"
"TK10","DB_Control - DB_Treated","DB_Control","Dunn",0.6065,"r (|Z|/sqrt(N))",1.8194,0.0688450446075202,0.10326756691128,"ns"
"TK10","DB_Control - WT_Control","DB_Control","Dunn",0.6065,"r (|Z|/sqrt(N))",1.8194,0.0688450446075202,0.206535133822561,"ns"
"Monoglobus","DB_Control - DB_Treated","DB_Control","Dunn",0.6065,"r (|Z|/sqrt(N))",1.8194,0.0688450446075202,0.206535133822561,"ns"
"Coprococcus","DB_Control - DB_Treated","DB_Control","Dunn",0.6013,"r (|Z|/sqrt(N))",1.804,0.0712390723698092,0.213717217109428,"ns"
"Arenimonas","DB_Control - WT_Control","DB_Control","Dunn",0.6013,"r (|Z|/sqrt(N))",1.804,0.0712390723698092,0.213717217109428,"ns"
"Coriobacteriaceae_UCG-002","DB_Treated - WT_Control","WT_Control","Dunn",0.5988,"r (|Z|/sqrt(N))",-1.7964,0.0724380992504463,0.217314297751339,"ns"
"Pseudomonas","DB_Treated - WT_Control","WT_Control","Dunn",0.5963,"r (|Z|/sqrt(N))",-1.7889,0.0736382701203027,0.220914810360908,"ns"
"Lactobacillus","DB_Control - DB_Treated","DB_Treated","Dunn",0.5963,"r (|Z|/sqrt(N))",-1.7889,0.0736382701203027,0.220914810360908,"ns"
"KD4-96","DB_Control - WT_Control","DB_Control","Dunn",0.5963,"r (|Z|/sqrt(N))",1.7889,0.0736382701203027,0.220914810360908,"ns"
"Brevundimonas","DB_Control - DB_Treated","DB_Control","Dunn",0.5963,"r (|Z|/sqrt(N))",1.7889,0.0736382701203027,0.220914810360908,"ns"
"Agromyces","DB_Control - WT_Control","DB_Control","Dunn",0.5904,"r (|Z|/sqrt(N))",1.7712,0.0765225004750593,0.229567501425178,"ns"
"Raoultella","DB_Control - DB_Treated","DB_Control","Dunn",0.5904,"r (|Z|/sqrt(N))",1.7712,0.0765225004750593,0.229567501425178,"ns"
"Steroidobacter","DB_Control - WT_Control","DB_Control","Dunn",0.5904,"r (|Z|/sqrt(N))",1.7712,0.0765225004750593,0.229567501425178,"ns"
"AKYG1722","DB_Control - WT_Control","DB_Control","Dunn",0.5904,"r (|Z|/sqrt(N))",1.7712,0.0765225004750593,0.229567501425178,"ns"
"Gemella","DB_Control - WT_Control","WT_Control","Dunn",0.5904,"r (|Z|/sqrt(N))",-1.7712,0.0765225004750593,0.229567501425178,"ns"
"Actinoplanes","DB_Control - WT_Control","DB_Control","Dunn",0.5904,"r (|Z|/sqrt(N))",1.7712,0.0765225004750593,0.229567501425178,"ns"
"Kribbella","DB_Control - WT_Control","DB_Control","Dunn",0.5904,"r (|Z|/sqrt(N))",1.7712,0.0765225004750593,0.229567501425178,"ns"
"Pseudochrobactrum","DB_Control - DB_Treated","DB_Treated","Dunn",0.5904,"r (|Z|/sqrt(N))",-1.7712,0.0765225004750593,0.229567501425178,"ns"
"Steroidobacteraceae","DB_Control - WT_Control","DB_Control","Dunn",0.5904,"r (|Z|/sqrt(N))",1.7712,0.0765225004750593,0.229567501425178,"ns"
"Limnochordaceae","DB_Control - WT_Control","DB_Control","Dunn",0.5904,"r (|Z|/sqrt(N))",1.7712,0.0765225004750593,0.229567501425178,"ns"
"Nonomuraea","DB_Control - WT_Control","DB_Control","Dunn",0.5904,"r (|Z|/sqrt(N))",1.7712,0.0765225004750593,0.229567501425178,"ns"
"Roseisolibacter","DB_Control - WT_Control","DB_Control","Dunn",0.5904,"r (|Z|/sqrt(N))",1.7712,0.0765225004750593,0.229567501425178,"ns"
"Pontibacter","DB_Control - WT_Control","DB_Control","Dunn",0.5904,"r (|Z|/sqrt(N))",1.7712,0.0765225004750593,0.229567501425178,"ns"
"Nitrosospira","DB_Control - WT_Control","DB_Control","Dunn",0.5904,"r (|Z|/sqrt(N))",1.7712,0.0765225004750593,0.229567501425178,"ns"
"Sandaracinus","DB_Control - WT_Control","DB_Control","Dunn",0.5904,"r (|Z|/sqrt(N))",1.7712,0.0765225004750593,0.229567501425178,"ns"
"Nocardia","DB_Control - WT_Control","DB_Control","Dunn",0.5904,"r (|Z|/sqrt(N))",1.7712,0.0765225004750593,0.229567501425178,"ns"
"Candidatus_Entotheonella","DB_Control - WT_Control","DB_Control","Dunn",0.5904,"r (|Z|/sqrt(N))",1.7712,0.0765225004750593,0.229567501425178,"ns"
"Dactylosporangium","DB_Control - WT_Control","DB_Control","Dunn",0.5904,"r (|Z|/sqrt(N))",1.7712,0.0765225004750593,0.229567501425178,"ns"
"Lysobacter","DB_Control - DB_Treated","DB_Control","Dunn",0.5763,"r (|Z|/sqrt(N))",1.7288,0.083847426988407,0.125771140482611,"ns"
"Bryobacter","DB_Control - WT_Control","DB_Control","Dunn",0.5738,"r (|Z|/sqrt(N))",1.7215,0.0851589113290409,0.255476733987123,"ns"
"Nitrospira","DB_Control - DB_Treated","DB_Control","Dunn",0.5738,"r (|Z|/sqrt(N))",1.7215,0.0851589113290409,0.127738366993561,"ns"
"MND1","DB_Control - DB_Treated","DB_Control","Dunn",0.5738,"r (|Z|/sqrt(N))",1.7215,0.0851589113290409,0.127738366993561,"ns"
"Subgroup_7","DB_Control - DB_Treated","DB_Control","Dunn",0.5738,"r (|Z|/sqrt(N))",1.7215,0.0851589113290409,0.127738366993561,"ns"
"TRA3-20","DB_Control - DB_Treated","DB_Control","Dunn",0.5738,"r (|Z|/sqrt(N))",1.7215,0.0851589113290409,0.127738366993561,"ns"
"Cellulomonas","DB_Control - DB_Treated","DB_Control","Dunn",0.5709,"r (|Z|/sqrt(N))",1.7127,0.0867681727038756,0.130152259055813,"ns"
"Ramlibacter","DB_Control - DB_Treated","DB_Control","Dunn",0.5709,"r (|Z|/sqrt(N))",1.7127,0.0867681727038756,0.130152259055813,"ns"
"Shuttleworthia","DB_Control - WT_Control","DB_Control","Dunn",0.5709,"r (|Z|/sqrt(N))",1.7127,0.0867681727038756,0.130152259055813,"ns"
"Gitt-GS-136","DB_Control - WT_Control","DB_Control","Dunn",0.5709,"r (|Z|/sqrt(N))",1.7127,0.0867681727038757,0.260304518111627,"ns"
"Ensifer","DB_Control - DB_Treated","DB_Control","Dunn",0.5709,"r (|Z|/sqrt(N))",1.7127,0.0867681727038756,0.130152259055813,"ns"
"Gluconobacter","DB_Control - WT_Control","WT_Control","Dunn",0.5642,"r (|Z|/sqrt(N))",-1.6927,0.090521244605348,0.271563733816044,"ns"
"67-14","DB_Control - WT_Control","DB_Control","Dunn",0.5559,"r (|Z|/sqrt(N))",1.6678,0.0953523190745667,0.2860569572237,"ns"
"Stenotrophomonas","DB_Control - DB_Treated","DB_Control","Dunn",0.5559,"r (|Z|/sqrt(N))",1.6678,0.0953523190745667,0.2860569572237,"ns"
"Deep_Sea_Euryarchaeotic_Group(DSEG)","DB_Treated - WT_Control","WT_Control","Dunn",0.5559,"r (|Z|/sqrt(N))",-1.6678,0.0953523190745667,0.14302847861185,"ns"
"Gemmatimonas","DB_Control - DB_Treated","DB_Control","Dunn",0.5559,"r (|Z|/sqrt(N))",1.6678,0.0953523190745667,0.2860569572237,"ns"
"Gaiella","DB_Control - WT_Control","DB_Control","Dunn",0.5512,"r (|Z|/sqrt(N))",1.6536,0.0982044899286326,0.294613469785898,"ns"
"RB41","DB_Control - WT_Control","DB_Control","Dunn",0.5512,"r (|Z|/sqrt(N))",1.6536,0.0982044899286326,0.147306734892949,"ns"
"Alloprevotella","DB_Control - WT_Control","WT_Control","Dunn",0.5489,"r (|Z|/sqrt(N))",-1.6467,0.0996282351847965,0.149442352777195,"ns"
"Corynebacterium","DB_Control - WT_Control","WT_Control","Dunn",0.5466,"r (|Z|/sqrt(N))",-1.6398,0.10105025592541,0.30315076777623,"ns"
"Faecalibacterium","DB_Control - DB_Treated","DB_Control","Dunn",0.5466,"r (|Z|/sqrt(N))",1.6398,0.10105025592541,0.30315076777623,"ns"
"Lactococcus","DB_Control - DB_Treated","DB_Treated","Dunn",0.5466,"r (|Z|/sqrt(N))",-1.6398,0.10105025592541,0.151575383888115,"ns"
"Parasutterella","DB_Control - DB_Treated","DB_Control","Dunn",0.5466,"r (|Z|/sqrt(N))",1.6398,0.10105025592541,0.30315076777623,"ns"
"Fusicatenibacter","DB_Control - DB_Treated","DB_Control","Dunn",0.5466,"r (|Z|/sqrt(N))",1.6398,0.10105025592541,0.30315076777623,"ns"
"Sphingomonas","DB_Control - WT_Control","DB_Control","Dunn",0.5466,"r (|Z|/sqrt(N))",1.6398,0.10105025592541,0.30315076777623,"ns"
"Roseburia","DB_Control - WT_Control","DB_Control","Dunn",0.5466,"r (|Z|/sqrt(N))",1.6398,0.10105025592541,0.30315076777623,"ns"
"Enterobacter","DB_Control - WT_Control","DB_Control","Dunn",0.5443,"r (|Z|/sqrt(N))",1.633,0.102470434859749,0.153705652289624,"ns"
"Paenibacillus","DB_Control - WT_Control","DB_Control","Dunn",0.5443,"r (|Z|/sqrt(N))",1.633,0.102470434859749,0.307411304579248,"ns"
"S0134_terrestrial_group","DB_Control - WT_Control","DB_Control","Dunn",0.5443,"r (|Z|/sqrt(N))",1.633,0.102470434859749,0.307411304579248,"ns"
"Ilumatobacter","DB_Control - DB_Treated","DB_Control","Dunn",0.5443,"r (|Z|/sqrt(N))",1.633,0.102470434859749,0.153705652289624,"ns"
"Virgisporangium","DB_Control - DB_Treated","DB_Control","Dunn",0.5443,"r (|Z|/sqrt(N))",1.633,0.102470434859749,0.153705652289624,"ns"
"Rikenellaceae_RC9_gut_group","DB_Treated - WT_Control","WT_Control","Dunn",0.533,"r (|Z|/sqrt(N))",-1.5989,0.109840007507366,0.329520022522098,"ns"
"SC-I-84","DB_Control - DB_Treated","DB_Control","Dunn",0.533,"r (|Z|/sqrt(N))",1.5989,0.109840007507366,0.164760011261049,"ns"
"Methyloversatilis","DB_Control - WT_Control","WT_Control","Dunn",0.5314,"r (|Z|/sqrt(N))",-1.5941,0.110912117486589,0.332736352459766,"ns"
"Microlunatus","DB_Control - WT_Control","DB_Control","Dunn",0.5314,"r (|Z|/sqrt(N))",1.5941,0.110912117486589,0.332736352459766,"ns"
"Rubrobacter","DB_Control - WT_Control","DB_Control","Dunn",0.5314,"r (|Z|/sqrt(N))",1.5941,0.110912117486589,0.332736352459766,"ns"
"Iamia","DB_Control - WT_Control","DB_Control","Dunn",0.5314,"r (|Z|/sqrt(N))",1.5941,0.110912117486589,0.332736352459766,"ns"
"Geodermatophilus","DB_Control - WT_Control","DB_Control","Dunn",0.5314,"r (|Z|/sqrt(N))",1.5941,0.110912117486589,0.332736352459766,"ns"
"Candidatus_Alysiosphaera","DB_Control - WT_Control","DB_Control","Dunn",0.5314,"r (|Z|/sqrt(N))",1.5941,0.110912117486589,0.332736352459766,"ns"
"Noviherbaspirillum","DB_Control - WT_Control","DB_Control","Dunn",0.5314,"r (|Z|/sqrt(N))",1.5941,0.110912117486589,0.332736352459766,"ns"
"AKIW781","DB_Control - WT_Control","DB_Control","Dunn",0.5314,"r (|Z|/sqrt(N))",1.5941,0.110912117486589,0.332736352459766,"ns"
"Ammoniphilus","DB_Control - WT_Control","DB_Control","Dunn",0.5314,"r (|Z|/sqrt(N))",1.5941,0.110912117486589,0.332736352459766,"ns"
"Micromonospora","DB_Control - WT_Control","DB_Control","Dunn",0.5314,"r (|Z|/sqrt(N))",1.5941,0.110912117486589,0.332736352459766,"ns"
"CCD24","DB_Control - WT_Control","DB_Control","Dunn",0.5314,"r (|Z|/sqrt(N))",1.5941,0.110912117486589,0.332736352459766,"ns"
"Planifilum","DB_Control - WT_Control","DB_Control","Dunn",0.5314,"r (|Z|/sqrt(N))",1.5941,0.110912117486589,0.332736352459766,"ns"
"Roseomonas","DB_Control - WT_Control","DB_Control","Dunn",0.5314,"r (|Z|/sqrt(N))",1.5941,0.110912117486589,0.332736352459766,"ns"
"OLB14","DB_Control - WT_Control","DB_Control","Dunn",0.5314,"r (|Z|/sqrt(N))",1.5941,0.110912117486589,0.332736352459766,"ns"
"Arenimonas","DB_Control - DB_Treated","DB_Control","Dunn",0.5262,"r (|Z|/sqrt(N))",1.5785,0.114460737563704,0.171691106345556,"ns"
"Colidextribacter","DB_Control - DB_Treated","DB_Treated","Dunn",0.5239,"r (|Z|/sqrt(N))",-1.5718,0.115994506630286,0.173991759945428,"ns"
"Colidextribacter","DB_Treated - WT_Control","DB_Treated","Dunn",0.5239,"r (|Z|/sqrt(N))",1.5718,0.115994506630286,0.347983519890857,"ns"
"Vicinamibacteraceae","DB_Control - DB_Treated","DB_Control","Dunn",0.5239,"r (|Z|/sqrt(N))",1.5718,0.115994506630286,0.173991759945428,"ns"
"Vicinamibacteraceae","DB_Control - WT_Control","DB_Control","Dunn",0.5239,"r (|Z|/sqrt(N))",1.5718,0.115994506630286,0.347983519890857,"ns"
"Massilia","DB_Control - WT_Control","DB_Control","Dunn",0.5239,"r (|Z|/sqrt(N))",1.5718,0.115994506630286,0.347983519890857,"ns"
"Mitochondria","DB_Control - WT_Control","WT_Control","Dunn",0.5239,"r (|Z|/sqrt(N))",-1.5718,0.115994506630286,0.173991759945428,"ns"
"Mitochondria","DB_Treated - WT_Control","WT_Control","Dunn",0.5239,"r (|Z|/sqrt(N))",-1.5718,0.115994506630286,0.347983519890857,"ns"
"Proteus","DB_Control - DB_Treated","DB_Treated","Dunn",0.5239,"r (|Z|/sqrt(N))",-1.5718,0.115994506630286,0.347983519890857,"ns"
"Haliangium","DB_Control - DB_Treated","DB_Control","Dunn",0.5239,"r (|Z|/sqrt(N))",1.5718,0.115994506630286,0.173991759945428,"ns"
"Rokubacteriales","DB_Control - DB_Treated","DB_Control","Dunn",0.5239,"r (|Z|/sqrt(N))",1.5718,0.115994506630286,0.173991759945428,"ns"
"Blastococcus","DB_Control - WT_Control","DB_Control","Dunn",0.519,"r (|Z|/sqrt(N))",1.557,0.119470986771701,0.358412960315102,"ns"
"Gitt-GS-136","DB_Control - DB_Treated","DB_Control","Dunn",0.519,"r (|Z|/sqrt(N))",1.557,0.119470986771701,0.179206480157551,"ns"
"67-14","DB_Control - DB_Treated","DB_Control","Dunn",0.5054,"r (|Z|/sqrt(N))",1.5162,0.129469777179293,0.19420466576894,"ns"
"Gemmatimonas","DB_Control - WT_Control","DB_Control","Dunn",0.5054,"r (|Z|/sqrt(N))",1.5162,0.129469777179293,0.19420466576894,"ns"
"Acidothermus","DB_Control - WT_Control","DB_Control","Dunn",0.5032,"r (|Z|/sqrt(N))",1.5097,0.131119298916926,0.196678948375388,"ns"
"Staphylococcus","DB_Control - WT_Control","WT_Control","Dunn",0.499,"r (|Z|/sqrt(N))",-1.497,0.134403047888473,0.403209143665418,"ns"
"Paracoccus","DB_Treated - WT_Control","DB_Treated","Dunn",0.499,"r (|Z|/sqrt(N))",1.497,0.134403047888473,0.403209143665418,"ns"
"Prevotella","DB_Control - DB_Treated","DB_Control","Dunn",0.4969,"r (|Z|/sqrt(N))",1.4907,0.136037128114144,0.204055692171215,"ns"
"Parasutterella","DB_Treated - WT_Control","WT_Control","Dunn",0.4969,"r (|Z|/sqrt(N))",-1.4907,0.136037128114144,0.204055692171215,"ns"
"Sphingomonas","DB_Control - DB_Treated","DB_Control","Dunn",0.4969,"r (|Z|/sqrt(N))",1.4907,0.136037128114144,0.204055692171215,"ns"
"Parabacteroides","DB_Treated - WT_Control","WT_Control","Dunn",0.4969,"r (|Z|/sqrt(N))",-1.4907,0.136037128114144,0.408111384342431,"ns"
"Delftia","DB_Control - DB_Treated","DB_Treated","Dunn",0.4969,"r (|Z|/sqrt(N))",-1.4907,0.136037128114144,0.408111384342431,"ns"
"Amaricoccus","DB_Control - WT_Control","DB_Control","Dunn",0.493,"r (|Z|/sqrt(N))",1.4791,0.139100765440064,0.417302296320193,"ns"
"Bacteroides","DB_Control - DB_Treated","DB_Control","Dunn",0.474,"r (|Z|/sqrt(N))",1.4221,0.154993084226042,0.464979252678127,"ns"
"Dorea","DB_Control - DB_Treated","DB_Control","Dunn",0.474,"r (|Z|/sqrt(N))",1.4221,0.154993084226042,0.464979252678127,"ns"
"Bryobacter","DB_Control - DB_Treated","DB_Control","Dunn",0.474,"r (|Z|/sqrt(N))",1.4221,0.154993084226042,0.232489626339063,"ns"
"MB-A2-108","DB_Control - WT_Control","DB_Control","Dunn",0.474,"r (|Z|/sqrt(N))",1.4221,0.154993084226042,0.464979252678127,"ns"
"Sutterella","DB_Control - DB_Treated","DB_Control","Dunn",0.474,"r (|Z|/sqrt(N))",1.4221,0.154993084226042,0.464979252678127,"ns"
"IMCC26256","DB_Control - DB_Treated","DB_Control","Dunn",0.474,"r (|Z|/sqrt(N))",1.4221,0.154993084226042,0.232489626339063,"ns"
"Lachnospiraceae_UCG-004","DB_Control - DB_Treated","DB_Control","Dunn",0.4723,"r (|Z|/sqrt(N))",1.417,0.156487658987465,0.469462976962396,"ns"
"Klebsiella","DB_Control - DB_Treated","DB_Treated","Dunn",0.4723,"r (|Z|/sqrt(N))",-1.417,0.156487658987465,0.469462976962396,"ns"
"Coriobacteriaceae_UCG-002","DB_Control - DB_Treated","DB_Control","Dunn",0.4491,"r (|Z|/sqrt(N))",1.3473,0.177894533335963,0.266841800003945,"ns"
"Pseudomonas","DB_Control - WT_Control","WT_Control","Dunn",0.4472,"r (|Z|/sqrt(N))",-1.3416,0.179712494879,0.2695687423185,"ns"
"Lactobacillus","DB_Treated - WT_Control","DB_Treated","Dunn",0.4472,"r (|Z|/sqrt(N))",1.3416,0.179712494879,0.2695687423185,"ns"
"Bifidobacterium","DB_Control - DB_Treated","DB_Control","Dunn",0.4472,"r (|Z|/sqrt(N))",1.3416,0.179712494879,0.539137484637,"ns"
"Helicobacter","DB_Control - WT_Control","WT_Control","Dunn",0.4472,"r (|Z|/sqrt(N))",-1.3416,0.179712494879,0.539137484637,"ns"
"Bacillus","DB_Control - DB_Treated","DB_Control","Dunn",0.4472,"r (|Z|/sqrt(N))",1.3416,0.179712494879,0.2695687423185,"ns"
"Bacillus","DB_Control - WT_Control","DB_Control","Dunn",0.4472,"r (|Z|/sqrt(N))",1.3416,0.179712494879,0.539137484637,"ns"
"Mucispirillum","DB_Control - DB_Treated","DB_Treated","Dunn",0.4472,"r (|Z|/sqrt(N))",-1.3416,0.179712494879,0.539137484636999,"ns"
"Escherichia-Shigella","DB_Control - DB_Treated","DB_Control","Dunn",0.4472,"r (|Z|/sqrt(N))",1.3416,0.179712494879,0.2695687423185,"ns"
"Escherichia-Shigella","DB_Control - WT_Control","DB_Control","Dunn",0.4472,"r (|Z|/sqrt(N))",1.3416,0.179712494879,0.539137484637,"ns"
"KD4-96","DB_Control - DB_Treated","DB_Control","Dunn",0.4472,"r (|Z|/sqrt(N))",1.3416,0.179712494879,0.2695687423185,"ns"
"Rickettsia","DB_Control - DB_Treated","DB_Control","Dunn",0.4472,"r (|Z|/sqrt(N))",1.3416,0.179712494879,0.539137484636999,"ns"
"Brevundimonas","DB_Control - WT_Control","DB_Control","Dunn",0.4472,"r (|Z|/sqrt(N))",1.3416,0.179712494879,0.2695687423185,"ns"
"Pedomicrobium","DB_Control - WT_Control","DB_Control","Dunn",0.4452,"r (|Z|/sqrt(N))",1.3356,0.181664960740103,0.54499488222031,"ns"
"Comamonas","DB_Control - DB_Treated","DB_Control","Dunn",0.4411,"r (|Z|/sqrt(N))",1.3234,0.185686370050533,0.557059110151598,"ns"
"Acidibacter","DB_Control - WT_Control","DB_Control","Dunn",0.4411,"r (|Z|/sqrt(N))",1.3234,0.185686370050533,0.557059110151598,"ns"
"Pedosphaeraceae","DB_Control - DB_Treated","DB_Control","Dunn",0.4411,"r (|Z|/sqrt(N))",1.3234,0.185686370050533,0.278529555075799,"ns"
"Skermanella","DB_Control - DB_Treated","DB_Control","Dunn",0.4355,"r (|Z|/sqrt(N))",1.3064,0.191418425237607,0.287127637856411,"ns"
"Paenibacillus","DB_Treated - WT_Control","DB_Treated","Dunn",0.4355,"r (|Z|/sqrt(N))",1.3064,0.191418425237607,0.287127637856411,"ns"
"S0134_terrestrial_group","DB_Treated - WT_Control","DB_Treated","Dunn",0.4355,"r (|Z|/sqrt(N))",1.3064,0.191418425237607,0.287127637856411,"ns"
"S085","DB_Control - WT_Control","DB_Control","Dunn",0.4355,"r (|Z|/sqrt(N))",1.3064,0.191418425237607,0.574255275712822,"ns"
"PLTA13","DB_Control - WT_Control","DB_Control","Dunn",0.4355,"r (|Z|/sqrt(N))",1.3064,0.191418425237607,0.574255275712822,"ns"
"Bradyrhizobium","DB_Control - WT_Control","DB_Control","Dunn",0.4355,"r (|Z|/sqrt(N))",1.3064,0.191418425237607,0.574255275712822,"ns"
"Pseudolabrys","DB_Control - DB_Treated","DB_Control","Dunn",0.4355,"r (|Z|/sqrt(N))",1.3064,0.191418425237607,0.287127637856411,"ns"
"Aeromicrobium","DB_Control - WT_Control","DB_Control","Dunn",0.4355,"r (|Z|/sqrt(N))",1.3064,0.191418425237607,0.574255275712822,"ns"
"Gaiella","DB_Control - DB_Treated","DB_Control","Dunn",0.4259,"r (|Z|/sqrt(N))",1.2778,0.201320572455596,0.301980858683394,"ns"
"MB-A2-108","DB_Control - DB_Treated","DB_Control","Dunn",0.4241,"r (|Z|/sqrt(N))",1.2724,0.203224634648643,0.304836951972965,"ns"
"Devosia","DB_Control - DB_Treated","DB_Control","Dunn",0.4241,"r (|Z|/sqrt(N))",1.2724,0.203224634648643,0.304836951972965,"ns"
"Pseudonocardia","DB_Control - WT_Control","DB_Control","Dunn",0.4171,"r (|Z|/sqrt(N))",1.2513,0.210825403181828,0.632476209545483,"ns"
"Microbacterium","DB_Control - WT_Control","DB_Control","Dunn",0.4171,"r (|Z|/sqrt(N))",1.2513,0.210825403181828,0.632476209545483,"ns"
"Pediococcus","DB_Control - WT_Control","WT_Control","Dunn",0.4152,"r (|Z|/sqrt(N))",-1.2456,0.212911902811504,0.638735708434513,"ns"
"Blastococcus","DB_Control - DB_Treated","DB_Control","Dunn",0.4152,"r (|Z|/sqrt(N))",1.2456,0.212911902811504,0.319367854217257,"ns"
"Dongia","DB_Treated - WT_Control","DB_Treated","Dunn",0.4152,"r (|Z|/sqrt(N))",1.2456,0.212911902811504,0.319367854217257,"ns"
"Subgroup_10","DB_Control - WT_Control","DB_Control","Dunn",0.4103,"r (|Z|/sqrt(N))",1.2309,0.218354690565902,0.655064071697705,"ns"
"Wolbachia","DB_Control - WT_Control","DB_Control","Dunn",0.4082,"r (|Z|/sqrt(N))",-1.2247,0.220671361919847,0.33100704287977,"ns"
"Wolbachia","DB_Treated - WT_Control","DB_Treated","Dunn",0.4082,"r (|Z|/sqrt(N))",-1.2247,0.220671361919847,0.66201408575954,"ns"
"Acetobacter","DB_Control - WT_Control","DB_Control","Dunn",0.4082,"r (|Z|/sqrt(N))",-1.2247,0.220671361919847,0.33100704287977,"ns"
"Acetobacter","DB_Treated - WT_Control","DB_Treated","Dunn",0.4082,"r (|Z|/sqrt(N))",-1.2247,0.220671361919847,0.66201408575954,"ns"
"Micrococcus","DB_Control - DB_Treated","DB_Control","Dunn",0.4082,"r (|Z|/sqrt(N))",-1.2247,0.220671361919847,0.33100704287977,"ns"
"Micrococcus","DB_Treated - WT_Control","DB_Treated","Dunn",0.4082,"r (|Z|/sqrt(N))",1.2247,0.220671361919847,0.66201408575954,"ns"
"Modestobacter","DB_Control - DB_Treated","DB_Control","Dunn",0.4082,"r (|Z|/sqrt(N))",1.2247,0.220671361919847,0.33100704287977,"ns"
"Modestobacter","DB_Control - WT_Control","DB_Control","Dunn",0.4082,"r (|Z|/sqrt(N))",1.2247,0.220671361919847,0.66201408575954,"ns"
"Nocardioides","DB_Treated - WT_Control","DB_Treated","Dunn",0.4043,"r (|Z|/sqrt(N))",1.213,0.225146310864658,0.337719466296987,"ns"
"Solirubrobacter","DB_Control - DB_Treated","DB_Control","Dunn",0.4043,"r (|Z|/sqrt(N))",1.213,0.225146310864658,0.337719466296987,"ns"
"Mangrovibacter","DB_Control - DB_Treated","DB_Treated","Dunn",0.4043,"r (|Z|/sqrt(N))",-1.213,0.225146310864658,0.337719466296987,"ns"
"Rodentibacter","DB_Control - WT_Control","WT_Control","Dunn",0.3992,"r (|Z|/sqrt(N))",-1.1976,0.231084499344048,0.346626749016072,"ns"
"Pseudarthrobacter","DB_Control - DB_Treated","DB_Control","Dunn",0.3992,"r (|Z|/sqrt(N))",1.1976,0.231084499344048,0.346626749016072,"ns"
"Pseudarthrobacter","DB_Treated - WT_Control","DB_Treated","Dunn",0.3992,"r (|Z|/sqrt(N))",1.1976,0.231084499344048,0.231084499344048,"ns"
"Muribaculaceae","DB_Control - WT_Control","WT_Control","Dunn",0.3975,"r (|Z|/sqrt(N))",-1.1926,0.233037982273905,0.699113946821716,"ns"
"Lachnospiraceae_NK4A136_group","DB_Control - DB_Treated","DB_Treated","Dunn",0.3975,"r (|Z|/sqrt(N))",-1.1926,0.233037982273905,0.699113946821716,"ns"
"Lachnoclostridium","DB_Control - DB_Treated","DB_Control","Dunn",0.3975,"r (|Z|/sqrt(N))",1.1926,0.233037982273905,0.699113946821716,"ns"
"Subdoligranulum","DB_Control - DB_Treated","DB_Control","Dunn",0.3975,"r (|Z|/sqrt(N))",1.1926,0.233037982273905,0.699113946821716,"ns"
"Anaerotruncus","DB_Control - DB_Treated","DB_Treated","Dunn",0.3975,"r (|Z|/sqrt(N))",-1.1926,0.233037982273905,0.699113946821716,"ns"
"Anaerostipes","DB_Control - DB_Treated","DB_Control","Dunn",0.3975,"r (|Z|/sqrt(N))",1.1926,0.233037982273905,0.699113946821716,"ns"
"Parabacteroides","DB_Control - DB_Treated","DB_Control","Dunn",0.3975,"r (|Z|/sqrt(N))",1.1926,0.233037982273905,0.349556973410858,"ns"
"Delftia","DB_Treated - WT_Control","DB_Treated","Dunn",0.3975,"r (|Z|/sqrt(N))",1.1926,0.233037982273905,0.349556973410858,"ns"
"Dubosiella","DB_Control - WT_Control","DB_Control","Dunn",0.3975,"r (|Z|/sqrt(N))",1.1926,0.233037982273905,0.699113946821716,"ns"
"Barnesiella","DB_Control - DB_Treated","DB_Control","Dunn",0.3892,"r (|Z|/sqrt(N))",1.1677,0.242908260904324,0.728724782712971,"ns"
"Sphingobium","DB_Control - DB_Treated","DB_Control","Dunn",0.3892,"r (|Z|/sqrt(N))",1.1677,0.242908260904324,0.364362391356486,"ns"
"Sphingobium","DB_Treated - WT_Control","WT_Control","Dunn",0.3892,"r (|Z|/sqrt(N))",-1.1677,0.242908260904324,0.728724782712972,"ns"
"Sellimonas","DB_Control - DB_Treated","DB_Control","Dunn",0.3892,"r (|Z|/sqrt(N))",1.1677,0.242908260904324,0.364362391356486,"ns"
"Sellimonas","DB_Treated - WT_Control","WT_Control","Dunn",0.3892,"r (|Z|/sqrt(N))",-1.1677,0.242908260904324,0.728724782712972,"ns"
"OM27_clade","DB_Control - DB_Treated","DB_Control","Dunn",0.3892,"r (|Z|/sqrt(N))",1.1677,0.242908260904324,0.728724782712972,"ns"
"Agromyces","DB_Control - DB_Treated","DB_Control","Dunn",0.3838,"r (|Z|/sqrt(N))",1.1513,0.249609103986738,0.374413655980107,"ns"
"Raoultella","DB_Control - WT_Control","DB_Control","Dunn",0.3838,"r (|Z|/sqrt(N))",1.1513,0.249609103986738,0.374413655980107,"ns"
"Steroidobacter","DB_Control - DB_Treated","DB_Control","Dunn",0.3838,"r (|Z|/sqrt(N))",1.1513,0.249609103986738,0.374413655980107,"ns"
"AKYG1722","DB_Control - DB_Treated","DB_Control","Dunn",0.3838,"r (|Z|/sqrt(N))",1.1513,0.249609103986738,0.374413655980107,"ns"
"Gemella","DB_Treated - WT_Control","WT_Control","Dunn",0.3838,"r (|Z|/sqrt(N))",-1.1513,0.249609103986738,0.374413655980107,"ns"
"Actinoplanes","DB_Control - DB_Treated","DB_Control","Dunn",0.3838,"r (|Z|/sqrt(N))",1.1513,0.249609103986738,0.374413655980107,"ns"
"Kribbella","DB_Control - DB_Treated","DB_Control","Dunn",0.3838,"r (|Z|/sqrt(N))",1.1513,0.249609103986738,0.374413655980107,"ns"
"Pseudochrobactrum","DB_Treated - WT_Control","DB_Treated","Dunn",0.3838,"r (|Z|/sqrt(N))",1.1513,0.249609103986738,0.374413655980107,"ns"
"Steroidobacteraceae","DB_Control - DB_Treated","DB_Control","Dunn",0.3838,"r (|Z|/sqrt(N))",1.1513,0.249609103986738,0.374413655980107,"ns"
"Limnochordaceae","DB_Control - DB_Treated","DB_Control","Dunn",0.3838,"r (|Z|/sqrt(N))",1.1513,0.249609103986738,0.374413655980107,"ns"
"Nonomuraea","DB_Control - DB_Treated","DB_Control","Dunn",0.3838,"r (|Z|/sqrt(N))",1.1513,0.249609103986738,0.374413655980107,"ns"
"Roseisolibacter","DB_Control - DB_Treated","DB_Control","Dunn",0.3838,"r (|Z|/sqrt(N))",1.1513,0.249609103986738,0.374413655980107,"ns"
"Pontibacter","DB_Control - DB_Treated","DB_Control","Dunn",0.3838,"r (|Z|/sqrt(N))",1.1513,0.249609103986738,0.374413655980107,"ns"
"Nitrosospira","DB_Control - DB_Treated","DB_Control","Dunn",0.3838,"r (|Z|/sqrt(N))",1.1513,0.249609103986738,0.374413655980107,"ns"
"Sandaracinus","DB_Control - DB_Treated","DB_Control","Dunn",0.3838,"r (|Z|/sqrt(N))",1.1513,0.249609103986738,0.374413655980107,"ns"
"Nocardia","DB_Control - DB_Treated","DB_Control","Dunn",0.3838,"r (|Z|/sqrt(N))",1.1513,0.249609103986738,0.374413655980107,"ns"
"Candidatus_Entotheonella","DB_Control - DB_Treated","DB_Control","Dunn",0.3838,"r (|Z|/sqrt(N))",1.1513,0.249609103986738,0.374413655980107,"ns"
"Dactylosporangium","DB_Control - DB_Treated","DB_Control","Dunn",0.3838,"r (|Z|/sqrt(N))",1.1513,0.249609103986738,0.374413655980107,"ns"
"Arthrobacter","DB_Control - WT_Control","DB_Control","Dunn",0.381,"r (|Z|/sqrt(N))",1.1431,0.252999061474684,0.758997184424053,"ns"
"Fusobacterium","DB_Control - WT_Control","WT_Control","Dunn",0.381,"r (|Z|/sqrt(N))",-1.1431,0.252999061474684,0.758997184424053,"ns"
"BIrii41","DB_Control - WT_Control","DB_Control","Dunn",0.381,"r (|Z|/sqrt(N))",1.1431,0.252999061474684,0.758997184424053,"ns"
"Mycobacterium","DB_Control - WT_Control","DB_Control","Dunn",0.381,"r (|Z|/sqrt(N))",1.1431,0.252999061474684,0.758997184424053,"ns"
"S085","DB_Control - DB_Treated","DB_Control","Dunn",0.381,"r (|Z|/sqrt(N))",1.1431,0.252999061474684,0.379498592212026,"ns"
"Parviterribacter","DB_Control - WT_Control","DB_Control","Dunn",0.381,"r (|Z|/sqrt(N))",1.1431,0.252999061474684,0.758997184424053,"ns"
"PLTA13","DB_Control - DB_Treated","DB_Control","Dunn",0.381,"r (|Z|/sqrt(N))",1.1431,0.252999061474684,0.379498592212026,"ns"
"Bradyrhizobium","DB_Control - DB_Treated","DB_Control","Dunn",0.381,"r (|Z|/sqrt(N))",1.1431,0.252999061474684,0.379498592212026,"ns"
"Aeromicrobium","DB_Control - DB_Treated","DB_Control","Dunn",0.381,"r (|Z|/sqrt(N))",1.1431,0.252999061474684,0.379498592212026,"ns"
"Streptomyces","DB_Control - WT_Control","DB_Control","Dunn",0.3807,"r (|Z|/sqrt(N))",1.1421,0.253420567825175,0.760261703475525,"ns"
"Lachnospiraceae_ND3007_group","DB_Control - DB_Treated","DB_Control","Dunn",0.3807,"r (|Z|/sqrt(N))",1.1421,0.253420567825175,0.760261703475525,"ns"
"Anaplasma","DB_Control - DB_Treated","DB_Control","Dunn",0.3758,"r (|Z|/sqrt(N))",1.1275,0.259544222403874,0.778632667211623,"ns"
"Coprococcus","DB_Treated - WT_Control","WT_Control","Dunn",0.3758,"r (|Z|/sqrt(N))",-1.1275,0.259544222403874,0.389316333605812,"ns"
"Candidatus_Midichloria","DB_Control - DB_Treated","DB_Control","Dunn",0.3758,"r (|Z|/sqrt(N))",1.1275,0.259544222403874,0.778632667211623,"ns"
"Ruminococcus","DB_Treated - WT_Control","WT_Control","Dunn",0.3742,"r (|Z|/sqrt(N))",-1.1227,0.261555673671613,0.78466702101484,"ns"
"Massilia","DB_Control - DB_Treated","DB_Control","Dunn",0.3742,"r (|Z|/sqrt(N))",1.1227,0.261555673671613,0.39233351050742,"ns"
"UCG-005","DB_Control - WT_Control","WT_Control","Dunn",0.3742,"r (|Z|/sqrt(N))",-1.1227,0.261555673671613,0.78466702101484,"ns"
"Proteus","DB_Treated - WT_Control","DB_Treated","Dunn",0.3742,"r (|Z|/sqrt(N))",1.1227,0.261555673671613,0.39233351050742,"ns"
"Collinsella","DB_Control - DB_Treated","DB_Control","Dunn",0.3742,"r (|Z|/sqrt(N))",1.1227,0.261555673671613,0.78466702101484,"ns"
"Candidatus_Udaeobacter","DB_Control - DB_Treated","DB_Control","Dunn",0.3742,"r (|Z|/sqrt(N))",1.1227,0.261555673671613,0.78466702101484,"ns"
"Reyranella","DB_Control - DB_Treated","DB_Control","Dunn",0.3742,"r (|Z|/sqrt(N))",1.1227,0.261555673671613,0.39233351050742,"ns"
"Microbacterium","DB_Treated - WT_Control","DB_Treated","Dunn",0.365,"r (|Z|/sqrt(N))",1.0949,0.273566301998069,0.410349452997103,"ns"
"Pediococcus","DB_Treated - WT_Control","WT_Control","Dunn",0.3633,"r (|Z|/sqrt(N))",-1.0899,0.275757847827509,0.413636771741264,"ns"
"Pedosphaeraceae","DB_Treated - WT_Control","DB_Treated","Dunn",0.3633,"r (|Z|/sqrt(N))",1.0899,0.275757847827509,0.275757847827509,"ns"
"Stenotrophomonas","DB_Control - WT_Control","DB_Control","Dunn",0.3538,"r (|Z|/sqrt(N))",1.0613,0.288536657947213,0.43280498692082,"ns"
"UCG-002","DB_Control - DB_Treated","DB_Control","Dunn",0.3523,"r (|Z|/sqrt(N))",1.0568,0.290606572519545,0.871819717558636,"ns"
"Aerococcus","DB_Control - DB_Treated","DB_Treated","Dunn",0.3508,"r (|Z|/sqrt(N))",-1.0523,0.292659895634124,0.877979686902372,"ns"
"Bacteroides","DB_Treated - WT_Control","WT_Control","Dunn",0.3493,"r (|Z|/sqrt(N))",-1.0479,0.294696817509162,0.442045226263744,"ns"
"Dorea","DB_Treated - WT_Control","WT_Control","Dunn",0.3493,"r (|Z|/sqrt(N))",-1.0479,0.294696817509162,0.442045226263744,"ns"
"Agathobacter","DB_Treated - WT_Control","WT_Control","Dunn",0.3493,"r (|Z|/sqrt(N))",-1.0479,0.294696817509162,0.442045226263744,"ns"
"Lachnospira","DB_Control - DB_Treated","DB_Control","Dunn",0.3493,"r (|Z|/sqrt(N))",1.0479,0.294696817509162,0.884090452527487,"ns"
"Sutterella","DB_Treated - WT_Control","WT_Control","Dunn",0.3493,"r (|Z|/sqrt(N))",-1.0479,0.294696817509162,0.442045226263744,"ns"
"Gardnerella","DB_Treated - WT_Control","WT_Control","Dunn",0.3493,"r (|Z|/sqrt(N))",-1.0479,0.294696817509162,0.442045226263744,"ns"
"Rubellimicrobium","DB_Control - WT_Control","DB_Control","Dunn",0.3493,"r (|Z|/sqrt(N))",1.0479,0.294696817509163,0.884090452527488,"ns"
"Candidatus_Arthromitus","DB_Control - DB_Treated","DB_Treated","Dunn",0.3478,"r (|Z|/sqrt(N))",-1.0435,0.29671752632206,0.890152578966181,"ns"
"Lachnospiraceae_NK4A136_group","DB_Treated - WT_Control","DB_Treated","Dunn",0.3478,"r (|Z|/sqrt(N))",1.0435,0.29671752632206,0.445076289483091,"ns"
"Corynebacterium","DB_Treated - WT_Control","WT_Control","Dunn",0.3478,"r (|Z|/sqrt(N))",-1.0435,0.29671752632206,0.445076289483091,"ns"
"Faecalibacterium","DB_Treated - WT_Control","WT_Control","Dunn",0.3478,"r (|Z|/sqrt(N))",-1.0435,0.29671752632206,0.445076289483091,"ns"
"Romboutsia","DB_Treated - WT_Control","DB_Treated","Dunn",0.3478,"r (|Z|/sqrt(N))",1.0435,0.29671752632206,0.890152578966181,"ns"
"Lachnoclostridium","DB_Treated - WT_Control","WT_Control","Dunn",0.3478,"r (|Z|/sqrt(N))",-1.0435,0.29671752632206,0.44507628948309,"ns"
"Subdoligranulum","DB_Treated - WT_Control","WT_Control","Dunn",0.3478,"r (|Z|/sqrt(N))",-1.0435,0.29671752632206,0.44507628948309,"ns"
"Fusicatenibacter","DB_Treated - WT_Control","WT_Control","Dunn",0.3478,"r (|Z|/sqrt(N))",-1.0435,0.29671752632206,0.445076289483091,"ns"
"Anaerotruncus","DB_Treated - WT_Control","DB_Treated","Dunn",0.3478,"r (|Z|/sqrt(N))",1.0435,0.29671752632206,0.445076289483091,"ns"
"Roseburia","DB_Treated - WT_Control","DB_Treated","Dunn",0.3478,"r (|Z|/sqrt(N))",1.0435,0.29671752632206,0.445076289483091,"ns"
"Anaerostipes","DB_Treated - WT_Control","WT_Control","Dunn",0.3478,"r (|Z|/sqrt(N))",-1.0435,0.29671752632206,0.44507628948309,"ns"
"Glutamicibacter","DB_Control - DB_Treated","DB_Control","Dunn",0.3402,"r (|Z|/sqrt(N))",-1.0206,0.307434165927395,0.922302497782186,"ns"
"Pantoea","DB_Control - WT_Control","DB_Control","Dunn",0.3402,"r (|Z|/sqrt(N))",-1.0206,0.307434165927395,0.922302497782186,"ns"
"Enorma","DB_Control - DB_Treated","DB_Control","Dunn",0.3402,"r (|Z|/sqrt(N))",1.0206,0.307434165927395,0.922302497782186,"ns"
"Leucobacter","DB_Control - DB_Treated","DB_Control","Dunn",0.3402,"r (|Z|/sqrt(N))",-1.0206,0.307434165927395,0.922302497782186,"ns"
"Dongia","DB_Control - DB_Treated","DB_Control","Dunn",0.3373,"r (|Z|/sqrt(N))",1.012,0.31151480355771,0.31151480355771,"ns"
"Subgroup_10","DB_Control - DB_Treated","DB_Control","Dunn",0.3282,"r (|Z|/sqrt(N))",0.9847,0.324755765402618,0.487133648103928,"ns"
"Gluconobacter","DB_Treated - WT_Control","WT_Control","Dunn",0.3267,"r (|Z|/sqrt(N))",-0.98,0.327106906854467,0.4906603602817,"ns"
"Lachnospiraceae_UCG-004","DB_Treated - WT_Control","DB_Treated","Dunn",0.3247,"r (|Z|/sqrt(N))",-0.9742,0.329968973291538,0.494953459937307,"ns"
"Klebsiella","DB_Control - WT_Control","DB_Control","Dunn",0.3247,"r (|Z|/sqrt(N))",-0.9742,0.329968973291538,0.494953459937307,"ns"
"Staphylococcus","DB_Control - DB_Treated","DB_Treated","Dunn",0.3243,"r (|Z|/sqrt(N))",-0.973,0.330540606205286,0.49581090930793,"ns"
"Rubellimicrobium","DB_Treated - WT_Control","DB_Treated","Dunn",0.3243,"r (|Z|/sqrt(N))",0.973,0.330540606205286,0.49581090930793,"ns"
"OM27_clade","DB_Control - WT_Control","DB_Control","Dunn",0.3114,"r (|Z|/sqrt(N))",0.9342,0.350201389179296,0.525302083768943,"ns"
"Rikenellaceae_RC9_gut_group","DB_Control - WT_Control","WT_Control","Dunn",0.3046,"r (|Z|/sqrt(N))",-0.9137,0.360893223489732,0.541339835234598,"ns"
"Catenibacterium","DB_Control - DB_Treated","DB_Control","Dunn",0.3046,"r (|Z|/sqrt(N))",0.9137,0.360893223489732,0.541339835234598,"ns"
"Catenibacterium","DB_Treated - WT_Control","WT_Control","Dunn",0.3046,"r (|Z|/sqrt(N))",-0.9137,0.360893223489732,1,"ns"
"Monoglobus","DB_Control - WT_Control","DB_Control","Dunn",0.3032,"r (|Z|/sqrt(N))",0.9097,0.36297143233983,0.36297143233983,"ns"
"Monoglobus","DB_Treated - WT_Control","WT_Control","Dunn",0.3032,"r (|Z|/sqrt(N))",-0.9097,0.36297143233983,0.544457148509746,"ns"
"Anaplasma","DB_Treated - WT_Control","WT_Control","Dunn",0.3007,"r (|Z|/sqrt(N))",-0.902,0.367070024098675,0.550605036148012,"ns"
"Candidatus_Midichloria","DB_Treated - WT_Control","WT_Control","Dunn",0.3007,"r (|Z|/sqrt(N))",-0.902,0.367070024098675,0.550605036148012,"ns"
"Desulfovibrio","DB_Control - DB_Treated","DB_Control","Dunn",0.2994,"r (|Z|/sqrt(N))",0.8982,0.36909096604728,1,"ns"
"Ruminococcus","DB_Control - DB_Treated","DB_Control","Dunn",0.2994,"r (|Z|/sqrt(N))",0.8982,0.36909096604728,0.55363644907092,"ns"
"Collinsella","DB_Treated - WT_Control","WT_Control","Dunn",0.2994,"r (|Z|/sqrt(N))",-0.8982,0.36909096604728,0.55363644907092,"ns"
"Candidatus_Udaeobacter","DB_Treated - WT_Control","WT_Control","Dunn",0.2994,"r (|Z|/sqrt(N))",-0.8982,0.36909096604728,0.55363644907092,"ns"
"Reyranella","DB_Treated - WT_Control","DB_Treated","Dunn",0.2994,"r (|Z|/sqrt(N))",0.8982,0.36909096604728,0.36909096604728,"ns"
"Ralstonia","DB_Control - WT_Control","WT_Control","Dunn",0.2981,"r (|Z|/sqrt(N))",-0.8944,0.371093369522698,1,"ns"
"Bifidobacterium","DB_Treated - WT_Control","WT_Control","Dunn",0.2981,"r (|Z|/sqrt(N))",-0.8944,0.371093369522698,0.556640054284047,"ns"
"Helicobacter","DB_Control - DB_Treated","DB_Treated","Dunn",0.2981,"r (|Z|/sqrt(N))",-0.8944,0.371093369522698,0.556640054284047,"ns"
"Alistipes","DB_Control - WT_Control","WT_Control","Dunn",0.2981,"r (|Z|/sqrt(N))",-0.8944,0.371093369522698,1,"ns"
"Mucispirillum","DB_Treated - WT_Control","DB_Treated","Dunn",0.2981,"r (|Z|/sqrt(N))",0.8944,0.371093369522698,0.556640054284046,"ns"
"Rickettsia","DB_Control - WT_Control","DB_Control","Dunn",0.2981,"r (|Z|/sqrt(N))",0.8944,0.371093369522698,0.556640054284046,"ns"
"Others","DB_Control - WT_Control","DB_Control","Dunn",0.2981,"r (|Z|/sqrt(N))",0.8944,0.371093369522698,1,"ns"
"JG30-KF-CM45","DB_Control - DB_Treated","DB_Control","Dunn",0.2868,"r (|Z|/sqrt(N))",0.8603,0.389641286425683,1,"ns"
"Pseudonocardia","DB_Treated - WT_Control","DB_Treated","Dunn",0.2868,"r (|Z|/sqrt(N))",0.8603,0.389641286425683,0.584461929638524,"ns"
"Amaricoccus","DB_Treated - WT_Control","DB_Treated","Dunn",0.2854,"r (|Z|/sqrt(N))",0.8563,0.39180485461851,0.587707281927764,"ns"
"0319-7L14","DB_Control - DB_Treated","DB_Control","Dunn",0.2854,"r (|Z|/sqrt(N))",0.8563,0.391804854618509,1,"ns"
"Akkermansia","DB_Control - DB_Treated","DB_Control","Dunn",0.2744,"r (|Z|/sqrt(N))",0.8233,0.410320751715745,1,"ns"
"Turicibacter","DB_Control - WT_Control","DB_Control","Dunn",0.2744,"r (|Z|/sqrt(N))",0.8233,0.410320751715745,1,"ns"
"Oscillibacter","DB_Treated - WT_Control","WT_Control","Dunn",0.2744,"r (|Z|/sqrt(N))",-0.8233,0.410320751715745,1,"ns"
"Agathobacter","DB_Control - WT_Control","DB_Control","Dunn",0.2744,"r (|Z|/sqrt(N))",0.8233,0.410320751715745,0.410320751715745,"ns"
"Megasphaera","DB_Control - DB_Treated","DB_Control","Dunn",0.2744,"r (|Z|/sqrt(N))",0.8233,0.410320751715745,1,"ns"
"Gardnerella","DB_Control - WT_Control","DB_Control","Dunn",0.2744,"r (|Z|/sqrt(N))",0.8233,0.410320751715745,0.410320751715745,"ns"
"Skermanella","DB_Treated - WT_Control","DB_Treated","Dunn",0.2722,"r (|Z|/sqrt(N))",0.8165,0.414216178242525,0.414216178242525,"ns"
"Arthrobacter","DB_Control - DB_Treated","DB_Control","Dunn",0.2722,"r (|Z|/sqrt(N))",0.8165,0.414216178242525,0.621324267363788,"ns"
"Glutamicibacter","DB_Control - WT_Control","DB_Control","Dunn",0.2722,"r (|Z|/sqrt(N))",-0.8165,0.414216178242525,0.621324267363788,"ns"
"Fusobacterium","DB_Treated - WT_Control","WT_Control","Dunn",0.2722,"r (|Z|/sqrt(N))",-0.8165,0.414216178242525,0.621324267363788,"ns"
"Pantoea","DB_Control - DB_Treated","DB_Control","Dunn",0.2722,"r (|Z|/sqrt(N))",-0.8165,0.414216178242525,0.621324267363788,"ns"
"Enorma","DB_Treated - WT_Control","DB_Treated","Dunn",0.2722,"r (|Z|/sqrt(N))",-0.8165,0.414216178242525,0.621324267363788,"ns"
"Leucobacter","DB_Control - WT_Control","DB_Control","Dunn",0.2722,"r (|Z|/sqrt(N))",-0.8165,0.414216178242525,0.621324267363788,"ns"
"BIrii41","DB_Control - DB_Treated","DB_Control","Dunn",0.2722,"r (|Z|/sqrt(N))",0.8165,0.414216178242525,0.621324267363788,"ns"
"Mycobacterium","DB_Control - DB_Treated","DB_Control","Dunn",0.2722,"r (|Z|/sqrt(N))",0.8165,0.414216178242525,0.621324267363788,"ns"
"Ruminococcus_gnavus_group","DB_Control - DB_Treated","DB_Control","Dunn",0.2722,"r (|Z|/sqrt(N))",0.8165,0.414216178242525,1,"ns"
"Parviterribacter","DB_Control - DB_Treated","DB_Control","Dunn",0.2722,"r (|Z|/sqrt(N))",0.8165,0.414216178242525,0.621324267363788,"ns"
"Pseudolabrys","DB_Treated - WT_Control","DB_Treated","Dunn",0.2722,"r (|Z|/sqrt(N))",0.8165,0.414216178242525,0.414216178242525,"ns"
"Methyloversatilis","DB_Control - DB_Treated","DB_Control","Dunn",0.2657,"r (|Z|/sqrt(N))",-0.7971,0.425420020469349,0.425420020469349,"ns"
"Methyloversatilis","DB_Treated - WT_Control","WT_Control","Dunn",0.2657,"r (|Z|/sqrt(N))",-0.7971,0.425420020469349,0.638130030704023,"ns"
"Microlunatus","DB_Control - DB_Treated","DB_Control","Dunn",0.2657,"r (|Z|/sqrt(N))",0.7971,0.425420020469349,0.425420020469349,"ns"
"Microlunatus","DB_Treated - WT_Control","DB_Treated","Dunn",0.2657,"r (|Z|/sqrt(N))",0.7971,0.425420020469349,0.638130030704023,"ns"
"Rubrobacter","DB_Control - DB_Treated","DB_Control","Dunn",0.2657,"r (|Z|/sqrt(N))",0.7971,0.425420020469349,0.425420020469349,"ns"
"Rubrobacter","DB_Treated - WT_Control","DB_Treated","Dunn",0.2657,"r (|Z|/sqrt(N))",0.7971,0.425420020469349,0.638130030704023,"ns"
"Iamia","DB_Control - DB_Treated","DB_Control","Dunn",0.2657,"r (|Z|/sqrt(N))",0.7971,0.425420020469349,0.425420020469349,"ns"
"Iamia","DB_Treated - WT_Control","DB_Treated","Dunn",0.2657,"r (|Z|/sqrt(N))",0.7971,0.425420020469349,0.638130030704023,"ns"
"Geodermatophilus","DB_Control - DB_Treated","DB_Control","Dunn",0.2657,"r (|Z|/sqrt(N))",0.7971,0.425420020469349,0.425420020469349,"ns"
"Geodermatophilus","DB_Treated - WT_Control","DB_Treated","Dunn",0.2657,"r (|Z|/sqrt(N))",0.7971,0.425420020469349,0.638130030704023,"ns"
"Candidatus_Alysiosphaera","DB_Control - DB_Treated","DB_Control","Dunn",0.2657,"r (|Z|/sqrt(N))",0.7971,0.425420020469349,0.425420020469349,"ns"
"Candidatus_Alysiosphaera","DB_Treated - WT_Control","DB_Treated","Dunn",0.2657,"r (|Z|/sqrt(N))",0.7971,0.425420020469349,0.638130030704023,"ns"
"Noviherbaspirillum","DB_Control - DB_Treated","DB_Control","Dunn",0.2657,"r (|Z|/sqrt(N))",0.7971,0.425420020469349,0.425420020469349,"ns"
"Noviherbaspirillum","DB_Treated - WT_Control","DB_Treated","Dunn",0.2657,"r (|Z|/sqrt(N))",0.7971,0.425420020469349,0.638130030704023,"ns"
"AKIW781","DB_Control - DB_Treated","DB_Control","Dunn",0.2657,"r (|Z|/sqrt(N))",0.7971,0.425420020469349,0.425420020469349,"ns"
"AKIW781","DB_Treated - WT_Control","DB_Treated","Dunn",0.2657,"r (|Z|/sqrt(N))",0.7971,0.425420020469349,0.638130030704023,"ns"
"Ammoniphilus","DB_Control - DB_Treated","DB_Control","Dunn",0.2657,"r (|Z|/sqrt(N))",0.7971,0.425420020469349,0.425420020469349,"ns"
"Ammoniphilus","DB_Treated - WT_Control","DB_Treated","Dunn",0.2657,"r (|Z|/sqrt(N))",0.7971,0.425420020469349,0.638130030704023,"ns"
"Micromonospora","DB_Control - DB_Treated","DB_Control","Dunn",0.2657,"r (|Z|/sqrt(N))",0.7971,0.425420020469349,0.425420020469349,"ns"
"Micromonospora","DB_Treated - WT_Control","DB_Treated","Dunn",0.2657,"r (|Z|/sqrt(N))",0.7971,0.425420020469349,0.638130030704023,"ns"
"CCD24","DB_Control - DB_Treated","DB_Control","Dunn",0.2657,"r (|Z|/sqrt(N))",0.7971,0.425420020469349,0.425420020469349,"ns"
"CCD24","DB_Treated - WT_Control","DB_Treated","Dunn",0.2657,"r (|Z|/sqrt(N))",0.7971,0.425420020469349,0.638130030704023,"ns"
"Planifilum","DB_Control - DB_Treated","DB_Control","Dunn",0.2657,"r (|Z|/sqrt(N))",0.7971,0.425420020469349,0.425420020469349,"ns"
"Planifilum","DB_Treated - WT_Control","DB_Treated","Dunn",0.2657,"r (|Z|/sqrt(N))",0.7971,0.425420020469349,0.638130030704023,"ns"
"Roseomonas","DB_Control - DB_Treated","DB_Control","Dunn",0.2657,"r (|Z|/sqrt(N))",0.7971,0.425420020469349,0.425420020469349,"ns"
"Roseomonas","DB_Treated - WT_Control","DB_Treated","Dunn",0.2657,"r (|Z|/sqrt(N))",0.7971,0.425420020469349,0.638130030704023,"ns"
"OLB14","DB_Control - DB_Treated","DB_Control","Dunn",0.2657,"r (|Z|/sqrt(N))",0.7971,0.425420020469349,0.425420020469349,"ns"
"OLB14","DB_Treated - WT_Control","DB_Treated","Dunn",0.2657,"r (|Z|/sqrt(N))",0.7971,0.425420020469349,0.638130030704023,"ns"
"Pedomicrobium","DB_Treated - WT_Control","DB_Treated","Dunn",0.2619,"r (|Z|/sqrt(N))",0.7857,0.432058381141893,0.648087571712839,"ns"
"Weissella","DB_Control - WT_Control","WT_Control","Dunn",0.2607,"r (|Z|/sqrt(N))",-0.7821,0.434178204011595,1,"ns"
"JG30-KF-CM45","DB_Control - WT_Control","DB_Control","Dunn",0.2607,"r (|Z|/sqrt(N))",0.7821,0.434178204011595,0.651267306017392,"ns"
"Comamonas","DB_Control - WT_Control","DB_Control","Dunn",0.2595,"r (|Z|/sqrt(N))",0.7785,0.436274928840529,0.654412393260794,"ns"
"0319-7L14","DB_Control - WT_Control","DB_Control","Dunn",0.2595,"r (|Z|/sqrt(N))",0.7785,0.436274928840529,0.654412393260794,"ns"
"Acidibacter","DB_Control - DB_Treated","DB_Control","Dunn",0.2595,"r (|Z|/sqrt(N))",0.7785,0.436274928840529,0.654412393260794,"ns"
"Nocardioides","DB_Control - DB_Treated","DB_Control","Dunn",0.2527,"r (|Z|/sqrt(N))",0.7581,0.448392290843453,0.448392290843453,"ns"
"Solirubrobacter","DB_Treated - WT_Control","DB_Treated","Dunn",0.2527,"r (|Z|/sqrt(N))",0.7581,0.448392290843453,0.448392290843453,"ns"
"Deep_Sea_Euryarchaeotic_Group(DSEG)","DB_Control - DB_Treated","DB_Treated","Dunn",0.2527,"r (|Z|/sqrt(N))",-0.7581,0.448392290843453,0.448392290843453,"ns"
"Mangrovibacter","DB_Treated - WT_Control","WT_Control","Dunn",0.2527,"r (|Z|/sqrt(N))",-0.7581,0.448392290843453,0.448392290843453,"ns"
"UCG-002","DB_Treated - WT_Control","WT_Control","Dunn",0.2516,"r (|Z|/sqrt(N))",-0.7549,0.450338175508211,0.675507263262316,"ns"
"Aerococcus","DB_Control - WT_Control","WT_Control","Dunn",0.2505,"r (|Z|/sqrt(N))",-0.7516,0.452263955585368,0.678395933378052,"ns"
"Rodentibacter","DB_Treated - WT_Control","DB_Treated","Dunn",0.2495,"r (|Z|/sqrt(N))",0.7485,0.454169967545684,0.454169967545684,"ns"
"Akkermansia","DB_Treated - WT_Control","WT_Control","Dunn",0.2495,"r (|Z|/sqrt(N))",-0.7485,0.454169967545685,0.681254951318527,"ns"
"Turicibacter","DB_Control - DB_Treated","DB_Control","Dunn",0.2495,"r (|Z|/sqrt(N))",0.7485,0.454169967545684,0.681254951318527,"ns"
"Oscillibacter","DB_Control - WT_Control","WT_Control","Dunn",0.2495,"r (|Z|/sqrt(N))",-0.7485,0.454169967545684,0.681254951318527,"ns"
"Paracoccus","DB_Control - DB_Treated","DB_Treated","Dunn",0.2495,"r (|Z|/sqrt(N))",-0.7485,0.454169967545684,0.681254951318527,"ns"
"Paracoccus","DB_Control - WT_Control","DB_Control","Dunn",0.2495,"r (|Z|/sqrt(N))",0.7485,0.454169967545685,0.454169967545685,"ns"
"Lachnospira","DB_Treated - WT_Control","WT_Control","Dunn",0.2495,"r (|Z|/sqrt(N))",-0.7485,0.454169967545685,0.681254951318527,"ns"
"Megasphaera","DB_Treated - WT_Control","WT_Control","Dunn",0.2495,"r (|Z|/sqrt(N))",-0.7485,0.454169967545685,0.681254951318527,"ns"
"IMCC26256","DB_Treated - WT_Control","DB_Treated","Dunn",0.2495,"r (|Z|/sqrt(N))",0.7485,0.454169967545685,0.454169967545685,"ns"
"Streptococcus","DB_Treated - WT_Control","DB_Treated","Dunn",0.2485,"r (|Z|/sqrt(N))",0.7454,0.456056540250256,1,"ns"
"Candidatus_Arthromitus","DB_Treated - WT_Control","DB_Treated","Dunn",0.2485,"r (|Z|/sqrt(N))",0.7454,0.456056540250256,0.684084810375384,"ns"
"Romboutsia","DB_Control - DB_Treated","DB_Treated","Dunn",0.2485,"r (|Z|/sqrt(N))",-0.7454,0.456056540250256,0.684084810375384,"ns"
"Acinetobacter","DB_Control - WT_Control","DB_Control","Dunn",0.2485,"r (|Z|/sqrt(N))",0.7454,0.456056540250256,1,"ns"
"Lactococcus","DB_Control - WT_Control","DB_Control","Dunn",0.2485,"r (|Z|/sqrt(N))",0.7454,0.456056540250256,0.456056540250256,"ns"
"Chloroplast","DB_Control - DB_Treated","DB_Control","Dunn",0.2485,"r (|Z|/sqrt(N))",0.7454,0.456056540250256,1,"ns"
"Gluconobacter","DB_Control - DB_Treated","DB_Control","Dunn",0.2376,"r (|Z|/sqrt(N))",-0.7127,0.47603349294243,0.47603349294243,"ns"
"Barnesiella","DB_Treated - WT_Control","WT_Control","Dunn",0.2335,"r (|Z|/sqrt(N))",-0.7006,0.483522059868049,0.725283089802073,"ns"
"Intestinimonas","DB_Control - DB_Treated","DB_Treated","Dunn",0.2335,"r (|Z|/sqrt(N))",-0.7006,0.483522059868049,0.725283089802073,"ns"
"Intestinimonas","DB_Control - WT_Control","WT_Control","Dunn",0.2335,"r (|Z|/sqrt(N))",-0.7006,0.483522059868049,1,"ns"
"Streptomyces","DB_Control - DB_Treated","DB_Control","Dunn",0.2284,"r (|Z|/sqrt(N))",0.6852,0.493187256885258,0.739780885327887,"ns"
"Rikenellaceae_RC9_gut_group","DB_Control - DB_Treated","DB_Control","Dunn",0.2284,"r (|Z|/sqrt(N))",0.6852,0.493187256885258,0.493187256885258,"ns"
"Eubacterium_eligens_group","DB_Treated - WT_Control","WT_Control","Dunn",0.2284,"r (|Z|/sqrt(N))",-0.6852,0.493187256885258,1,"ns"
"Lachnospiraceae_ND3007_group","DB_Control - WT_Control","DB_Control","Dunn",0.2284,"r (|Z|/sqrt(N))",0.6852,0.493187256885258,0.739780885327887,"ns"
"Megamonas","DB_Control - DB_Treated","DB_Control","Dunn",0.2255,"r (|Z|/sqrt(N))",0.6765,0.498735035366122,0.748102553049182,"ns"
"Megamonas","DB_Treated - WT_Control","WT_Control","Dunn",0.2255,"r (|Z|/sqrt(N))",-0.6765,0.498735035366122,1,"ns"
"Coprococcus","DB_Control - WT_Control","DB_Control","Dunn",0.2255,"r (|Z|/sqrt(N))",0.6765,0.498735035366122,0.498735035366122,"ns"
"Serratia","DB_Control - DB_Treated","DB_Control","Dunn",0.2255,"r (|Z|/sqrt(N))",0.6765,0.498735035366122,0.748102553049182,"ns"
"Serratia","DB_Control - WT_Control","DB_Control","Dunn",0.2255,"r (|Z|/sqrt(N))",0.6765,0.498735035366122,1,"ns"
"Desulfovibrio","DB_Control - WT_Control","DB_Control","Dunn",0.2245,"r (|Z|/sqrt(N))",0.6736,0.500544623244332,0.750816934866498,"ns"
"UCG-005","DB_Treated - WT_Control","WT_Control","Dunn",0.2245,"r (|Z|/sqrt(N))",-0.6736,0.500544623244332,0.750816934866498,"ns"
"Kocuria","DB_Control - WT_Control","DB_Control","Dunn",0.2245,"r (|Z|/sqrt(N))",0.6736,0.500544623244332,1,"ns"
"Porphyromonas","DB_Control - DB_Treated","DB_Treated","Dunn",0.2177,"r (|Z|/sqrt(N))",-0.6532,0.513629113393124,1,"ns"
"Enterobacter","DB_Treated - WT_Control","DB_Treated","Dunn",0.2177,"r (|Z|/sqrt(N))",-0.6532,0.513629113393124,0.513629113393124,"ns"
"Ruminococcus_gnavus_group","DB_Control - WT_Control","DB_Control","Dunn",0.2177,"r (|Z|/sqrt(N))",0.6532,0.513629113393124,0.770443670089686,"ns"
"Ilumatobacter","DB_Treated - WT_Control","DB_Treated","Dunn",0.2177,"r (|Z|/sqrt(N))",0.6532,0.513629113393124,0.513629113393124,"ns"
"Virgisporangium","DB_Treated - WT_Control","DB_Treated","Dunn",0.2177,"r (|Z|/sqrt(N))",0.6532,0.513629113393124,0.513629113393124,"ns"
"Weissella","DB_Control - DB_Treated","DB_Treated","Dunn",0.2085,"r (|Z|/sqrt(N))",-0.6256,0.531544857238088,0.797317285857133,"ns"
"Amaricoccus","DB_Control - DB_Treated","DB_Control","Dunn",0.2076,"r (|Z|/sqrt(N))",0.6228,0.533416513472694,0.533416513472694,"ns"
"Agromyces","DB_Treated - WT_Control","DB_Treated","Dunn",0.2066,"r (|Z|/sqrt(N))",0.6199,0.535303597246301,0.535303597246301,"ns"
"Raoultella","DB_Treated - WT_Control","DB_Treated","Dunn",0.2066,"r (|Z|/sqrt(N))",-0.6199,0.535303597246301,0.535303597246301,"ns"
"Steroidobacter","DB_Treated - WT_Control","DB_Treated","Dunn",0.2066,"r (|Z|/sqrt(N))",0.6199,0.535303597246301,0.535303597246301,"ns"
"AKYG1722","DB_Treated - WT_Control","DB_Treated","Dunn",0.2066,"r (|Z|/sqrt(N))",0.6199,0.535303597246301,0.535303597246301,"ns"
"Gemella","DB_Control - DB_Treated","DB_Control","Dunn",0.2066,"r (|Z|/sqrt(N))",-0.6199,0.535303597246301,0.535303597246301,"ns"
"Actinoplanes","DB_Treated - WT_Control","DB_Treated","Dunn",0.2066,"r (|Z|/sqrt(N))",0.6199,0.535303597246301,0.535303597246301,"ns"
"Kribbella","DB_Treated - WT_Control","DB_Treated","Dunn",0.2066,"r (|Z|/sqrt(N))",0.6199,0.535303597246301,0.535303597246301,"ns"
"Pseudochrobactrum","DB_Control - WT_Control","DB_Control","Dunn",0.2066,"r (|Z|/sqrt(N))",-0.6199,0.535303597246301,0.535303597246301,"ns"
"Steroidobacteraceae","DB_Treated - WT_Control","DB_Treated","Dunn",0.2066,"r (|Z|/sqrt(N))",0.6199,0.535303597246301,0.535303597246301,"ns"
"Limnochordaceae","DB_Treated - WT_Control","DB_Treated","Dunn",0.2066,"r (|Z|/sqrt(N))",0.6199,0.535303597246301,0.535303597246301,"ns"
"Nonomuraea","DB_Treated - WT_Control","DB_Treated","Dunn",0.2066,"r (|Z|/sqrt(N))",0.6199,0.535303597246301,0.535303597246301,"ns"
"Roseisolibacter","DB_Treated - WT_Control","DB_Treated","Dunn",0.2066,"r (|Z|/sqrt(N))",0.6199,0.535303597246301,0.535303597246301,"ns"
"Pontibacter","DB_Treated - WT_Control","DB_Treated","Dunn",0.2066,"r (|Z|/sqrt(N))",0.6199,0.535303597246301,0.535303597246301,"ns"
"Nitrosospira","DB_Treated - WT_Control","DB_Treated","Dunn",0.2066,"r (|Z|/sqrt(N))",0.6199,0.535303597246301,0.535303597246301,"ns"
"Sandaracinus","DB_Treated - WT_Control","DB_Treated","Dunn",0.2066,"r (|Z|/sqrt(N))",0.6199,0.535303597246301,0.535303597246301,"ns"
"Nocardia","DB_Treated - WT_Control","DB_Treated","Dunn",0.2066,"r (|Z|/sqrt(N))",0.6199,0.535303597246301,0.535303597246301,"ns"
"Candidatus_Entotheonella","DB_Treated - WT_Control","DB_Treated","Dunn",0.2066,"r (|Z|/sqrt(N))",0.6199,0.535303597246301,0.535303597246301,"ns"
"Dactylosporangium","DB_Treated - WT_Control","DB_Treated","Dunn",0.2066,"r (|Z|/sqrt(N))",0.6199,0.535303597246301,0.535303597246301,"ns"
"Stenotrophomonas","DB_Treated - WT_Control","WT_Control","Dunn",0.2022,"r (|Z|/sqrt(N))",-0.6065,0.544197098267807,0.544197098267807,"ns"
"Bilophila","DB_Treated - WT_Control","WT_Control","Dunn",0.2022,"r (|Z|/sqrt(N))",-0.6065,0.544197098267806,1,"ns"
"Dialister","DB_Treated - WT_Control","WT_Control","Dunn",0.2004,"r (|Z|/sqrt(N))",-0.6013,0.547628987109314,1,"ns"
"Enterococcus","DB_Control - WT_Control","WT_Control","Dunn",0.1996,"r (|Z|/sqrt(N))",-0.5988,0.549316299084712,1,"ns"
"Eubacterium_hallii_group","DB_Treated - WT_Control","WT_Control","Dunn",0.1996,"r (|Z|/sqrt(N))",-0.5988,0.549316299084713,1,"ns"
"Devosia","DB_Treated - WT_Control","DB_Treated","Dunn",0.1996,"r (|Z|/sqrt(N))",0.5988,0.549316299084712,0.549316299084712,"ns"
"Streptococcus","DB_Control - DB_Treated","DB_Treated","Dunn",0.1988,"r (|Z|/sqrt(N))",-0.5963,0.550984987585094,0.82647748137764,"ns"
"Muribaculaceae","DB_Control - DB_Treated","DB_Treated","Dunn",0.1988,"r (|Z|/sqrt(N))",-0.5963,0.550984987585094,0.550984987585094,"ns"
"Muribaculaceae","DB_Treated - WT_Control","WT_Control","Dunn",0.1988,"r (|Z|/sqrt(N))",-0.5963,0.550984987585094,0.82647748137764,"ns"
"Corynebacterium","DB_Control - DB_Treated","DB_Treated","Dunn",0.1988,"r (|Z|/sqrt(N))",-0.5963,0.550984987585094,0.550984987585094,"ns"
"Clostridia_UCG-014","DB_Control - DB_Treated","DB_Control","Dunn",0.1988,"r (|Z|/sqrt(N))",0.5963,0.550984987585093,1,"ns"
"Blautia","DB_Control - DB_Treated","DB_Control","Dunn",0.1988,"r (|Z|/sqrt(N))",0.5963,0.550984987585093,1,"ns"
"Faecalibacterium","DB_Control - WT_Control","WT_Control","Dunn",0.1988,"r (|Z|/sqrt(N))",0.5963,0.550984987585093,0.550984987585093,"ns"
"Ruminococcus_torques_group","DB_Control - DB_Treated","DB_Control","Dunn",0.1988,"r (|Z|/sqrt(N))",0.5963,0.550984987585093,1,"ns"
"Prevotella","DB_Control - WT_Control","WT_Control","Dunn",0.1988,"r (|Z|/sqrt(N))",-0.5963,0.550984987585094,0.550984987585094,"ns"
"Clostridium_sensu_stricto_1","DB_Treated - WT_Control","DB_Treated","Dunn",0.1988,"r (|Z|/sqrt(N))",0.5963,0.550984987585093,1,"ns"
"Acinetobacter","DB_Treated - WT_Control","DB_Treated","Dunn",0.1988,"r (|Z|/sqrt(N))",0.5963,0.550984987585094,0.82647748137764,"ns"
"Fusicatenibacter","DB_Control - WT_Control","WT_Control","Dunn",0.1988,"r (|Z|/sqrt(N))",0.5963,0.550984987585093,0.550984987585093,"ns"
"Chloroplast","DB_Treated - WT_Control","WT_Control","Dunn",0.1988,"r (|Z|/sqrt(N))",-0.5963,0.550984987585094,0.82647748137764,"ns"
"Roseburia","DB_Control - DB_Treated","DB_Control","Dunn",0.1988,"r (|Z|/sqrt(N))",0.5963,0.550984987585093,0.550984987585093,"ns"
"Dubosiella","DB_Control - DB_Treated","DB_Control","Dunn",0.1988,"r (|Z|/sqrt(N))",0.5963,0.550984987585094,0.550984987585094,"ns"
"Dubosiella","DB_Treated - WT_Control","DB_Treated","Dunn",0.1988,"r (|Z|/sqrt(N))",0.5963,0.550984987585094,0.82647748137764,"ns"
"Pedomicrobium","DB_Control - DB_Treated","DB_Control","Dunn",0.1833,"r (|Z|/sqrt(N))",0.55,0.582338619101352,0.582338619101352,"ns"
"Comamonas","DB_Treated - WT_Control","WT_Control","Dunn",0.1816,"r (|Z|/sqrt(N))",-0.5449,0.585788414809363,0.585788414809363,"ns"
"Acidibacter","DB_Treated - WT_Control","DB_Treated","Dunn",0.1816,"r (|Z|/sqrt(N))",0.5449,0.585788414809363,0.585788414809363,"ns"
"Dialister","DB_Control - DB_Treated","DB_Treated","Dunn",0.1754,"r (|Z|/sqrt(N))",0.5262,0.598782448828712,0.898173673243068,"ns"
"Staphylococcus","DB_Treated - WT_Control","WT_Control","Dunn",0.1746,"r (|Z|/sqrt(N))",-0.5239,0.600322475910712,0.600322475910712,"ns"
"Eubacterium_hallii_group","DB_Control - DB_Treated","DB_Treated","Dunn",0.1746,"r (|Z|/sqrt(N))",0.5239,0.600322475910712,0.900483713866068,"ns"
"Erysipelatoclostridium","DB_Control - WT_Control","DB_Control","Dunn",0.1746,"r (|Z|/sqrt(N))",0.5239,0.600322475910712,1,"ns"
"Barnesiella","DB_Control - WT_Control","DB_Control","Dunn",0.1557,"r (|Z|/sqrt(N))",0.4671,0.640428787412791,0.640428787412791,"ns"
"Streptomyces","DB_Treated - WT_Control","DB_Treated","Dunn",0.1523,"r (|Z|/sqrt(N))",0.4568,0.647791664829312,0.647791664829312,"ns"
"Neisseria","DB_Control - WT_Control","DB_Control","Dunn",0.1523,"r (|Z|/sqrt(N))",0.4568,0.647791664829311,0.971687497243967,"ns"
"Neisseria","DB_Treated - WT_Control","DB_Treated","Dunn",0.1523,"r (|Z|/sqrt(N))",0.4568,0.647791664829311,1,"ns"
"Eubacterium_eligens_group","DB_Control - DB_Treated","DB_Control","Dunn",0.1523,"r (|Z|/sqrt(N))",0.4568,0.647791664829311,0.971687497243967,"ns"
"SC-I-84","DB_Treated - WT_Control","DB_Treated","Dunn",0.1523,"r (|Z|/sqrt(N))",0.4568,0.647791664829311,0.647791664829311,"ns"
"Lachnospiraceae_ND3007_group","DB_Treated - WT_Control","WT_Control","Dunn",0.1523,"r (|Z|/sqrt(N))",-0.4568,0.647791664829312,0.647791664829312,"ns"
"Coriobacteriaceae_UCG-002","DB_Control - WT_Control","DB_Control","Dunn",0.1497,"r (|Z|/sqrt(N))",-0.4491,0.6533676621999,0.6533676621999,"ns"
"Haemophilus","DB_Treated - WT_Control","WT_Control","Dunn",0.1497,"r (|Z|/sqrt(N))",-0.4491,0.6533676621999,1,"ns"
"Massilia","DB_Treated - WT_Control","WT_Control","Dunn",0.1497,"r (|Z|/sqrt(N))",0.4491,0.6533676621999,0.6533676621999,"ns"
"UCG-005","DB_Control - DB_Treated","DB_Treated","Dunn",0.1497,"r (|Z|/sqrt(N))",-0.4491,0.6533676621999,0.6533676621999,"ns"
"Proteus","DB_Control - WT_Control","WT_Control","Dunn",0.1497,"r (|Z|/sqrt(N))",-0.4491,0.6533676621999,0.6533676621999,"ns"
"Haliangium","DB_Treated - WT_Control","DB_Treated","Dunn",0.1497,"r (|Z|/sqrt(N))",0.4491,0.6533676621999,0.6533676621999,"ns"
"Kocuria","DB_Control - DB_Treated","DB_Control","Dunn",0.1497,"r (|Z|/sqrt(N))",0.4491,0.6533676621999,0.98005149329985,"ns"
"Rokubacteriales","DB_Treated - WT_Control","DB_Treated","Dunn",0.1497,"r (|Z|/sqrt(N))",0.4491,0.6533676621999,0.6533676621999,"ns"
"Pseudomonas","DB_Control - DB_Treated","DB_Control","Dunn",0.1491,"r (|Z|/sqrt(N))",0.4472,0.654720846018577,0.654720846018577,"ns"
"Lactobacillus","DB_Control - WT_Control","WT_Control","Dunn",0.1491,"r (|Z|/sqrt(N))",-0.4472,0.654720846018577,0.654720846018577,"ns"
"Ralstonia","DB_Control - DB_Treated","DB_Treated","Dunn",0.1491,"r (|Z|/sqrt(N))",-0.4472,0.654720846018577,0.654720846018577,"ns"
"Ralstonia","DB_Treated - WT_Control","WT_Control","Dunn",0.1491,"r (|Z|/sqrt(N))",-0.4472,0.654720846018577,0.982081269027866,"ns"
"Bifidobacterium","DB_Control - WT_Control","DB_Control","Dunn",0.1491,"r (|Z|/sqrt(N))",0.4472,0.654720846018577,0.654720846018577,"ns"
"Helicobacter","DB_Treated - WT_Control","WT_Control","Dunn",0.1491,"r (|Z|/sqrt(N))",-0.4472,0.654720846018577,0.654720846018577,"ns"
"Alistipes","DB_Control - DB_Treated","DB_Treated","Dunn",0.1491,"r (|Z|/sqrt(N))",-0.4472,0.654720846018577,0.654720846018577,"ns"
"Alistipes","DB_Treated - WT_Control","WT_Control","Dunn",0.1491,"r (|Z|/sqrt(N))",-0.4472,0.654720846018577,0.982081269027866,"ns"
"Cutibacterium","DB_Control - WT_Control","DB_Control","Dunn",0.1491,"r (|Z|/sqrt(N))",0.4472,0.654720846018577,0.982081269027866,"ns"
"Cutibacterium","DB_Treated - WT_Control","DB_Treated","Dunn",0.1491,"r (|Z|/sqrt(N))",0.4472,0.654720846018577,1,"ns"
"Mucispirillum","DB_Control - WT_Control","WT_Control","Dunn",0.1491,"r (|Z|/sqrt(N))",-0.4472,0.654720846018577,0.654720846018577,"ns"
"Clostridia_vadinBB60_group","DB_Control - DB_Treated","DB_Control","Dunn",0.1491,"r (|Z|/sqrt(N))",-0.4472,0.654720846018577,0.982081269027866,"ns"
"Clostridia_vadinBB60_group","DB_Treated - WT_Control","DB_Treated","Dunn",0.1491,"r (|Z|/sqrt(N))",0.4472,0.654720846018577,1,"ns"
"KD4-96","DB_Treated - WT_Control","WT_Control","Dunn",0.1491,"r (|Z|/sqrt(N))",0.4472,0.654720846018577,0.654720846018577,"ns"
"Rickettsia","DB_Treated - WT_Control","WT_Control","Dunn",0.1491,"r (|Z|/sqrt(N))",-0.4472,0.654720846018577,0.654720846018577,"ns"
"Brevundimonas","DB_Treated - WT_Control","WT_Control","Dunn",0.1491,"r (|Z|/sqrt(N))",-0.4472,0.654720846018577,0.654720846018577,"ns"
"Others","DB_Control - DB_Treated","DB_Control","Dunn",0.1491,"r (|Z|/sqrt(N))",0.4472,0.654720846018577,0.654720846018577,"ns"
"Others","DB_Treated - WT_Control","DB_Treated","Dunn",0.1491,"r (|Z|/sqrt(N))",0.4472,0.654720846018577,0.982081269027866,"ns"
"Lachnospiraceae_UCG-004","DB_Control - WT_Control","DB_Control","Dunn",0.1476,"r (|Z|/sqrt(N))",0.4428,0.657905019428482,0.657905019428482,"ns"
"Klebsiella","DB_Treated - WT_Control","DB_Treated","Dunn",0.1476,"r (|Z|/sqrt(N))",0.4428,0.657905019428482,0.657905019428482,"ns"
"Pseudonocardia","DB_Control - DB_Treated","DB_Control","Dunn",0.1303,"r (|Z|/sqrt(N))",0.391,0.695774363590538,0.695774363590538,"ns"
"Acidothermus","DB_Treated - WT_Control","WT_Control","Dunn",0.1258,"r (|Z|/sqrt(N))",-0.3774,0.70585728718337,0.70585728718337,"ns"
"Gaiella","DB_Treated - WT_Control","DB_Treated","Dunn",0.1253,"r (|Z|/sqrt(N))",0.3758,0.707048477270219,0.707048477270219,"ns"
"Bacteroides","DB_Control - WT_Control","WT_Control","Dunn",0.1247,"r (|Z|/sqrt(N))",0.3742,0.708225324794479,0.708225324794479,"ns"
"Dorea","DB_Control - WT_Control","WT_Control","Dunn",0.1247,"r (|Z|/sqrt(N))",0.3742,0.708225324794479,0.708225324794479,"ns"
"Erysipelatoclostridium","DB_Control - DB_Treated","DB_Control","Dunn",0.1247,"r (|Z|/sqrt(N))",0.3742,0.708225324794478,1,"ns"
"Sutterella","DB_Control - WT_Control","WT_Control","Dunn",0.1247,"r (|Z|/sqrt(N))",0.3742,0.708225324794479,0.708225324794479,"ns"
"Arthrobacter","DB_Treated - WT_Control","DB_Treated","Dunn",0.1089,"r (|Z|/sqrt(N))",0.3266,0.743971478075057,0.743971478075057,"ns"
"Porphyromonas","DB_Control - WT_Control","DB_Control","Dunn",0.1089,"r (|Z|/sqrt(N))",-0.3266,0.743971478075057,0.743971478075057,"ns"
"Porphyromonas","DB_Treated - WT_Control","DB_Treated","Dunn",0.1089,"r (|Z|/sqrt(N))",0.3266,0.743971478075057,1,"ns"
"Fusobacterium","DB_Control - DB_Treated","DB_Control","Dunn",0.1089,"r (|Z|/sqrt(N))",-0.3266,0.743971478075057,0.743971478075057,"ns"
"BIrii41","DB_Treated - WT_Control","DB_Treated","Dunn",0.1089,"r (|Z|/sqrt(N))",0.3266,0.743971478075057,0.743971478075057,"ns"
"Mycobacterium","DB_Treated - WT_Control","DB_Treated","Dunn",0.1089,"r (|Z|/sqrt(N))",0.3266,0.743971478075057,0.743971478075057,"ns"
"Paenibacillus","DB_Control - DB_Treated","DB_Control","Dunn",0.1089,"r (|Z|/sqrt(N))",0.3266,0.743971478075057,0.743971478075057,"ns"
"S0134_terrestrial_group","DB_Control - DB_Treated","DB_Control","Dunn",0.1089,"r (|Z|/sqrt(N))",0.3266,0.743971478075057,0.743971478075057,"ns"
"Tyzzerella","DB_Treated - WT_Control","WT_Control","Dunn",0.1089,"r (|Z|/sqrt(N))",-0.3266,0.743971478075057,1,"ns"
"Parviterribacter","DB_Treated - WT_Control","DB_Treated","Dunn",0.1089,"r (|Z|/sqrt(N))",0.3266,0.743971478075057,0.743971478075057,"ns"
"Blastococcus","DB_Treated - WT_Control","DB_Treated","Dunn",0.1038,"r (|Z|/sqrt(N))",0.3114,0.755496874928883,0.755496874928883,"ns"
"Cellulomonas","DB_Treated - WT_Control","DB_Treated","Dunn",0.1038,"r (|Z|/sqrt(N))",0.3114,0.755496874928883,0.755496874928883,"ns"
"Ramlibacter","DB_Treated - WT_Control","DB_Treated","Dunn",0.1038,"r (|Z|/sqrt(N))",0.3114,0.755496874928883,0.755496874928883,"ns"
"Shuttleworthia","DB_Treated - WT_Control","DB_Treated","Dunn",0.1038,"r (|Z|/sqrt(N))",-0.3114,0.755496874928883,0.755496874928883,"ns"
"Ensifer","DB_Treated - WT_Control","DB_Treated","Dunn",0.1038,"r (|Z|/sqrt(N))",0.3114,0.755496874928883,0.755496874928883,"ns"
"Bilophila","DB_Control - DB_Treated","DB_Treated","Dunn",0.1011,"r (|Z|/sqrt(N))",0.3032,0.761707563947807,0.761707563947807,"ns"
"Bilophila","DB_Control - WT_Control","WT_Control","Dunn",0.1011,"r (|Z|/sqrt(N))",-0.3032,0.761707563947807,1,"ns"
"UCG-002","DB_Control - WT_Control","WT_Control","Dunn",0.1006,"r (|Z|/sqrt(N))",0.3019,0.762697388842385,0.762697388842385,"ns"
"Aerococcus","DB_Treated - WT_Control","WT_Control","Dunn",0.1002,"r (|Z|/sqrt(N))",0.3007,0.763674985235854,0.763674985235854,"ns"
"RB41","DB_Treated - WT_Control","DB_Treated","Dunn",0.1002,"r (|Z|/sqrt(N))",-0.3007,0.763674985235854,0.763674985235854,"ns"
"Alloprevotella","DB_Control - DB_Treated","DB_Control","Dunn",0.0998,"r (|Z|/sqrt(N))",0.2994,0.76464060276583,0.76464060276583,"ns"
"Enterococcus","DB_Control - DB_Treated","DB_Treated","Dunn",0.0998,"r (|Z|/sqrt(N))",-0.2994,0.76464060276583,0.76464060276583,"ns"
"Enterococcus","DB_Treated - WT_Control","WT_Control","Dunn",0.0998,"r (|Z|/sqrt(N))",-0.2994,0.76464060276583,1,"ns"
"Eubacterium_xylanophilum_group","DB_Control - WT_Control","DB_Control","Dunn",0.0998,"r (|Z|/sqrt(N))",0.2994,0.76464060276583,1,"ns"
"Bryobacter","DB_Treated - WT_Control","WT_Control","Dunn",0.0998,"r (|Z|/sqrt(N))",0.2994,0.76464060276583,0.76464060276583,"ns"
"Lachnospira","DB_Control - WT_Control","WT_Control","Dunn",0.0998,"r (|Z|/sqrt(N))",0.2994,0.76464060276583,0.76464060276583,"ns"
"Ellin6067","DB_Treated - WT_Control","DB_Treated","Dunn",0.0998,"r (|Z|/sqrt(N))",0.2994,0.76464060276583,0.76464060276583,"ns"
"Candidatus_Arthromitus","DB_Control - WT_Control","WT_Control","Dunn",0.0994,"r (|Z|/sqrt(N))",-0.2981,0.765594483995764,0.765594483995764,"ns"
"Clostridia_UCG-014","DB_Control - WT_Control","DB_Control","Dunn",0.0994,"r (|Z|/sqrt(N))",0.2981,0.765594483995764,0.765594483995764,"ns"
"Clostridia_UCG-014","DB_Treated - WT_Control","WT_Control","Dunn",0.0994,"r (|Z|/sqrt(N))",-0.2981,0.765594483995764,1,"ns"
"Blautia","DB_Control - WT_Control","WT_Control","Dunn",0.0994,"r (|Z|/sqrt(N))",0.2981,0.765594483995764,0.765594483995764,"ns"
"Blautia","DB_Treated - WT_Control","WT_Control","Dunn",0.0994,"r (|Z|/sqrt(N))",-0.2981,0.765594483995764,1,"ns"
"Faecalibaculum","DB_Treated - WT_Control","DB_Treated","Dunn",0.0994,"r (|Z|/sqrt(N))",-0.2981,0.765594483995764,1,"ns"
"Ruminococcus_torques_group","DB_Control - WT_Control","WT_Control","Dunn",0.0994,"r (|Z|/sqrt(N))",0.2981,0.765594483995764,0.765594483995764,"ns"
"Ruminococcus_torques_group","DB_Treated - WT_Control","WT_Control","Dunn",0.0994,"r (|Z|/sqrt(N))",-0.2981,0.765594483995764,1,"ns"
"Romboutsia","DB_Control - WT_Control","DB_Control","Dunn",0.0994,"r (|Z|/sqrt(N))",0.2981,0.765594483995764,0.765594483995764,"ns"
"Clostridium_sensu_stricto_1","DB_Control - DB_Treated","DB_Treated","Dunn",0.0994,"r (|Z|/sqrt(N))",-0.2981,0.765594483995764,0.765594483995764,"ns"
"Clostridium_sensu_stricto_1","DB_Control - WT_Control","WT_Control","Dunn",0.0994,"r (|Z|/sqrt(N))",0.2981,0.765594483995764,1,"ns"
"Parabacteroides","DB_Control - WT_Control","WT_Control","Dunn",0.0994,"r (|Z|/sqrt(N))",-0.2981,0.765594483995764,0.765594483995764,"ns"
"Delftia","DB_Control - WT_Control","WT_Control","Dunn",0.0994,"r (|Z|/sqrt(N))",-0.2981,0.765594483995764,0.765594483995764,"ns"
"Butyricicoccus","DB_Control - WT_Control","WT_Control","Dunn",0.0994,"r (|Z|/sqrt(N))",0.2981,0.765594483995764,1,"ns"
"Subgroup_10","DB_Treated - WT_Control","DB_Treated","Dunn",0.0821,"r (|Z|/sqrt(N))",0.2462,0.805540588667494,0.805540588667494,"ns"
"OM27_clade","DB_Treated - WT_Control","WT_Control","Dunn",0.0778,"r (|Z|/sqrt(N))",-0.2335,0.815334594355228,0.815334594355228,"ns"
"Eubacterium_eligens_group","DB_Control - WT_Control","WT_Control","Dunn",0.0761,"r (|Z|/sqrt(N))",-0.2284,0.819322777151339,0.819322777151339,"ns"
"Anaplasma","DB_Control - WT_Control","WT_Control","Dunn",0.0752,"r (|Z|/sqrt(N))",0.2255,0.82159514153281,0.82159514153281,"ns"
"Candidatus_Midichloria","DB_Control - WT_Control","WT_Control","Dunn",0.0752,"r (|Z|/sqrt(N))",0.2255,0.82159514153281,0.82159514153281,"ns"
"Arenimonas","DB_Treated - WT_Control","WT_Control","Dunn",0.0752,"r (|Z|/sqrt(N))",0.2255,0.82159514153281,0.82159514153281,"ns"
"Desulfovibrio","DB_Treated - WT_Control","DB_Treated","Dunn",0.0748,"r (|Z|/sqrt(N))",-0.2245,0.822333756389101,0.822333756389101,"ns"
"Haemophilus","DB_Control - DB_Treated","DB_Control","Dunn",0.0748,"r (|Z|/sqrt(N))",0.2245,0.822333756389101,0.822333756389101,"ns"
"Haemophilus","DB_Control - WT_Control","WT_Control","Dunn",0.0748,"r (|Z|/sqrt(N))",-0.2245,0.822333756389101,1,"ns"
"Ruminococcus","DB_Control - WT_Control","WT_Control","Dunn",0.0748,"r (|Z|/sqrt(N))",-0.2245,0.822333756389101,0.822333756389101,"ns"
"Kocuria","DB_Treated - WT_Control","DB_Treated","Dunn",0.0748,"r (|Z|/sqrt(N))",0.2245,0.822333756389101,0.822333756389101,"ns"
"Collinsella","DB_Control - WT_Control","WT_Control","Dunn",0.0748,"r (|Z|/sqrt(N))",0.2245,0.822333756389101,0.822333756389101,"ns"
"Incertae_Sedis","DB_Control - WT_Control","WT_Control","Dunn",0.0748,"r (|Z|/sqrt(N))",-0.2245,0.822333756389101,1,"ns"
"Incertae_Sedis","DB_Treated - WT_Control","DB_Treated","Dunn",0.0748,"r (|Z|/sqrt(N))",-0.2245,0.822333756389101,1,"ns"
"Methylobacterium-Methylorubrum","DB_Control - DB_Treated","DB_Treated","Dunn",0.0748,"r (|Z|/sqrt(N))",0.2245,0.822333756389101,1,"ns"
"Methylobacterium-Methylorubrum","DB_Control - WT_Control","WT_Control","Dunn",0.0748,"r (|Z|/sqrt(N))",0.2245,0.822333756389101,1,"ns"
"Candidatus_Udaeobacter","DB_Control - WT_Control","WT_Control","Dunn",0.0748,"r (|Z|/sqrt(N))",0.2245,0.822333756389101,0.822333756389101,"ns"
"Glutamicibacter","DB_Treated - WT_Control","DB_Treated","Dunn",0.068,"r (|Z|/sqrt(N))",0.2041,0.838256486385826,0.838256486385826,"ns"
"Pantoea","DB_Treated - WT_Control","DB_Treated","Dunn",0.068,"r (|Z|/sqrt(N))",-0.2041,0.838256486385826,0.838256486385826,"ns"
"Enorma","DB_Control - WT_Control","DB_Control","Dunn",0.068,"r (|Z|/sqrt(N))",0.2041,0.838256486385826,0.838256486385826,"ns"
"Leucobacter","DB_Treated - WT_Control","DB_Treated","Dunn",0.068,"r (|Z|/sqrt(N))",0.2041,0.838256486385826,0.838256486385826,"ns"
"Ruminococcus_gnavus_group","DB_Treated - WT_Control","DB_Treated","Dunn",0.0544,"r (|Z|/sqrt(N))",-0.1633,0.870282772281036,0.870282772281036,"ns"
"Tyzzerella","DB_Control - DB_Treated","DB_Control","Dunn",0.0544,"r (|Z|/sqrt(N))",0.1633,0.870282772281036,0.870282772281036,"ns"
"Tyzzerella","DB_Control - WT_Control","WT_Control","Dunn",0.0544,"r (|Z|/sqrt(N))",-0.1633,0.870282772281036,1,"ns"
"S085","DB_Treated - WT_Control","DB_Treated","Dunn",0.0544,"r (|Z|/sqrt(N))",0.1633,0.870282772281036,0.870282772281036,"ns"
"PLTA13","DB_Treated - WT_Control","DB_Treated","Dunn",0.0544,"r (|Z|/sqrt(N))",0.1633,0.870282772281036,0.870282772281036,"ns"
"Bradyrhizobium","DB_Treated - WT_Control","DB_Treated","Dunn",0.0544,"r (|Z|/sqrt(N))",0.1633,0.870282772281036,0.870282772281036,"ns"
"Aeromicrobium","DB_Treated - WT_Control","DB_Treated","Dunn",0.0544,"r (|Z|/sqrt(N))",0.1633,0.870282772281036,0.870282772281036,"ns"
"Weissella","DB_Treated - WT_Control","DB_Treated","Dunn",0.0521,"r (|Z|/sqrt(N))",-0.1564,0.875707981496159,0.875707981496159,"ns"
"Microbacterium","DB_Control - DB_Treated","DB_Control","Dunn",0.0521,"r (|Z|/sqrt(N))",0.1564,0.875707981496159,0.875707981496159,"ns"
"Pediococcus","DB_Control - DB_Treated","DB_Control","Dunn",0.0519,"r (|Z|/sqrt(N))",-0.1557,0.876269663627762,0.876269663627762,"ns"
"Gitt-GS-136","DB_Treated - WT_Control","DB_Treated","Dunn",0.0519,"r (|Z|/sqrt(N))",0.1557,0.876269663627762,0.876269663627762,"ns"
"Veillonella","DB_Control - WT_Control","DB_Control","Dunn",0.0508,"r (|Z|/sqrt(N))",-0.1523,0.878968151170695,1,"ns"
"67-14","DB_Treated - WT_Control","WT_Control","Dunn",0.0505,"r (|Z|/sqrt(N))",0.1516,0.879486966696145,0.879486966696145,"ns"
"Gemmatimonas","DB_Treated - WT_Control","WT_Control","Dunn",0.0505,"r (|Z|/sqrt(N))",-0.1516,0.879486966696145,0.879486966696145,"ns"
"Lysobacter","DB_Treated - WT_Control","WT_Control","Dunn",0.0501,"r (|Z|/sqrt(N))",0.1503,0.880504892066849,0.880504892066849,"ns"
"Ruminococcus_gauvreauii_group","DB_Treated - WT_Control","WT_Control","Dunn",0.0501,"r (|Z|/sqrt(N))",-0.1503,0.880504892066849,0.880504892066849,"ns"
"Eubacterium_xylanophilum_group","DB_Control - DB_Treated","DB_Control","Dunn",0.0499,"r (|Z|/sqrt(N))",0.1497,0.881004276603237,0.881004276603237,"ns"
"Eubacterium_xylanophilum_group","DB_Treated - WT_Control","WT_Control","Dunn",0.0499,"r (|Z|/sqrt(N))",0.1497,0.881004276603237,1,"ns"
"Erysipelatoclostridium","DB_Treated - WT_Control","WT_Control","Dunn",0.0499,"r (|Z|/sqrt(N))",0.1497,0.881004276603237,0.881004276603237,"ns"
"MB-A2-108","DB_Treated - WT_Control","WT_Control","Dunn",0.0499,"r (|Z|/sqrt(N))",0.1497,0.881004276603236,0.881004276603236,"ns"
"Nitrospira","DB_Treated - WT_Control","WT_Control","Dunn",0.0499,"r (|Z|/sqrt(N))",0.1497,0.881004276603236,0.881004276603236,"ns"
"MND1","DB_Treated - WT_Control","WT_Control","Dunn",0.0499,"r (|Z|/sqrt(N))",0.1497,0.881004276603236,0.881004276603236,"ns"
"Subgroup_7","DB_Treated - WT_Control","WT_Control","Dunn",0.0499,"r (|Z|/sqrt(N))",0.1497,0.881004276603236,0.881004276603236,"ns"
"TRA3-20","DB_Treated - WT_Control","WT_Control","Dunn",0.0499,"r (|Z|/sqrt(N))",0.1497,0.881004276603236,0.881004276603236,"ns"
"Streptococcus","DB_Control - WT_Control","DB_Control","Dunn",0.0497,"r (|Z|/sqrt(N))",0.1491,0.881497452191013,0.881497452191013,"ns"
"Lachnospiraceae_NK4A136_group","DB_Control - WT_Control","WT_Control","Dunn",0.0497,"r (|Z|/sqrt(N))",-0.1491,0.881497452191014,0.881497452191014,"ns"
"Faecalibaculum","DB_Control - DB_Treated","DB_Control","Dunn",0.0497,"r (|Z|/sqrt(N))",0.1491,0.881497452191014,0.881497452191014,"ns"
"Faecalibaculum","DB_Control - WT_Control","DB_Control","Dunn",0.0497,"r (|Z|/sqrt(N))",-0.1491,0.881497452191014,1,"ns"
"Lachnoclostridium","DB_Control - WT_Control","WT_Control","Dunn",0.0497,"r (|Z|/sqrt(N))",0.1491,0.881497452191014,0.881497452191014,"ns"
"Acinetobacter","DB_Control - DB_Treated","DB_Control","Dunn",0.0497,"r (|Z|/sqrt(N))",0.1491,0.881497452191013,0.881497452191013,"ns"
"Subdoligranulum","DB_Control - WT_Control","WT_Control","Dunn",0.0497,"r (|Z|/sqrt(N))",0.1491,0.881497452191014,0.881497452191014,"ns"
"Parasutterella","DB_Control - WT_Control","DB_Control","Dunn",0.0497,"r (|Z|/sqrt(N))",0.1491,0.881497452191014,0.881497452191014,"ns"
"Sphingomonas","DB_Treated - WT_Control","WT_Control","Dunn",0.0497,"r (|Z|/sqrt(N))",0.1491,0.881497452191013,0.881497452191013,"ns"
"Chloroplast","DB_Control - WT_Control","DB_Control","Dunn",0.0497,"r (|Z|/sqrt(N))",0.1491,0.881497452191013,0.881497452191013,"ns"
"Anaerotruncus","DB_Control - WT_Control","DB_Control","Dunn",0.0497,"r (|Z|/sqrt(N))",-0.1491,0.881497452191014,0.881497452191014,"ns"
"Anaerostipes","DB_Control - WT_Control","WT_Control","Dunn",0.0497,"r (|Z|/sqrt(N))",0.1491,0.881497452191014,0.881497452191014,"ns"
"Butyricicoccus","DB_Control - DB_Treated","DB_Treated","Dunn",0.0497,"r (|Z|/sqrt(N))",0.1491,0.881497452191014,0.881497452191014,"ns"
"Butyricicoccus","DB_Treated - WT_Control","WT_Control","Dunn",0.0497,"r (|Z|/sqrt(N))",0.1491,0.881497452191014,1,"ns"
"JG30-KF-CM45","DB_Treated - WT_Control","WT_Control","Dunn",0.0261,"r (|Z|/sqrt(N))",-0.0782,0.937664039226751,0.937664039226751,"ns"
"0319-7L14","DB_Treated - WT_Control","WT_Control","Dunn",0.0259,"r (|Z|/sqrt(N))",-0.0778,0.937947456842939,0.937947456842939,"ns"
"Veillonella","DB_Control - DB_Treated","DB_Treated","Dunn",0.0254,"r (|Z|/sqrt(N))",-0.0761,0.939308752321269,0.939308752321269,"ns"
"Veillonella","DB_Treated - WT_Control","DB_Treated","Dunn",0.0254,"r (|Z|/sqrt(N))",-0.0761,0.939308752321269,1,"ns"
"Dialister","DB_Control - WT_Control","WT_Control","Dunn",0.0251,"r (|Z|/sqrt(N))",-0.0752,0.940083747528202,0.940083747528202,"ns"
"Akkermansia","DB_Control - WT_Control","WT_Control","Dunn",0.0249,"r (|Z|/sqrt(N))",0.0748,0.940335555851395,0.940335555851395,"ns"
"Turicibacter","DB_Treated - WT_Control","WT_Control","Dunn",0.0249,"r (|Z|/sqrt(N))",0.0748,0.940335555851395,0.940335555851395,"ns"
"Oscillibacter","DB_Control - DB_Treated","DB_Treated","Dunn",0.0249,"r (|Z|/sqrt(N))",0.0748,0.940335555851395,0.940335555851395,"ns"
"Eubacterium_hallii_group","DB_Control - WT_Control","WT_Control","Dunn",0.0249,"r (|Z|/sqrt(N))",-0.0748,0.940335555851395,0.940335555851395,"ns"
"Megasphaera","DB_Control - WT_Control","WT_Control","Dunn",0.0249,"r (|Z|/sqrt(N))",0.0748,0.940335555851395,0.940335555851395,"ns"
"Rubellimicrobium","DB_Control - DB_Treated","DB_Control","Dunn",0.0249,"r (|Z|/sqrt(N))",0.0748,0.940335555851395,0.940335555851395,"ns"
"Cutibacterium","DB_Control - DB_Treated","DB_Treated","Dunn",0,"r (|Z|/sqrt(N))",0,1,1,"ns"
"Bacillus","DB_Treated - WT_Control","WT_Control","Dunn",0,"r (|Z|/sqrt(N))",0,1,1,"ns"
"Colidextribacter","DB_Control - WT_Control","DB_Control","Dunn",0,"r (|Z|/sqrt(N))",0,1,1,"ns"
"Escherichia-Shigella","DB_Treated - WT_Control","WT_Control","Dunn",0,"r (|Z|/sqrt(N))",0,1,1,"ns"
"Wolbachia","DB_Control - DB_Treated","DB_Control","Dunn",0,"r (|Z|/sqrt(N))",0,1,1,"ns"
"Microvirga","DB_Treated - WT_Control","WT_Control","Dunn",0,"r (|Z|/sqrt(N))",0,1,1,"ns"
"Neisseria","DB_Control - DB_Treated","DB_Treated","Dunn",0,"r (|Z|/sqrt(N))",0,1,1,"ns"
"Clostridia_vadinBB60_group","DB_Control - WT_Control","DB_Control","Dunn",0,"r (|Z|/sqrt(N))",0,1,1,"ns"
"Eubacterium_coprostanoligenes_group","DB_Control - DB_Treated","DB_Control","Dunn",0,"r (|Z|/sqrt(N))",0,1,1,"ns"
"Eubacterium_coprostanoligenes_group","DB_Control - WT_Control","DB_Control","Dunn",0,"r (|Z|/sqrt(N))",0,1,1,"ns"
"Eubacterium_coprostanoligenes_group","DB_Treated - WT_Control","DB_Treated","Dunn",0,"r (|Z|/sqrt(N))",0,1,1,"ns"
"Vicinamibacteraceae","DB_Treated - WT_Control","WT_Control","Dunn",0,"r (|Z|/sqrt(N))",0,1,1,"ns"
"Mitochondria","DB_Control - DB_Treated","DB_Control","Dunn",0,"r (|Z|/sqrt(N))",0,1,1,"ns"
"Sphingobium","DB_Control - WT_Control","DB_Control","Dunn",0,"r (|Z|/sqrt(N))",0,1,1,"ns"
"Rothia","DB_Control - DB_Treated","DB_Control","Dunn",0,"r (|Z|/sqrt(N))",0,1,1,"ns"
"Rothia","DB_Control - WT_Control","DB_Control","Dunn",0,"r (|Z|/sqrt(N))",0,1,1,"ns"
"Rothia","DB_Treated - WT_Control","DB_Treated","Dunn",0,"r (|Z|/sqrt(N))",0,1,1,"ns"
"Acetobacter","DB_Control - DB_Treated","DB_Control","Dunn",0,"r (|Z|/sqrt(N))",0,1,1,"ns"
"Catenibacterium","DB_Control - WT_Control","WT_Control","Dunn",0,"r (|Z|/sqrt(N))",0,1,1,"ns"
"Megamonas","DB_Control - WT_Control","WT_Control","Dunn",0,"r (|Z|/sqrt(N))",0,1,1,"ns"
"Intestinimonas","DB_Treated - WT_Control","WT_Control","Dunn",0,"r (|Z|/sqrt(N))",0,1,1,"ns"
"Serratia","DB_Treated - WT_Control","WT_Control","Dunn",0,"r (|Z|/sqrt(N))",0,1,1,"ns"
"Incertae_Sedis","DB_Control - DB_Treated","DB_Treated","Dunn",0,"r (|Z|/sqrt(N))",0,1,1,"ns"
"Methylobacterium-Methylorubrum","DB_Treated - WT_Control","DB_Treated","Dunn",0,"r (|Z|/sqrt(N))",0,1,1,"ns"
"Micrococcus","DB_Control - WT_Control","DB_Control","Dunn",0,"r (|Z|/sqrt(N))",0,1,1,"ns"
"TK10","DB_Treated - WT_Control","WT_Control","Dunn",0,"r (|Z|/sqrt(N))",0,1,1,"ns"
"Campylobacter","DB_Control - DB_Treated","DB_Control","Dunn",0,"r (|Z|/sqrt(N))",0,1,1,"ns"
"Modestobacter","DB_Treated - WT_Control","DB_Treated","Dunn",0,"r (|Z|/sqrt(N))",0,1,1,"ns"
"Sellimonas","DB_Control - WT_Control","WT_Control","Dunn",0,"r (|Z|/sqrt(N))",0,1,1,"ns"
