"","ONTOLOGY","ID","Description","GeneRatio","BgRatio","pvalue","p.adjust","qvalue","geneID","Count"
"GO:0030833","BP","GO:0030833","regulation of actin filament polymerization","9/117","140/18903",2.17170474966597e-07,0.000282091324262239,0.000230761164771554,"CORO1A/COTL1/GSN/ARPC3/ARPC1B/CAPG/ARPC2/TWF2/CAPZB",9
"GO:0008154","BP","GO:0008154","actin polymerization or depolymerization","10/117","200/18903",4.68830300427286e-07,0.000282091324262239,0.000230761164771554,"CORO1A/COTL1/GSN/ARPC3/ARPC1B/CFL1/CAPG/ARPC2/TWF2/CAPZB",10
"GO:0032271","BP","GO:0032271","regulation of protein polymerization","10/117","201/18903",4.9083545126165e-07,0.000282091324262239,0.000230761164771554,"CORO1A/COTL1/GSN/STMN1/ARPC3/ARPC1B/CAPG/ARPC2/TWF2/CAPZB",10
"GO:0008064","BP","GO:0008064","regulation of actin polymerization or depolymerization","9/117","159/18903",6.39123279255519e-07,0.000282091324262239,0.000230761164771554,"CORO1A/COTL1/GSN/ARPC3/ARPC1B/CAPG/ARPC2/TWF2/CAPZB",9
"GO:0030832","BP","GO:0030832","regulation of actin filament length","9/117","162/18903",7.47862522899837e-07,0.000282091324262239,0.000230761164771554,"CORO1A/COTL1/GSN/ARPC3/ARPC1B/CAPG/ARPC2/TWF2/CAPZB",9
"GO:1902903","BP","GO:1902903","regulation of supramolecular fiber organization","13/117","384/18903",7.52912787176795e-07,0.000282091324262239,0.000230761164771554,"CORO1A/COTL1/GSN/STMN1/ARPC3/ARPC1B/ACTG1/PARK7/CAPG/ARPC2/TWF2/PFDN2/CAPZB",13
"GO:0030041","BP","GO:0030041","actin filament polymerization","9/117","170/18903",1.11952310090424e-06,0.000339413117465338,0.000277652517424586,"CORO1A/COTL1/GSN/ARPC3/ARPC1B/CAPG/ARPC2/TWF2/CAPZB",9
"GO:0110053","BP","GO:0110053","regulation of actin filament organization","11/117","278/18903",1.24884351672894e-06,0.000339413117465338,0.000277652517424586,"CORO1A/COTL1/GSN/STMN1/ARPC3/ARPC1B/ACTG1/CAPG/ARPC2/TWF2/CAPZB",11
"GO:0010950","BP","GO:0010950","positive regulation of endopeptidase activity","9/117","174/18903",1.35886034572422e-06,0.000339413117465338,0.000277652517424586,"PSME2/GSN/HMGB1/HSPD1/LGALS9/CTSH/PSME1/PRELID1/ANP32B",9
"GO:0022613","BP","GO:0022613","ribonucleoprotein complex biogenesis","14/117","489/18903",2.01097635089078e-06,0.000452067483680248,0.000369807966842757,"C1QBP/RPSA/NPM1/RPL5/RAN/NHP2/RPL14/PA2G4/LSM4/RPL7A/EIF3K/RPL10A/SNRPE/SNRPG",14
"GO:0032956","BP","GO:0032956","regulation of actin cytoskeleton organization","12/117","365/18903",2.78626140863799e-06,0.000569410513328928,0.000465798916831634,"CORO1A/COTL1/GSN/STMN1/ARHGDIB/ARPC3/ARPC1B/ACTG1/CAPG/ARPC2/TWF2/CAPZB",12
"GO:0010952","BP","GO:0010952","positive regulation of peptidase activity","9/117","194/18903",3.33637938651041e-06,0.000625015071739617,0.000511285507739797,"PSME2/GSN/HMGB1/HSPD1/LGALS9/CTSH/PSME1/PRELID1/ANP32B",9
"GO:0019882","BP","GO:0019882","antigen processing and presentation","7/117","108/18903",4.83499323936692e-06,0.000836081907853603,0.000683946007220568,"PSMB8/CTSH/CD1A/PSME1/HLA-DQB1/CD1C/TAP1",7
"GO:0002443","BP","GO:0002443","leukocyte mediated immunity","13/117","463/18903",5.90406118393662e-06,0.000948023538677824,0.000775518412656939,"C1QBP/IGHA2/CORO1A/TUBB/HMGB1/HSPD1/LGALS9/VAMP8/CTSH/CD1A/HLA-DQB1/CD1C/CD300A",13
"GO:0042273","BP","GO:0042273","ribosomal large subunit biogenesis","6/117","76/18903",7.59052402956622e-06,0.00113756653456432,0.000930571612607172,"NPM1/RPL5/NHP2/RPL14/RPL7A/RPL10A",6
"GO:0032970","BP","GO:0032970","regulation of actin filament-based process","12/117","406/18903",8.23869960047342e-06,0.00115753729386652,0.000946908434343886,"CORO1A/COTL1/GSN/STMN1/ARHGDIB/ARPC3/ARPC1B/ACTG1/CAPG/ARPC2/TWF2/CAPZB",12
"GO:0043254","BP","GO:0043254","regulation of protein-containing complex assembly","12/117","410/18903",9.09226791185478e-06,0.00120231872152056,0.000983541302910854,"CORO1A/COTL1/GSN/STMN1/ARPC3/ARPC1B/HMGB1/PARK7/CAPG/ARPC2/TWF2/CAPZB",12
"GO:0051258","BP","GO:0051258","protein polymerization","10/117","281/18903",9.88837438817578e-06,0.00123494809025662,0.00101023333661656,"CORO1A/COTL1/GSN/STMN1/ARPC3/ARPC1B/CAPG/ARPC2/TWF2/CAPZB",10
"GO:0019884","BP","GO:0019884","antigen processing and presentation of exogenous antigen","5/117","49/18903",1.27884528992404e-05,0.00151307590092066,0.00123775220027551,"CD1A/PSME1/HLA-DQB1/CD1C/TAP1",5
"GO:0052548","BP","GO:0052548","regulation of endopeptidase activity","12/117","428/18903",1.39689218434908e-05,0.00157010681520836,0.00128440560318834,"PSME2/GSN/PSMB8/HMGB1/PSMB9/PARK7/HSPD1/LGALS9/CTSH/PSME1/PRELID1/ANP32B",12
"GO:0010639","BP","GO:0010639","negative regulation of organelle organization","11/117","366/18903",1.71357235683792e-05,0.00171767969769764,0.00140512569389295,"CORO1A/SLC25A5/GSN/STMN1/NPM1/GDI2/CAPG/HNRNPA1/TWF2/PRELID1/CAPZB",11
"GO:0002449","BP","GO:0002449","lymphocyte mediated immunity","11/117","367/18903",1.75741250209278e-05,0.00171767969769764,0.00140512569389295,"C1QBP/IGHA2/CORO1A/TUBB/HMGB1/HSPD1/LGALS9/CTSH/CD1A/HLA-DQB1/CD1C",11
"GO:0032535","BP","GO:0032535","regulation of cellular component size","11/117","367/18903",1.75741250209278e-05,0.00171767969769764,0.00140512569389295,"SPP1/CORO1A/COTL1/GSN/NPM1/ARPC3/ARPC1B/CAPG/ARPC2/TWF2/CAPZB",11
"GO:0051016","BP","GO:0051016","barbed-end actin filament capping","4/117","26/18903",1.87571555362849e-05,0.00175692023523202,0.00143722590885481,"GSN/CAPG/TWF2/CAPZB",4
"GO:0044403","BP","GO:0044403","biological process involved in symbiotic interaction","10/117","307/18903",2.12417083840417e-05,0.00191005441789303,0.00156249534934403,"RPSA/GSN/HMGB1/PPIA/HSPD1/LGALS9/VAMP8/AXL/CFL1/PPIB",10
"GO:0042254","BP","GO:0042254","ribosome biogenesis","10/117","310/18903",2.3084908610423e-05,0.00199595671370119,0.001632766613053,"C1QBP/RPSA/NPM1/RPL5/RAN/NHP2/RPL14/PA2G4/RPL7A/RPL10A",10
"GO:0007015","BP","GO:0007015","actin filament organization","12/117","454/18903",2.50042643500699e-05,0.00208183652810952,0.00170301948614316,"CORO1A/COTL1/GSN/STMN1/ARPC3/ARPC1B/ACTG1/CFL1/CAPG/ARPC2/TWF2/CAPZB",12
"GO:0043388","BP","GO:0043388","positive regulation of DNA binding","5/117","57/18903",2.69953143952305e-05,0.00215755919112173,0.00176496343270728,"HMGB1/NME1/PARK7/HMGB2/CALM2",5
"GO:0052547","BP","GO:0052547","regulation of peptidase activity","12/117","459/18903",2.78332813801291e-05,0.00215755919112173,0.00176496343270728,"PSME2/GSN/PSMB8/HMGB1/PSMB9/PARK7/HSPD1/LGALS9/CTSH/PSME1/PRELID1/ANP32B",12
"GO:0030042","BP","GO:0030042","actin filament depolymerization","5/117","59/18903",3.19610622609169e-05,0.00231769251492068,0.00189595843021466,"GSN/CFL1/CAPG/TWF2/CAPZB",5
"GO:0045010","BP","GO:0045010","actin nucleation","5/117","59/18903",3.19610622609169e-05,0.00231769251492068,0.00189595843021466,"CORO1A/GSN/ARPC3/ARPC1B/ARPC2",5
"GO:0031333","BP","GO:0031333","negative regulation of protein-containing complex assembly","7/117","146/18903",3.46578729843369e-05,0.00243471557714967,0.00199168763498805,"GSN/STMN1/HMGB1/PARK7/CAPG/TWF2/CAPZB",7
"GO:0032615","BP","GO:0032615","interleukin-12 production","5/117","63/18903",4.39975589572744e-05,0.00290901507458685,0.00237968221357147,"C1QBP/LTB/HMGB1/HSPD1/LGALS9",5
"GO:0032655","BP","GO:0032655","regulation of interleukin-12 production","5/117","63/18903",4.39975589572744e-05,0.00290901507458685,0.00237968221357147,"C1QBP/LTB/HMGB1/HSPD1/LGALS9",5
"GO:0022411","BP","GO:0022411","cellular component disassembly","12/117","483/18903",4.56476887353415e-05,0.00293188583648708,0.0023983913449817,"SLC25A5/GSN/STMN1/PARK7/MMP12/VAMP8/CFL1/CAPG/PHB2/TWF2/CAPZB/VDAC1",12
"GO:0016032","BP","GO:0016032","viral process","11/117","421/18903",6.13669144274375e-05,0.00372192135404202,0.00304466969728012,"RPSA/GSN/RAN/HMGB1/PPIA/LGALS9/VAMP8/AXL/CFL1/PPIB/BANF1",11
"GO:1902600","BP","GO:1902600","proton transmembrane transport","7/117","160/18903",6.20774813278787e-05,0.00372192135404202,0.00304466969728012,"SLC25A5/COX5A/SLC25A3/UCP2/PARK7/CYC1/PHB2",7
"GO:1903599","BP","GO:1903599","positive regulation of autophagy of mitochondrion","3/117","13/18903",6.31708120558932e-05,0.00372192135404202,0.00304466969728012,"SLC25A5/PARK7/VDAC1",3
"GO:0002181","BP","GO:0002181","cytoplasmic translation","7/117","161/18903",6.45706996475262e-05,0.00372192135404202,0.00304466969728012,"RPSA/RPL5/RPL4/RPL14/RPL7A/EIF3K/RPL10A",7
"GO:0051494","BP","GO:0051494","negative regulation of cytoskeleton organization","7/117","165/18903",7.53770181617806e-05,0.00423618842069207,0.00346535922970081,"CORO1A/GSN/STMN1/NPM1/CAPG/TWF2/CAPZB",7
"GO:1902904","BP","GO:1902904","negative regulation of supramolecular fiber organization","7/117","169/18903",8.76171942017032e-05,0.00480398664793729,0.00392983923672338,"CORO1A/GSN/STMN1/CAPG/TWF2/PFDN2/CAPZB",7
"GO:0051261","BP","GO:0051261","protein depolymerization","6/117","118/18903",9.26683196689769e-05,0.00495996149085381,0.00405743244264919,"GSN/STMN1/CFL1/CAPG/TWF2/CAPZB",6
"GO:0045862","BP","GO:0045862","positive regulation of proteolysis","10/117","372/18903",0.00010639931362608,0.00551014733797955,0.0045075048695684,"PSME2/GSN/ENO1/HMGB1/HSPD1/LGALS9/CTSH/PSME1/PRELID1/ANP32B",10
"GO:2000116","BP","GO:2000116","regulation of cysteine-type endopeptidase activity","8/117","235/18903",0.000107849858928425,0.00551014733797955,0.0045075048695684,"GSN/HMGB1/PSMB9/PARK7/HSPD1/LGALS9/CTSH/ANP32B",8
"GO:0051099","BP","GO:0051099","positive regulation of binding","7/117","177/18903",0.00011697102487992,0.00572227372993354,0.00468103212502056,"STMN1/RAN/HMGB1/NME1/PARK7/HMGB2/CALM2",7
"GO:0051693","BP","GO:0051693","actin filament capping","4/117","41/18903",0.000118281376067317,0.00572227372993354,0.00468103212502056,"GSN/CAPG/TWF2/CAPZB",4
"GO:0051014","BP","GO:0051014","actin filament severing","3/117","16/18903",0.000122024822162831,0.00572227372993354,0.00468103212502056,"GSN/CFL1/CAPG",3
"GO:0002697","BP","GO:0002697","regulation of immune effector process","10/117","379/18903",0.000123939820638248,0.00572227372993354,0.00468103212502056,"C1QBP/HMGB1/HSPD1/LGALS9/VAMP8/AXL/CD1A/PHB2/CD1C/CD300A",10
"GO:0030595","BP","GO:0030595","leukocyte chemotaxis","8/117","240/18903",0.00012472927614179,0.00572227372993354,0.00468103212502056,"C1QBP/CORO1A/CKLF/JAML/HMGB1/PPIA/LGALS9/PPIB",8
"GO:0043280","BP","GO:0043280","positive regulation of cysteine-type endopeptidase activity involved in apoptotic process","6/117","125/18903",0.000127367929841851,0.0057264621256896,0.00468445838807817,"GSN/HMGB1/HSPD1/LGALS9/CTSH/ANP32B",6
"GO:0032735","BP","GO:0032735","positive regulation of interleukin-12 production","4/117","42/18903",0.000130110432376555,0.00573506376436268,0.00469149484750965,"LTB/HMGB1/HSPD1/LGALS9",4
"GO:0044000","BP","GO:0044000","movement in host","7/117","183/18903",0.000143861548807967,0.00614057779949509,0.00502322036697786,"RPSA/GSN/HMGB1/PPIA/LGALS9/VAMP8/AXL",7
"GO:0032272","BP","GO:0032272","negative regulation of protein polymerization","5/117","81/18903",0.00014679483119638,0.00614057779949509,0.00502322036697786,"GSN/STMN1/CAPG/TWF2/CAPZB",5
"GO:2001267","BP","GO:2001267","regulation of cysteine-type endopeptidase activity involved in apoptotic signaling pathway","3/117","17/18903",0.000147504982728085,0.00614057779949509,0.00502322036697786,"GSN/PARK7/LGALS9",3
"GO:0021762","BP","GO:0021762","substantia nigra development","4/117","44/18903",0.000156303897201588,0.00627448501623518,0.00513276143630027,"YWHAH/ACTB/NDRG2/CALM2",4
"GO:0032689","BP","GO:0032689","negative regulation of interferon-gamma production","4/117","44/18903",0.000156303897201588,0.00627448501623518,0.00513276143630027,"C1QBP/HMGB1/LGALS9/AXL",4
"GO:0019058","BP","GO:0019058","viral life cycle","9/117","319/18903",0.000166066089719783,0.0064364925808633,0.00526528963231326,"RPSA/GSN/HMGB1/PPIA/LGALS9/VAMP8/AXL/PPIB/BANF1",9
"GO:0060326","BP","GO:0060326","cell chemotaxis","9/117","319/18903",0.000166066089719783,0.0064364925808633,0.00526528963231326,"C1QBP/CORO1A/CKLF/JAML/HMGB1/PPIA/LGALS9/PPIB/HMGB2",9
"GO:0030835","BP","GO:0030835","negative regulation of actin filament depolymerization","4/117","45/18903",0.000170737752246202,0.00650539774660105,0.00532165661327591,"GSN/CAPG/TWF2/CAPZB",4
"GO:0001906","BP","GO:0001906","cell killing","7/117","189/18903",0.0001755635244174,0.00657778004817192,0.00538086802030171,"CORO1A/HMGN2/TUBB/LGALS9/CTSH/CD1A/CD1C",7
"GO:0001909","BP","GO:0001909","leukocyte mediated cytotoxicity","6/117","134/18903",0.000186322446148711,0.00686644031052954,0.00561700282004828,"CORO1A/TUBB/LGALS9/CTSH/CD1A/CD1C",6
"GO:0031647","BP","GO:0031647","regulation of protein stability","9/117","325/18903",0.000190831556623846,0.00691918289178076,0.00566014820750186,"GSN/NPM1/RPL5/PARK7/HSPD1/CTSH/PPIB/PHB2/PFDN2",9
"GO:0006913","BP","GO:0006913","nucleocytoplasmic transport","9/117","329/18903",0.000208994717825743,0.00734093946362921,0.00600516072436796,"NPM1/RANBP1/RAN/PARK7/MMP12/CAMK1/HNRNPA1/PHB2/ANP32B",9
"GO:0051169","BP","GO:0051169","nuclear transport","9/117","329/18903",0.000208994717825743,0.00734093946362921,0.00600516072436796,"NPM1/RANBP1/RAN/PARK7/MMP12/CAMK1/HNRNPA1/PHB2/ANP32B",9
"GO:1990542","BP","GO:1990542","mitochondrial transmembrane transport","5/117","91/18903",0.00025367440322456,0.00869063907920772,0.0071092650643266,"SLC25A5/SLC25A3/UCP2/HSPD1/VDAC1",5
"GO:1903900","BP","GO:1903900","regulation of viral life cycle","6/117","142/18903",0.000255152214958945,0.00869063907920772,0.0071092650643266,"GSN/HMGB1/PPIA/LGALS9/AXL/BANF1",6
"GO:2001056","BP","GO:2001056","positive regulation of cysteine-type endopeptidase activity","6/117","143/18903",0.000264998207890946,0.00889128315431114,0.00727339935876642,"GSN/HMGB1/HSPD1/LGALS9/CTSH/ANP32B",6
"GO:0051701","BP","GO:0051701","biological process involved in interaction with host","7/117","203/18903",0.000271819724069506,0.00898604028982722,0.00735091420974346,"RPSA/GSN/HMGB1/PPIA/LGALS9/VAMP8/AXL",7
"GO:0043281","BP","GO:0043281","regulation of cysteine-type endopeptidase activity involved in apoptotic process","7/117","205/18903",0.000288493460399685,0.00939903331852885,0.00768875782331425,"GSN/HMGB1/PARK7/HSPD1/LGALS9/CTSH/ANP32B",7
"GO:0032069","BP","GO:0032069","regulation of nuclease activity","3/117","22/18903",0.000326598722706108,0.0104884846949047,0.00857996945214392,"NPM1/HMGB1/HMGB2",3
"GO:0030834","BP","GO:0030834","regulation of actin filament depolymerization","4/117","54/18903",0.000347204479241876,0.0109931784413484,0.00899282765360353,"GSN/CAPG/TWF2/CAPZB",4
"GO:0046718","BP","GO:0046718","viral entry into host cell","6/117","151/18903",0.00035497273562611,0.0110830376345486,0.00906633580612302,"RPSA/GSN/HMGB1/LGALS9/VAMP8/AXL",6
"GO:0048025","BP","GO:0048025","negative regulation of mRNA splicing, via spliceosome","3/117","23/18903",0.000373897962451694,0.0113618042680491,0.00929437725055335,"C1QBP/NPM1/SRSF7",3
"GO:0050821","BP","GO:0050821","protein stabilization","7/117","214/18903",0.00037400957110126,0.0113618042680491,0.00929437725055335,"NPM1/RPL5/PARK7/HSPD1/PPIB/PHB2/PFDN2",7
"GO:1903902","BP","GO:1903902","positive regulation of viral life cycle","3/117","24/18903",0.000425389092547815,0.0127503290672998,0.010430242030611,"HMGB1/LGALS9/AXL",3
"GO:0044409","BP","GO:0044409","entry into host","6/117","158/18903",0.000451902771665069,0.0131932133857542,0.0107925378277358,"RPSA/GSN/HMGB1/LGALS9/VAMP8/AXL",6
"GO:0097530","BP","GO:0097530","granulocyte migration","6/117","158/18903",0.000451902771665069,0.0131932133857542,0.0107925378277358,"C1QBP/CKLF/JAML/PPIA/PPIB/CD300A",6
"GO:0050686","BP","GO:0050686","negative regulation of mRNA processing","3/117","25/18903",0.000481222041495634,0.0138690660164383,0.0113454103440334,"C1QBP/NPM1/SRSF7",3
"GO:0006611","BP","GO:0006611","protein export from nucleus","4/117","59/18903",0.000487934517850347,0.0138845164066782,0.0113580493362366,"RAN/PARK7/CAMK1/ANP32B",4
"GO:0051098","BP","GO:0051098","regulation of binding","9/117","372/18903",0.000512832657375387,0.0141429988484876,0.0115694975596122,"STMN1/RAN/HMGB1/NME1/PARK7/CAMK1/ACTB/HMGB2/CALM2",9
"GO:0030593","BP","GO:0030593","neutrophil chemotaxis","5/117","106/18903",0.000513603726196406,0.0141429988484876,0.0115694975596122,"C1QBP/CKLF/JAML/PPIA/PPIB",5
"GO:0050792","BP","GO:0050792","regulation of viral process","6/117","162/18903",0.000515892306750881,0.0141429988484876,0.0115694975596122,"GSN/HMGB1/PPIA/LGALS9/AXL/BANF1",6
"GO:0019883","BP","GO:0019883","antigen processing and presentation of endogenous antigen","3/117","26/18903",0.000541543548359897,0.0146673481531693,0.0119984347366486,"CD1A/CD1C/TAP1",3
"GO:0042255","BP","GO:0042255","ribosome assembly","4/117","61/18903",0.000554182512505098,0.0147952181777696,0.0121030371589078,"C1QBP/RPSA/NPM1/RPL5",4
"GO:0006090","BP","GO:0006090","pyruvate metabolic process","5/117","108/18903",0.000559427733590041,0.0147952181777696,0.0121030371589078,"FBP1/LDHB/ENO1/PGAM1/VDAC1",5
"GO:0051168","BP","GO:0051168","nuclear export","6/117","165/18903",0.000568349904774246,0.0148564021620059,0.0121530879270576,"NPM1/RAN/PARK7/CAMK1/HNRNPA1/ANP32B",6
"GO:0048024","BP","GO:0048024","regulation of mRNA splicing, via spliceosome","5/117","109/18903",0.000583459032298191,0.0150760448805326,0.0123327638163937,"C1QBP/NPM1/RBM3/HNRNPA1/SRSF7",5
"GO:0002407","BP","GO:0002407","dendritic cell chemotaxis","3/117","27/18903",0.000606497202863721,0.0154932467277005,0.0126740503995565,"C1QBP/HMGB1/LGALS9",3
"GO:0048524","BP","GO:0048524","positive regulation of viral process","4/117","64/18903",0.000665190520980205,0.0167049493896035,0.0136652681137092,"HMGB1/PPIA/LGALS9/AXL",4
"GO:0000470","BP","GO:0000470","maturation of LSU-rRNA","3/117","28/18903",0.000676223485077366,0.0167049493896035,0.0136652681137092,"NHP2/RPL7A/RPL10A",3
"GO:0033119","BP","GO:0033119","negative regulation of RNA splicing","3/117","28/18903",0.000676223485077366,0.0167049493896035,0.0136652681137092,"C1QBP/NPM1/SRSF7",3
"GO:0002456","BP","GO:0002456","T cell mediated immunity","5/117","113/18903",0.00068740889396965,0.0167966868874323,0.013740312789073,"HMGB1/HSPD1/CTSH/CD1A/CD1C",5
"GO:0048857","BP","GO:0048857","neural nucleus development","4/117","65/18903",0.000705452396449239,0.0170522256690095,0.0139493529892113,"YWHAH/ACTB/NDRG2/CALM2",4
"GO:0045333","BP","GO:0045333","cellular respiration","7/117","240/18903",0.000739735387699628,0.0176860626152666,0.0144678551174708,"COX5A/IDH2/PARK7/MDH2/CYC1/PRELID1/NDUFS8",7
"GO:0030837","BP","GO:0030837","negative regulation of actin filament polymerization","4/117","66/18903",0.000747409229737689,0.0176860626152666,0.0144678551174708,"GSN/CAPG/TWF2/CAPZB",4
"GO:0002703","BP","GO:0002703","regulation of leukocyte mediated immunity","7/117","241/18903",0.000758024570582649,0.017750408694477,0.0145204925965777,"HMGB1/HSPD1/LGALS9/VAMP8/CD1A/CD1C/CD300A",7
"GO:0032984","BP","GO:0032984","protein-containing complex disassembly","7/117","242/18903",0.000776670156429836,0.0178158623638191,0.0145740361254879,"GSN/STMN1/VAMP8/CFL1/CAPG/TWF2/CAPZB",7
"GO:0097529","BP","GO:0097529","myeloid leukocyte migration","7/117","242/18903",0.000776670156429836,0.0178158623638191,0.0145740361254879,"C1QBP/CKLF/JAML/HMGB1/PPIA/PPIB/CD300A",7
"GO:0050900","BP","GO:0050900","leukocyte migration","9/117","398/18903",0.000829678128264306,0.0188395599226077,0.0154114586930116,"C1QBP/CORO1A/CKLF/JAML/HMGB1/PPIA/LGALS9/PPIB/CD300A",9
"GO:0032609","BP","GO:0032609","interferon-gamma production","5/117","119/18903",0.000868555735767937,0.0193318147921418,0.015814141431856,"C1QBP/HMGB1/HSPD1/LGALS9/AXL",5
"GO:0032649","BP","GO:0032649","regulation of interferon-gamma production","5/117","119/18903",0.000868555735767937,0.0193318147921418,0.015814141431856,"C1QBP/HMGB1/HSPD1/LGALS9/AXL",5
"GO:0051101","BP","GO:0051101","regulation of DNA binding","5/117","121/18903",0.000936182809034639,0.0206327348500967,0.0168783422846596,"HMGB1/NME1/PARK7/HMGB2/CALM2",5
"GO:0009615","BP","GO:0009615","response to virus","9/117","409/18903",0.00100474078602702,0.0214282811522259,0.0175291286631105,"C1QBP/STMN1/ENO1/LGALS9/MMP12/VAMP8/CFL1/PHB2/BANF1",9
"GO:0043304","BP","GO:0043304","regulation of mast cell degranulation","3/117","32/18903",0.00100555784348673,0.0214282811522259,0.0175291286631105,"LGALS9/VAMP8/CD300A",3
"GO:0046825","BP","GO:0046825","regulation of protein export from nucleus","3/117","32/18903",0.00100555784348673,0.0214282811522259,0.0175291286631105,"PARK7/CAMK1/ANP32B",3
"GO:0000377","BP","GO:0000377","RNA splicing, via transesterification reactions with bulged adenosine as nucleophile","8/117","329/18903",0.00101994042850897,0.0214282811522259,0.0175291286631105,"C1QBP/NPM1/RBM3/HNRNPA1/LSM4/SRSF7/SNRPE/SNRPG",8
"GO:0000398","BP","GO:0000398","mRNA splicing, via spliceosome","8/117","329/18903",0.00101994042850897,0.0214282811522259,0.0175291286631105,"C1QBP/NPM1/RBM3/HNRNPA1/LSM4/SRSF7/SNRPE/SNRPG",8
"GO:1901880","BP","GO:1901880","negative regulation of protein depolymerization","4/117","72/18903",0.00103694840273136,0.0215838889753712,0.0176564216332523,"GSN/CAPG/TWF2/CAPZB",4
"GO:0071677","BP","GO:0071677","positive regulation of mononuclear cell migration","4/117","73/18903",0.00109187251514994,0.0225186184775877,0.0184210650310666,"C1QBP/CORO1A/HMGB1/LGALS9",4
"GO:0000375","BP","GO:0000375","RNA splicing, via transesterification reactions","8/117","333/18903",0.00110195651979931,0.0225199841500805,0.0184221822018124,"C1QBP/NPM1/RBM3/HNRNPA1/LSM4/SRSF7/SNRPE/SNRPG",8
"GO:0033006","BP","GO:0033006","regulation of mast cell activation involved in immune response","3/117","34/18903",0.00120229124479777,0.023980470021235,0.0196169138074066,"LGALS9/VAMP8/CD300A",3
"GO:0036336","BP","GO:0036336","dendritic cell migration","3/117","34/18903",0.00120229124479777,0.023980470021235,0.0196169138074066,"C1QBP/HMGB1/LGALS9",3
"GO:0002699","BP","GO:0002699","positive regulation of immune effector process","7/117","261/18903",0.00120542398238414,0.023980470021235,0.0196169138074066,"HSPD1/LGALS9/VAMP8/CD1A/PHB2/CD1C/CD300A",7
"GO:0071621","BP","GO:0071621","granulocyte chemotaxis","5/117","130/18903",0.00129001243248933,0.0252169386803131,0.0206283910257104,"C1QBP/CKLF/JAML/PPIA/PPIB",5
"GO:1990266","BP","GO:1990266","neutrophil migration","5/117","130/18903",0.00129001243248933,0.0252169386803131,0.0206283910257104,"C1QBP/CKLF/JAML/PPIA/PPIB",5
"GO:0009060","BP","GO:0009060","aerobic respiration","6/117","194/18903",0.00131750331198664,0.0255323055633272,0.0208863728315849,"COX5A/IDH2/PARK7/MDH2/CYC1/NDUFS8",6
"GO:0009141","BP","GO:0009141","nucleoside triphosphate metabolic process","7/117","267/18903",0.00137368188456523,0.0263934775769456,0.0215908434758025,"FBP1/ENO1/RAN/NME1/PGAM1/NDUFS8/DUT",7
"GO:0000423","BP","GO:0000423","mitophagy","3/117","36/18903",0.00142171051250451,0.026857186824455,0.0219701748371993,"SLC25A5/PHB2/VDAC1",3
"GO:1903146","BP","GO:1903146","regulation of autophagy of mitochondrion","3/117","36/18903",0.00142171051250451,0.026857186824455,0.0219701748371993,"SLC25A5/PARK7/VDAC1",3
"GO:0043299","BP","GO:0043299","leukocyte degranulation","4/117","79/18903",0.00146500778035467,0.027412532000613,0.0224244677866037,"CORO1A/LGALS9/VAMP8/CD300A",4
"GO:0043467","BP","GO:0043467","regulation of generation of precursor metabolites and energy","5/117","134/18903",0.00147549660679456,0.027412532000613,0.0224244677866037,"FBP1/PARK7/PGAM1/PHB2/PRELID1",5
"GO:0032070","BP","GO:0032070","regulation of deoxyribonuclease activity","2/117","10/18903",0.00165470185133212,0.0292895256834221,0.023959918228572,"NPM1/HMGB1",2
"GO:0033007","BP","GO:0033007","negative regulation of mast cell activation involved in immune response","2/117","10/18903",0.00165470185133212,0.0292895256834221,0.023959918228572,"LGALS9/CD300A",2
"GO:0060054","BP","GO:0060054","positive regulation of epithelial cell proliferation involved in wound healing","2/117","10/18903",0.00165470185133212,0.0292895256834221,0.023959918228572,"JAML/MMP12",2
"GO:0098974","BP","GO:0098974","postsynaptic actin cytoskeleton organization","2/117","10/18903",0.00165470185133212,0.0292895256834221,0.023959918228572,"ACTG1/ACTB",2
"GO:2000510","BP","GO:2000510","positive regulation of dendritic cell chemotaxis","2/117","10/18903",0.00165470185133212,0.0292895256834221,0.023959918228572,"C1QBP/LGALS9",2
"GO:2001269","BP","GO:2001269","positive regulation of cysteine-type endopeptidase activity involved in apoptotic signaling pathway","2/117","10/18903",0.00165470185133212,0.0292895256834221,0.023959918228572,"GSN/LGALS9",2
"GO:0043242","BP","GO:0043242","negative regulation of protein-containing complex disassembly","4/117","82/18903",0.00168136367845522,0.0295289496028698,0.0241557758738591,"GSN/CAPG/TWF2/CAPZB",4
"GO:0050684","BP","GO:0050684","regulation of mRNA processing","5/117","139/18903",0.00173413094559106,0.0302195842301449,0.0247207406115673,"C1QBP/NPM1/RBM3/HNRNPA1/SRSF7",5
"GO:0071674","BP","GO:0071674","mononuclear cell migration","6/117","206/18903",0.00178730039868733,0.0309065484326856,0.0252827028057228,"C1QBP/CORO1A/CKLF/JAML/HMGB1/LGALS9",6
"GO:1990000","BP","GO:1990000","amyloid fibril formation","3/117","40/18903",0.00193226235252958,0.0330371069402308,0.0270255786779281,"GSN/HNRNPA1/PFDN2",3
"GO:0002696","BP","GO:0002696","positive regulation of leukocyte activation","9/117","450/18903",0.00193990129720216,0.0330371069402308,0.0270255786779281,"IGHA2/CORO1A/HMGB1/HSPD1/LGALS9/ACTB/VAMP8/AXL/HLA-DQB1",9
"GO:0042989","BP","GO:0042989","sequestering of actin monomers","2/117","11/18903",0.00201424094195514,0.0340452153196627,0.027850248718604,"GSN/TWF2",2
"GO:0032733","BP","GO:0032733","positive regulation of interleukin-10 production","3/117","41/18903",0.00207547137698713,0.0348183556378139,0.0284827061712216,"HMGB1/HSPD1/LGALS9",3
"GO:1901879","BP","GO:1901879","regulation of protein depolymerization","4/117","88/18903",0.0021789061517852,0.0362828224386157,0.0296806943249024,"GSN/CAPG/TWF2/CAPZB",4
"GO:0010591","BP","GO:0010591","regulation of lamellipodium assembly","3/117","42/18903",0.00222511452657256,0.0367798342333464,0.030087268404971,"ARPC2/TWF2/CAPZB",3
"GO:0002709","BP","GO:0002709","regulation of T cell mediated immunity","4/117","89/18903",0.00227068287446368,0.0372590883342653,0.030479316032947,"HMGB1/HSPD1/CD1A/CD1C",4
"GO:0002460","BP","GO:0002460","adaptive immune response based on somatic recombination of immune receptors built from immunoglobulin superfamily domains","8/117","375/18903",0.00232381503534815,0.0375810412181306,0.0307426854317635,"C1QBP/IGHA2/HMGB1/HSPD1/CTSH/CD1A/HLA-DQB1/CD1C",8
"GO:0002366","BP","GO:0002366","leukocyte activation involved in immune response","7/117","293/18903",0.00232565213531377,0.0375810412181306,0.0307426854317635,"CORO1A/HMGB1/HSPD1/LGALS9/VAMP8/CD1C/CD300A",7
"GO:0050863","BP","GO:0050863","regulation of T cell activation","8/117","376/18903",0.00236229450003457,0.0375810412181306,0.0307426854317635,"CORO1A/HMGB1/HSPD1/LGALS9/ACTB/HLA-DQB1/PRELID1/CD300A",8
"GO:0002424","BP","GO:0002424","T cell mediated immune response to tumor cell","2/117","12/18903",0.00240732648372367,0.0375810412181306,0.0307426854317635,"HMGB1/HSPD1",2
"GO:0002887","BP","GO:0002887","negative regulation of myeloid leukocyte mediated immunity","2/117","12/18903",0.00240732648372367,0.0375810412181306,0.0307426854317635,"LGALS9/CD300A",2
"GO:0099188","BP","GO:0099188","postsynaptic cytoskeleton organization","2/117","12/18903",0.00240732648372367,0.0375810412181306,0.0307426854317635,"ACTG1/ACTB",2
"GO:2000508","BP","GO:2000508","regulation of dendritic cell chemotaxis","2/117","12/18903",0.00240732648372367,0.0375810412181306,0.0307426854317635,"C1QBP/LGALS9",2
"GO:0030901","BP","GO:0030901","midbrain development","4/117","91/18903",0.00246216726501608,0.0381720828396976,0.0312261793973364,"YWHAH/ACTB/NDRG2/CALM2",4
"GO:0050867","BP","GO:0050867","positive regulation of cell activation","9/117","467/18903",0.00249010220560257,0.038340751768456,0.0313641568362486,"IGHA2/CORO1A/HMGB1/HSPD1/LGALS9/ACTB/VAMP8/AXL/HLA-DQB1",9
"GO:0002263","BP","GO:0002263","cell activation involved in immune response","7/117","297/18903",0.00250867434591417,0.0383639450994221,0.0313831298411174,"CORO1A/HMGB1/HSPD1/LGALS9/VAMP8/CD1C/CD300A",7
"GO:0000422","BP","GO:0000422","autophagy of mitochondrion","4/117","93/18903",0.00266447720421647,0.0399316317005242,0.0326655556194118,"SLC25A5/PARK7/PHB2/VDAC1",4
"GO:0019646","BP","GO:0019646","aerobic electron transport chain","4/117","93/18903",0.00266447720421647,0.0399316317005242,0.0326655556194118,"COX5A/PARK7/CYC1/NDUFS8",4
"GO:0061726","BP","GO:0061726","mitochondrion disassembly","4/117","93/18903",0.00266447720421647,0.0399316317005242,0.0326655556194118,"SLC25A5/PARK7/PHB2/VDAC1",4
"GO:0033003","BP","GO:0033003","regulation of mast cell activation","3/117","45/18903",0.0027136194516005,0.0401330034684074,0.0328302851935324,"LGALS9/VAMP8/CD300A",3
"GO:0046636","BP","GO:0046636","negative regulation of alpha-beta T cell activation","3/117","45/18903",0.0027136194516005,0.0401330034684074,0.0328302851935324,"HMGB1/LGALS9/CD300A",3
"GO:0140694","BP","GO:0140694","non-membrane-bounded organelle assembly","8/117","386/18903",0.00277529431483547,0.0403151284173401,0.0329792701559717,"C1QBP/RPSA/GSN/NPM1/RPL5/TUBB/ACTG1/LSM4",8
"GO:0097048","BP","GO:0097048","dendritic cell apoptotic process","2/117","13/18903",0.00283353660584508,0.0403151284173401,0.0329792701559717,"LGALS9/AXL",2
"GO:1901524","BP","GO:1901524","regulation of mitophagy","2/117","13/18903",0.00283353660584508,0.0403151284173401,0.0329792701559717,"SLC25A5/VDAC1",2
"GO:1901857","BP","GO:1901857","positive regulation of cellular respiration","2/117","13/18903",0.00283353660584508,0.0403151284173401,0.0329792701559717,"PARK7/PRELID1",2
"GO:2000668","BP","GO:2000668","regulation of dendritic cell apoptotic process","2/117","13/18903",0.00283353660584508,0.0403151284173401,0.0329792701559717,"LGALS9/AXL",2
"GO:2001198","BP","GO:2001198","regulation of dendritic cell differentiation","2/117","13/18903",0.00283353660584508,0.0403151284173401,0.0329792701559717,"HMGB1/LGALS9",2
"GO:0046596","BP","GO:0046596","regulation of viral entry into host cell","3/117","46/18903",0.00288995732525365,0.0408592708627056,0.0334243988561279,"GSN/HMGB1/LGALS9",3
"GO:0051051","BP","GO:0051051","negative regulation of transport","9/117","479/18903",0.00294833611718471,0.0412667552498311,0.0337577361965981,"CORO1A/HMGB1/UCP2/PARK7/LGALS9/VAMP8/CD300A/CALM2/VDAC1",9
"GO:0050878","BP","GO:0050878","regulation of body fluid levels","8/117","390/18903",0.00295549270250125,0.0412667552498311,0.0337577361965981,"STMN1/ACTG1/NME1/PPIA/APRT/ACTB/VAMP8/AXL",8
"GO:0006364","BP","GO:0006364","rRNA processing","6/117","229/18903",0.00303107382374669,0.0420608268875466,0.0344073162448698,"RPL5/NHP2/RPL14/PA2G4/RPL7A/RPL10A",6
"GO:0034314","BP","GO:0034314","Arp2/3 complex-mediated actin nucleation","3/117","47/18903",0.00307319604927525,0.0421252726754315,0.0344600352893701,"ARPC3/ARPC1B/ARPC2",3
"GO:0097028","BP","GO:0097028","dendritic cell differentiation","3/117","47/18903",0.00307319604927525,0.0421252726754315,0.0344600352893701,"HMGB1/LGALS9/AXL",3
"GO:1903311","BP","GO:1903311","regulation of mRNA metabolic process","7/117","309/18903",0.00312491998461356,0.042574667426735,0.0348276568620088,"C1QBP/NPM1/APEX1/RBM3/HNRNPA1/SRSF7/SERBP1",7
"GO:0002475","BP","GO:0002475","antigen processing and presentation via MHC class Ib","2/117","14/18903",0.00329245329702553,0.0433903145368845,0.0354948864468708,"CD1A/CD1C",2
"GO:0033004","BP","GO:0033004","negative regulation of mast cell activation","2/117","14/18903",0.00329245329702553,0.0433903145368845,0.0354948864468708,"LGALS9/CD300A",2
"GO:0043301","BP","GO:0043301","negative regulation of leukocyte degranulation","2/117","14/18903",0.00329245329702553,0.0433903145368845,0.0354948864468708,"LGALS9/CD300A",2
"GO:0046598","BP","GO:0046598","positive regulation of viral entry into host cell","2/117","14/18903",0.00329245329702553,0.0433903145368845,0.0354948864468708,"HMGB1/LGALS9",2
"GO:0075294","BP","GO:0075294","positive regulation by symbiont of entry into host","2/117","14/18903",0.00329245329702553,0.0433903145368845,0.0354948864468708,"HMGB1/LGALS9",2
"GO:2001234","BP","GO:2001234","negative regulation of apoptotic signaling pathway","6/117","233/18903",0.00330059776948721,0.0433903145368845,0.0354948864468708,"SLC25A5/ENO1/PPIA/PARK7/PRELID1/HMGB2",6
"GO:0022618","BP","GO:0022618","ribonucleoprotein complex assembly","6/117","234/18903",0.00337068684360515,0.0437235767298998,0.0357675072799845,"RPSA/RPL5/LSM4/EIF3K/SNRPE/SNRPG",6
"GO:0006909","BP","GO:0006909","phagocytosis","7/117","314/18903",0.00341342954653898,0.0437235767298998,0.0357675072799845,"IGHA2/CORO1A/GSN/HMGB1/PLD4/AXL/CD300A",7
"GO:0051251","BP","GO:0051251","positive regulation of lymphocyte activation","8/117","400/18903",0.00344609897302569,0.0437235767298998,0.0357675072799845,"IGHA2/CORO1A/HMGB1/HSPD1/LGALS9/ACTB/AXL/HLA-DQB1",8
"GO:0035307","BP","GO:0035307","positive regulation of protein dephosphorylation","3/117","49/18903",0.00346071779494305,0.0437235767298998,0.0357675072799845,"PPIA/CD300A/CALM2",3
"GO:0043300","BP","GO:0043300","regulation of leukocyte degranulation","3/117","49/18903",0.00346071779494305,0.0437235767298998,0.0357675072799845,"LGALS9/VAMP8/CD300A",3
"GO:0001776","BP","GO:0001776","leukocyte homeostasis","4/117","100/18903",0.00346209815743869,0.0437235767298998,0.0357675072799845,"CORO1A/HMGB1/LGALS9/AXL",4
"GO:0006165","BP","GO:0006165","nucleoside diphosphate phosphorylation","4/117","100/18903",0.00346209815743869,0.0437235767298998,0.0357675072799845,"FBP1/ENO1/NME1/PGAM1",4
"GO:0042773","BP","GO:0042773","ATP synthesis coupled electron transport","4/117","101/18903",0.0035879004385978,0.0448088899220437,0.0366553337206454,"COX5A/PARK7/CYC1/NDUFS8",4
"GO:0042775","BP","GO:0042775","mitochondrial ATP synthesis coupled electron transport","4/117","101/18903",0.0035879004385978,0.0448088899220437,0.0366553337206454,"COX5A/PARK7/CYC1/NDUFS8",4
"GO:0046939","BP","GO:0046939","nucleotide phosphorylation","4/117","102/18903",0.0037167745933723,0.0461619297563587,0.0377621704834045,"FBP1/ENO1/NME1/PGAM1",4
"GO:0000054","BP","GO:0000054","ribosomal subunit export from nucleus","2/117","15/18903",0.00378366237452324,0.0462264837930883,0.0378149780794743,"NPM1/RAN",2
"GO:0033750","BP","GO:0033750","ribosome localization","2/117","15/18903",0.00378366237452324,0.0462264837930883,0.0378149780794743,"NPM1/RAN",2
"GO:0070234","BP","GO:0070234","positive regulation of T cell apoptotic process","2/117","15/18903",0.00378366237452324,0.0462264837930883,0.0378149780794743,"LGALS9/PRELID1",2
"GO:0000387","BP","GO:0000387","spliceosomal snRNP assembly","3/117","51/18903",0.00387684473304391,0.0468556288165737,0.0383296420409038,"LSM4/SNRPE/SNRPG",3
"GO:0001913","BP","GO:0001913","T cell mediated cytotoxicity","3/117","51/18903",0.00387684473304391,0.0468556288165737,0.0383296420409038,"CTSH/CD1A/CD1C",3
"GO:0009205","BP","GO:0009205","purine ribonucleoside triphosphate metabolic process","6/117","242/18903",0.00397205921042202,0.0474956867288761,0.0388532331500967,"FBP1/ENO1/RAN/NME1/PGAM1/NDUFS8",6
"GO:0071826","BP","GO:0071826","ribonucleoprotein complex subunit organization","6/117","242/18903",0.00397205921042202,0.0474956867288761,0.0388532331500967,"RPSA/RPL5/LSM4/EIF3K/SNRPE/SNRPG",6
"GO:0043303","BP","GO:0043303","mast cell degranulation","3/117","52/18903",0.00409583131897189,0.048516555839012,0.0396883419417278,"LGALS9/VAMP8/CD300A",3
"GO:0032479","BP","GO:0032479","regulation of type I interferon production","4/117","105/18903",0.00412218067849257,0.048516555839012,0.0396883419417278,"HSPD1/MMP12/HMGB2/BANF1",4
"GO:0032606","BP","GO:0032606","type I interferon production","4/117","105/18903",0.00412218067849257,0.048516555839012,0.0396883419417278,"HSPD1/MMP12/HMGB2/BANF1",4
"GO:0005839","CC","GO:0005839","proteasome core complex","6/117","20/19869",1.32744311157443e-09,2.72311829596421e-07,1.94876697439317e-07,"PSMB8/PSMB9/PSMA5/PSMA4/PSMB1/PSMA7",6
"GO:0000502","CC","GO:0000502","proteasome complex","8/117","59/19869",1.95907791076562e-09,2.72311829596421e-07,1.94876697439317e-07,"PSME2/PSMB8/PSMB9/PSMA5/PSMA4/PSME1/PSMB1/PSMA7",8
"GO:0005925","CC","GO:0005925","focal adhesion","16/117","422/19869",3.66629942634289e-09,3.39743746841108e-07,2.43133540904844e-07,"GSN/NPM1/RPL5/ARPC3/ARPC1B/ACTG1/PPIA/RPL4/LAP3/GDI2/ACTB/CFL1/ARPC2/PPIB/RPL7A/RPL10A",16
"GO:0030055","CC","GO:0030055","cell-substrate junction","16/117","432/19869",5.11453042842044e-09,3.5545986477522e-07,2.54380592360911e-07,"GSN/NPM1/RPL5/ARPC3/ARPC1B/ACTG1/PPIA/RPL4/LAP3/GDI2/ACTB/CFL1/ARPC2/PPIB/RPL7A/RPL10A",16
"GO:1905369","CC","GO:1905369","endopeptidase complex","8/117","82/19869",2.81420353204679e-08,1.56469716381802e-06,1.11975677380388e-06,"PSME2/PSMB8/PSMB9/PSMA5/PSMA4/PSME1/PSMB1/PSMA7",8
"GO:0034774","CC","GO:0034774","secretory granule lumen","13/117","322/19869",5.70636055567376e-08,2.37306548161976e-06,1.69825587287442e-06,"COTL1/GSN/PLAC8/TUBB/HMGB1/PPIA/APRT/PSMA5/GDI2/CTSH/PA2G4/PGAM1/PSMB1",13
"GO:0060205","CC","GO:0060205","cytoplasmic vesicle lumen","13/117","325/19869",6.35804502364355e-08,2.37306548161976e-06,1.69825587287442e-06,"COTL1/GSN/PLAC8/TUBB/HMGB1/PPIA/APRT/PSMA5/GDI2/CTSH/PA2G4/PGAM1/PSMB1",13
"GO:0031983","CC","GO:0031983","vesicle lumen","13/117","327/19869",6.82896541473311e-08,2.37306548161976e-06,1.69825587287442e-06,"COTL1/GSN/PLAC8/TUBB/HMGB1/PPIA/APRT/PSMA5/GDI2/CTSH/PA2G4/PGAM1/PSMB1",13
"GO:1905368","CC","GO:1905368","peptidase complex","8/117","118/19869",4.84508479596286e-07,1.49659285919742e-05,1.07101874437074e-05,"PSME2/PSMB8/PSMB9/PSMA5/PSMA4/PSME1/PSMB1/PSMA7",8
"GO:1904813","CC","GO:1904813","ficolin-1-rich granule lumen","8/117","124/19869",7.08119257272183e-07,1.96857153521667e-05,1.40878462762571e-05,"COTL1/GSN/HMGB1/PPIA/PSMA5/CTSH/PGAM1/PSMB1",8
"GO:0101002","CC","GO:0101002","ficolin-1-rich granule","9/117","185/19869",1.50673744442894e-06,3.80793645046588e-05,2.72510408609637e-05,"COTL1/GSN/HMGB1/PPIA/PSMA5/CTSH/PGAM1/PSMB1/CD300A",9
"GO:0022626","CC","GO:0022626","cytosolic ribosome","7/117","105/19869",2.89656976473925e-06,6.71038662164594e-05,4.80220776785718e-05,"RPSA/RPS4Y1/RPL5/RPL4/RPL14/RPL7A/RPL10A",7
"GO:0030027","CC","GO:0030027","lamellipodium","9/117","203/19869",3.23878342618805e-06,6.92601378830982e-05,4.95651876558333e-05,"CORO1A/GSN/ARPC3/ACTB/CFL1/CAPG/ARPC2/TWF2/CAPZB",9
"GO:0005840","CC","GO:0005840","ribosome","9/117","232/19869",9.56134211376008e-06,0.00018986093625895,0.000135871703721854,"RPSA/NPM1/RPS4Y1/RPL5/RPL4/APEX1/RPL14/RPL7A/RPL10A",9
"GO:0044391","CC","GO:0044391","ribosomal subunit","8/117","188/19869",1.5668629151538e-05,0.000290391926941838,0.000207815502430925,"RPSA/NPM1/RPS4Y1/RPL5/RPL4/RPL14/RPL7A/RPL10A",8
"GO:0022625","CC","GO:0022625","cytosolic large ribosomal subunit","5/117","59/19869",2.52356114722621e-05,0.000438468749330555,0.000313784905806417,"RPL5/RPL4/RPL14/RPL7A/RPL10A",5
"GO:0019774","CC","GO:0019774","proteasome core complex, beta-subunit complex","3/117","11/19869",3.17242178096328e-05,0.000518784267710465,0.000371261744026043,"PSMB8/PSMB9/PSMB1",3
"GO:0031252","CC","GO:0031252","cell leading edge","11/117","421/19869",3.93234973278742e-05,0.000607329569841613,0.000434628128360715,"S100B/CORO1A/GSN/ARPC3/NME1/ACTB/CFL1/CAPG/ARPC2/TWF2/CAPZB",11
"GO:0015934","CC","GO:0015934","large ribosomal subunit","6/117","115/19869",6.11711119872476e-05,0.000895029954339728,0.000640517460697495,"NPM1/RPL5/RPL4/RPL14/RPL7A/RPL10A",6
"GO:0045335","CC","GO:0045335","phagocytic vesicle","6/117","139/19869",0.000174124067886253,0.00242032454361892,0.00173207625423694,"CORO1A/GSN/ACTG1/PLD4/VAMP8/TAP1",6
"GO:0030863","CC","GO:0030863","cortical cytoskeleton","5/117","108/19869",0.000446877488577112,0.00591580675354463,0.00423357620757264,"CORO1A/COTL1/GSN/ACTB/CAPZB",5
"GO:0005884","CC","GO:0005884","actin filament","5/117","114/19869",0.000572304258472105,0.00695363512490373,0.00497628564409998,"CORO1A/COTL1/ACTG1/ACTB/TWF2",5
"GO:0005759","CC","GO:0005759","mitochondrial matrix","10/117","483/19869",0.000575300747743834,0.00695363512490373,0.00497628564409998,"C1QBP/SLC25A5/IDH2/PARK7/HSPD1/MDH2/TUFM/NDUFS8/ECHS1/VDAC1",10
"GO:0036464","CC","GO:0036464","cytoplasmic ribonucleoprotein granule","7/117","248/19869",0.0006709582643077,0.00777193322823086,0.00556189087518225,"TUBA1A/TUBB/PSMA4/ACTB/CTSH/LSM4/SNRPG",7
"GO:0035770","CC","GO:0035770","ribonucleoprotein granule","7/117","265/19869",0.000988958720633276,0.010997220973442,0.00787002939788165,"TUBA1A/TUBB/PSMA4/ACTB/CTSH/LSM4/SNRPG",7
"GO:0034663","CC","GO:0034663","endoplasmic reticulum chaperone complex","2/117","11/19869",0.00182637876019449,0.0195282036666949,0.0139751249261845,"PPIB/PDIA6",2
"GO:0035578","CC","GO:0035578","azurophil granule lumen","4/117","91/19869",0.00205795288545006,0.019866777414334,0.0142174211711818,"PLAC8/TUBB/GDI2/PA2G4",4
"GO:0034709","CC","GO:0034709","methylosome","2/117","12/19869",0.0021832310578106,0.019866777414334,0.0142174211711818,"SNRPE/SNRPG",2
"GO:0005766","CC","GO:0005766","primary lysosome","5/117","155/19869",0.00225071716567265,0.019866777414334,0.0142174211711818,"PLAC8/TUBB/GDI2/VAMP8/PA2G4",5
"GO:0042582","CC","GO:0042582","azurophil granule","5/117","155/19869",0.00225071716567265,0.019866777414334,0.0142174211711818,"PLAC8/TUBB/GDI2/VAMP8/PA2G4",5
"GO:0009295","CC","GO:0009295","nucleoid","3/117","45/19869",0.0023582865276008,0.019866777414334,0.0142174211711818,"SLC25A5/TUFM/VDAC1",3
"GO:0042645","CC","GO:0042645","mitochondrial nucleoid","3/117","45/19869",0.0023582865276008,0.019866777414334,0.0142174211711818,"SLC25A5/TUFM/VDAC1",3
"GO:0046540","CC","GO:0046540","U4/U6 x U5 tri-snRNP complex","3/117","45/19869",0.0023582865276008,0.019866777414334,0.0142174211711818,"LSM4/SNRPE/SNRPG",3
"GO:0097526","CC","GO:0097526","spliceosomal tri-snRNP complex","3/117","46/19869",0.00251207653016571,0.0204152867627064,0.0146099553129554,"LSM4/SNRPE/SNRPG",3
"GO:0005687","CC","GO:0005687","U4 snRNP","2/117","13/19869",0.00257026991616808,0.0204152867627064,0.0146099553129554,"SNRPE/SNRPG",2
"GO:0005743","CC","GO:0005743","mitochondrial inner membrane","9/117","498/19869",0.00274655704102296,0.0212095238167884,0.0151783415424953,"SLC25A5/LDHB/COX5A/SLC25A3/UCP2/HSPD1/CYC1/PHB2/NDUFS8",9
"GO:0071005","CC","GO:0071005","U2-type precatalytic spliceosome","3/117","50/19869",0.00318867141712452,0.0239581257827194,0.0171453455999014,"LSM4/SNRPE/SNRPG",3
"GO:0071011","CC","GO:0071011","precatalytic spliceosome","3/117","53/19869",0.00376271630851281,0.0275272403622779,0.0196995396761474,"LSM4/SNRPE/SNRPG",3
"GO:0042470","CC","GO:0042470","melanosome","4/117","110/19869",0.0040817541378191,0.0283681912578428,0.0203013561065213,"RAN/CAPG/PPIB/PDIA6",4
"GO:0048770","CC","GO:0048770","pigment granule","4/117","110/19869",0.0040817541378191,0.0283681912578428,0.0203013561065213,"RAN/CAPG/PPIB/PDIA6",4
"GO:0030139","CC","GO:0030139","endocytic vesicle","7/117","343/19869",0.00421831593829447,0.0286022397767284,0.0204688501242017,"CORO1A/GSN/ACTG1/PLD4/VAMP8/HLA-DQB1/TAP1",7
"GO:0034719","CC","GO:0034719","SMN-Sm protein complex","2/117","18/19869",0.00494571158501431,0.03197460047986,0.0228822396467003,"SNRPE/SNRPG",2
"GO:0044305","CC","GO:0044305","calyx of Held","2/117","18/19869",0.00494571158501431,0.03197460047986,0.0228822396467003,"ACTG1/ACTB",2
"GO:0005681","CC","GO:0005681","spliceosomal complex","5/117","195/19869",0.00597497875996942,0.0377510021652614,0.0270160522879,"RBM3/HNRNPA1/LSM4/SNRPE/SNRPG",5
"GO:0005844","CC","GO:0005844","polysome","3/117","66/19869",0.00695487939163847,0.0429656993527888,0.0307478878367174,"RPS4Y1/RPL7A/RPL10A",3
"GO:0005697","CC","GO:0005697","telomerase holoenzyme complex","2/117","22/19869",0.00735335682737927,0.0444398521306834,0.031802847605828,"NHP2/SNRPE",2
"GO:0022624","CC","GO:0022624","proteasome accessory complex","2/117","23/19869",0.00802287768752552,0.046691029281801,0.0334138755557001,"PSME2/PSME1",2
"GO:0098798","CC","GO:0098798","mitochondrial protein-containing complex","6/117","295/19869",0.00806176045153399,0.046691029281801,0.0334138755557001,"SLC25A5/COX5A/CYC1/PHB2/NDUFS8/VDAC1",6
"GO:0005682","CC","GO:0005682","U5 snRNP","2/117","24/19869",0.00871877534976466,0.049132387399663,0.0351610042352757,"SNRPE/SNRPG",2
"GO:0098685","CC","GO:0098685","Schaffer collateral - CA1 synapse","3/117","72/19869",0.0088367603236804,0.049132387399663,0.0351610042352757,"ACTG1/ACTB/CAPZB",3
"GO:0005200","MF","GO:0005200","structural constituent of cytoskeleton","8/117","107/18432",3.9994997038172e-07,0.000151980988745054,0.00012208999095863,"TUBA1B/TUBA1A/ARPC3/TUBB/ARPC1B/ACTG1/ACTB/ARPC2",8
"GO:0051015","MF","GO:0051015","actin filament binding","10/117","219/18432",1.34552287757019e-06,0.000255649346738336,0.000205369281313344,"CORO1A/COTL1/GSN/ARPC3/ARPC1B/CFL1/CAPG/ARPC2/TWF2/CAPZB",10
"GO:0043021","MF","GO:0043021","ribonucleoprotein complex binding","8/117","159/18432",7.90767392018969e-06,0.00100163869655736,0.000804640504159653,"C1QBP/RPSA/NPM1/NME1/RBM3/EIF3K/SERBP1/SNRPG",8
"GO:0003779","MF","GO:0003779","actin binding","12/117","439/18432",2.29808207555959e-05,0.00218317797178161,0.00175379947871653,"CORO1A/COTL1/GSN/LSP1/YWHAH/ARPC3/ARPC1B/CFL1/CAPG/ARPC2/TWF2/CAPZB",12
"GO:0050786","MF","GO:0050786","RAGE receptor binding","3/117","10/18432",2.89568071227815e-05,0.00220071734133139,0.00176788927696982,"S100B/HMGB1/HMGB2",3
"GO:0045296","MF","GO:0045296","cadherin binding","10/117","333/18432",5.22531471627398e-05,0.00330936598697352,0.00265849345213939,"ENO1/RANBP1/RAN/PARK7/RPL14/CAPG/TWF2/RPL7A/SERBP1/CAPZB",10
"GO:0005092","MF","GO:0005092","GDP-dissociation inhibitor activity","3/117","16/18432",0.00013142291823834,0.00626084387790027,0.00502948677172044,"ARHGDIB/RANBP1/GDI2",3
"GO:0003735","MF","GO:0003735","structural constituent of ribosome","7/117","176/18432",0.000131807239534742,0.00626084387790027,0.00502948677172044,"RPSA/RPS4Y1/RPL5/RPL4/RPL14/RPL7A/RPL10A",7
"GO:0016853","MF","GO:0016853","isomerase activity","6/117","156/18432",0.000482022292092783,0.0203520523328064,0.0163492941177669,"PPIA/HSPD1/PPIB/PGAM1/PDIA6/ECHS1",6
"GO:0047485","MF","GO:0047485","protein N-terminus binding","5/117","106/18432",0.0005753340483858,0.0218626938386604,0.0175628288454613,"NPM1/ALOX5AP/PHB2/BANF1/CALM2",5
"GO:0031625","MF","GO:0031625","ubiquitin protein ligase binding","8/117","299/18432",0.000645920987246913,0.0223136341048934,0.0179250800288617,"TUBA1B/SLC25A5/RPL5/TUBB/ACTG1/HSPD1/PA2G4/UBE2L6",8
"GO:0043548","MF","GO:0043548","phosphatidylinositol 3-kinase binding","3/117","30/18432",0.000893069000948183,0.0252860061158504,0.0203128580986056,"CORO1A/GSN/AXL",3
"GO:0140297","MF","GO:0140297","DNA-binding transcription factor binding","10/117","476/18432",0.00091067567185487,0.0252860061158504,0.0203128580986056,"FBP1/NPM1/YWHAH/HMGB1/PARK7/PTMA/APEX1/ACTB/PHB2/HMGB2",10
"GO:0044389","MF","GO:0044389","ubiquitin-like protein ligase binding","8/117","318/18432",0.000962866087088761,0.0252860061158504,0.0203128580986056,"TUBA1B/SLC25A5/RPL5/TUBB/ACTG1/HSPD1/PA2G4/UBE2L6",8
"GO:0003697","MF","GO:0003697","single-stranded DNA binding","5/117","124/18432",0.00116785084987933,0.0252860061158504,0.0203128580986056,"HMGB1/HSPD1/HNRNPA1/HMGB2/SUB1",5
"GO:0051082","MF","GO:0051082","unfolded protein binding","5/117","124/18432",0.00116785084987933,0.0252860061158504,0.0203128580986056,"NPM1/PPIA/HSPD1/PPIB/PFDN2",5
"GO:0033218","MF","GO:0033218","amide binding","9/117","408/18432",0.00117625059065663,0.0252860061158504,0.0203128580986056,"PPIA/CD1A/PPIB/HLA-DQB1/PHB2/CD1C/PFDN2/TAP1/VDAC1",9
"GO:0043022","MF","GO:0043022","ribosome binding","4/117","73/18432",0.00119775818443502,0.0252860061158504,0.0203128580986056,"C1QBP/RPSA/EIF3K/SERBP1",4
"GO:0030957","MF","GO:0030957","Tat protein binding","2/117","10/18432",0.00173890739983887,0.0320071013812041,0.0257120759017983,"NPM1/ACTB",2
"GO:0071723","MF","GO:0071723","lipopeptide binding","2/117","10/18432",0.00173890739983887,0.0320071013812041,0.0257120759017983,"CD1A/CD1C",2
"GO:0061629","MF","GO:0061629","RNA polymerase II-specific DNA-binding transcription factor binding","8/117","350/18432",0.00176881349738233,0.0320071013812041,0.0257120759017983,"FBP1/NPM1/YWHAH/HMGB1/PARK7/APEX1/ACTB/PHB2",8
"GO:0031492","MF","GO:0031492","nucleosomal DNA binding","3/117","40/18432",0.00207536529917866,0.035847218803995,0.0287969347732924,"HMGN2/ACTB/HMGN1",3
"GO:0016504","MF","GO:0016504","peptidase activator activity","3/117","45/18432",0.00291293383365338,0.0452475090844607,0.0363484144999823,"PSME2/CTSH/PSME1",3
"GO:0061133","MF","GO:0061133","endopeptidase activator activity","2/117","13/18432",0.0029768098081882,0.0452475090844607,0.0363484144999823,"PSME2/PSME1",2
"GO:0099186","MF","GO:0099186","structural constituent of postsynapse","2/117","13/18432",0.0029768098081882,0.0452475090844607,0.0363484144999823,"ACTG1/ACTB",2
"GO:0000287","MF","GO:0000287","magnesium ion binding","6/117","225/18432",0.00314374230445326,0.04594700291124,0.0369103347486415,"PPA1/IDH2/ENO1/RAN/NME1/DUT",6
"GO:0032036","MF","GO:0032036","myosin heavy chain binding","2/117","14/18432",0.00345857467586255,0.0469377991724203,0.0377062652631631,"CORO1A/AXL",2
"GO:0043023","MF","GO:0043023","ribosomal large subunit binding","2/117","14/18432",0.00345857467586255,0.0469377991724203,0.0377062652631631,"NPM1/RBM3",2
