"module","species","r","p_value","significance"
"MEblue","Prevotella_sp_oral_taxon_299",-0.11,0.41,""
"MEblue","Streptococcus_sp_116_D4",0.076,0.58,""
"MEblue","Lancefieldella_parvula",-0.052,0.71,""
"MEblue","Prevotella_jejuni",-0.037,0.79,""
"MEblue","Schaalia_odontolytica",-0.0091,0.95,""
"MEblue","Campylobacter_concisus",-0.052,0.7,""
"MEblue","Erwinia_sp_Ejp617",-0.096,0.48,""
"MEblue","Collinsella_aerofaciens",-0.048,0.72,""
"MEblue","Prevotella_denticola",0.077,0.57,""
"MEblue","Kingella_oralis",0.31,0.019,"*"
"MEblue","Schaalia_meyeri",-0.053,0.7,""
"MEblue","Pantoea_sp_CCBC3_3_1",-0.15,0.28,""
"MEblue","Streptococcus_mitis",0.037,0.78,""
"MEblue","Schaalia_cardiffensis",-0.084,0.54,""
"MEblue","Nanosynbacter_sp_HMT_352",0.036,0.79,""
"MEblue","Candidatus_Methylopumilus_turicensis",-0.073,0.59,""
"MEblue","Streptococcus_sp_1643",0.086,0.53,""
"MEblue","Porphyromonas_endodontalis",0.045,0.74,""
"MEblue","Streptococcus_oralis",0.097,0.48,""
"MEblue","Prevotella_scopos",0.0053,0.97,""
"MEblue","Desulfobulbus_oralis",-0.02,0.88,""
"MEblue","Tannerella_forsythia",-0.043,0.75,""
"MEblue","Blattabacterium_punctulatus",-0.13,0.33,""
"MEblue","Streptococcus_pseudopneumoniae",0.1,0.46,""
"MEblue","Microbacterium_paludicola",0.038,0.78,""
"MEblue","Prevotella_histicola",-0.082,0.55,""
"MEblue","Shewanella_loihica",-0.054,0.7,""
"MEblue","Olsenella_uli",-0.011,0.93,""
"MEblue","Mogibacterium_diversum",-0.097,0.48,""
"MEblue","Porphyromonas_gingivalis",0.0094,0.95,""
"MEblue","Prevotella_multiformis",-0.031,0.82,""
"MEblue","Lachnoanaerobaculum_umeaense",-0.11,0.42,""
"MEblue","Veillonella_atypica",-0.015,0.91,""
"MEblue","Planktothrix_rubescens",-0.13,0.33,""
"MEblue","Rothia_mucilaginosa",0.061,0.66,""
"MEblue","Prevotella_veroralis",-0.12,0.38,""
"MEblue","Candidatus_Nanosynbacter_sp_HMT352",0.0023,0.99,""
"MEblue","Fusobacterium_periodonticum",-0.097,0.48,""
"MEblue","Fusobacterium_pseudoperiodonticum",-0.084,0.54,""
"MEblue","Streptococcus_sp_FDAARGOS_192",0.012,0.93,""
"MEblue","Neisseria_mucosa",0.014,0.92,""
"MEblue","Leptotrichia_sp_oral_taxon_221",-0.073,0.6,""
"MEblue","Filifactor_alocis",-0.024,0.86,""
"MEblue","Prevotella_intermedia",-0.033,0.81,""
"MEblue","Streptococcus_pneumoniae",0.082,0.55,""
"MEblue","Parvimonas_micra",0.035,0.8,""
"MEbrown","Prevotella_sp_oral_taxon_299",0.021,0.88,""
"MEbrown","Streptococcus_sp_116_D4",-0.15,0.27,""
"MEbrown","Lancefieldella_parvula",-0.062,0.65,""
"MEbrown","Prevotella_jejuni",-0.078,0.57,""
"MEbrown","Schaalia_odontolytica",0.0022,0.99,""
"MEbrown","Campylobacter_concisus",0.031,0.82,""
"MEbrown","Erwinia_sp_Ejp617",-0.065,0.63,""
"MEbrown","Collinsella_aerofaciens",0.016,0.91,""
"MEbrown","Prevotella_denticola",-0.11,0.41,""
"MEbrown","Kingella_oralis",-0.14,0.31,""
"MEbrown","Schaalia_meyeri",-0.023,0.86,""
"MEbrown","Pantoea_sp_CCBC3_3_1",-0.12,0.4,""
"MEbrown","Streptococcus_mitis",-0.14,0.29,""
"MEbrown","Schaalia_cardiffensis",-0.075,0.58,""
"MEbrown","Nanosynbacter_sp_HMT_352",-0.056,0.68,""
"MEbrown","Candidatus_Methylopumilus_turicensis",0.25,0.06,""
"MEbrown","Streptococcus_sp_1643",-0.19,0.16,""
"MEbrown","Porphyromonas_endodontalis",-0.072,0.6,""
"MEbrown","Streptococcus_oralis",-0.2,0.14,""
"MEbrown","Prevotella_scopos",-0.11,0.44,""
"MEbrown","Desulfobulbus_oralis",-0.031,0.82,""
"MEbrown","Tannerella_forsythia",-0.075,0.58,""
"MEbrown","Blattabacterium_punctulatus",-0.087,0.52,""
"MEbrown","Streptococcus_pseudopneumoniae",-0.15,0.26,""
"MEbrown","Microbacterium_paludicola",-0.031,0.82,""
"MEbrown","Prevotella_histicola",-0.08,0.56,""
"MEbrown","Shewanella_loihica",0.046,0.74,""
"MEbrown","Olsenella_uli",-0.073,0.59,""
"MEbrown","Mogibacterium_diversum",-0.09,0.51,""
"MEbrown","Porphyromonas_gingivalis",-0.045,0.74,""
"MEbrown","Prevotella_multiformis",-0.034,0.8,""
"MEbrown","Lachnoanaerobaculum_umeaense",-0.059,0.67,""
"MEbrown","Veillonella_atypica",-0.089,0.51,""
"MEbrown","Planktothrix_rubescens",-0.1,0.45,""
"MEbrown","Rothia_mucilaginosa",0.00073,1,""
"MEbrown","Prevotella_veroralis",-0.11,0.41,""
"MEbrown","Candidatus_Nanosynbacter_sp_HMT352",0.0056,0.97,""
"MEbrown","Fusobacterium_periodonticum",-0.014,0.92,""
"MEbrown","Fusobacterium_pseudoperiodonticum",0.089,0.51,""
"MEbrown","Streptococcus_sp_FDAARGOS_192",0.0072,0.96,""
"MEbrown","Neisseria_mucosa",0.12,0.38,""
"MEbrown","Leptotrichia_sp_oral_taxon_221",-0.064,0.64,""
"MEbrown","Filifactor_alocis",-0.078,0.57,""
"MEbrown","Prevotella_intermedia",-0.081,0.55,""
"MEbrown","Streptococcus_pneumoniae",-0.16,0.25,""
"MEbrown","Parvimonas_micra",-0.085,0.53,""
"MEpink","Prevotella_sp_oral_taxon_299",-0.18,0.18,""
"MEpink","Streptococcus_sp_116_D4",0.015,0.91,""
"MEpink","Lancefieldella_parvula",0.031,0.82,""
"MEpink","Prevotella_jejuni",0.002,0.99,""
"MEpink","Schaalia_odontolytica",-0.025,0.86,""
"MEpink","Campylobacter_concisus",-0.074,0.59,""
"MEpink","Erwinia_sp_Ejp617",-0.094,0.49,""
"MEpink","Collinsella_aerofaciens",0.15,0.25,""
"MEpink","Prevotella_denticola",0.25,0.065,""
"MEpink","Kingella_oralis",-0.05,0.71,""
"MEpink","Schaalia_meyeri",0.083,0.54,""
"MEpink","Pantoea_sp_CCBC3_3_1",-0.16,0.22,""
"MEpink","Streptococcus_mitis",0.013,0.93,""
"MEpink","Schaalia_cardiffensis",-0.069,0.62,""
"MEpink","Nanosynbacter_sp_HMT_352",-0.073,0.59,""
"MEpink","Candidatus_Methylopumilus_turicensis",0.11,0.42,""
"MEpink","Streptococcus_sp_1643",-0.17,0.21,""
"MEpink","Porphyromonas_endodontalis",0.21,0.12,""
"MEpink","Streptococcus_oralis",-0.14,0.3,""
"MEpink","Prevotella_scopos",-0.091,0.51,""
"MEpink","Desulfobulbus_oralis",0.16,0.23,""
"MEpink","Tannerella_forsythia",0.049,0.72,""
"MEpink","Blattabacterium_punctulatus",-0.061,0.65,""
"MEpink","Streptococcus_pseudopneumoniae",-0.036,0.79,""
"MEpink","Microbacterium_paludicola",0.32,0.016,"*"
"MEpink","Prevotella_histicola",-0.1,0.45,""
"MEpink","Shewanella_loihica",-0.099,0.47,""
"MEpink","Olsenella_uli",0.074,0.59,""
"MEpink","Mogibacterium_diversum",-0.032,0.81,""
"MEpink","Porphyromonas_gingivalis",0.17,0.22,""
"MEpink","Prevotella_multiformis",0.3,0.025,"*"
"MEpink","Lachnoanaerobaculum_umeaense",-0.094,0.49,""
"MEpink","Veillonella_atypica",-0.018,0.9,""
"MEpink","Planktothrix_rubescens",-0.13,0.35,""
"MEpink","Rothia_mucilaginosa",-0.12,0.38,""
"MEpink","Prevotella_veroralis",-0.023,0.87,""
"MEpink","Candidatus_Nanosynbacter_sp_HMT352",-0.1,0.45,""
"MEpink","Fusobacterium_periodonticum",-0.12,0.39,""
"MEpink","Fusobacterium_pseudoperiodonticum",-0.09,0.51,""
"MEpink","Streptococcus_sp_FDAARGOS_192",-0.11,0.42,""
"MEpink","Neisseria_mucosa",-0.17,0.22,""
"MEpink","Leptotrichia_sp_oral_taxon_221",-0.091,0.5,""
"MEpink","Filifactor_alocis",0.0019,0.99,""
"MEpink","Prevotella_intermedia",0.23,0.09,""
"MEpink","Streptococcus_pneumoniae",-0.022,0.87,""
"MEpink","Parvimonas_micra",0.037,0.79,""
"MEyellow","Prevotella_sp_oral_taxon_299",0.17,0.2,""
"MEyellow","Streptococcus_sp_116_D4",-0.19,0.15,""
"MEyellow","Lancefieldella_parvula",0.07,0.61,""
"MEyellow","Prevotella_jejuni",0.16,0.24,""
"MEyellow","Schaalia_odontolytica",0.21,0.12,""
"MEyellow","Campylobacter_concisus",0.34,0.01,"*"
"MEyellow","Erwinia_sp_Ejp617",-0.077,0.57,""
"MEyellow","Collinsella_aerofaciens",0.31,0.02,"*"
"MEyellow","Prevotella_denticola",-0.016,0.91,""
"MEyellow","Kingella_oralis",-0.14,0.29,""
"MEyellow","Schaalia_meyeri",0.41,0.0017,"**"
"MEyellow","Pantoea_sp_CCBC3_3_1",-0.17,0.2,""
"MEyellow","Streptococcus_mitis",-0.21,0.11,""
"MEyellow","Schaalia_cardiffensis",-0.0029,0.98,""
"MEyellow","Nanosynbacter_sp_HMT_352",0.17,0.22,""
"MEyellow","Candidatus_Methylopumilus_turicensis",0.24,0.078,""
"MEyellow","Streptococcus_sp_1643",-0.28,0.035,"*"
"MEyellow","Porphyromonas_endodontalis",-0.021,0.88,""
"MEyellow","Streptococcus_oralis",-0.28,0.035,"*"
"MEyellow","Prevotella_scopos",0.19,0.15,""
"MEyellow","Desulfobulbus_oralis",-0.065,0.64,""
"MEyellow","Tannerella_forsythia",-0.11,0.41,""
"MEyellow","Blattabacterium_punctulatus",-0.14,0.29,""
"MEyellow","Streptococcus_pseudopneumoniae",-0.2,0.14,""
"MEyellow","Microbacterium_paludicola",-0.032,0.82,""
"MEyellow","Prevotella_histicola",-0.041,0.77,""
"MEyellow","Shewanella_loihica",0.45,5e-04,"***"
"MEyellow","Olsenella_uli",0.22,0.11,""
"MEyellow","Mogibacterium_diversum",0.049,0.72,""
"MEyellow","Porphyromonas_gingivalis",-0.066,0.63,""
"MEyellow","Prevotella_multiformis",-0.0075,0.96,""
"MEyellow","Lachnoanaerobaculum_umeaense",0.15,0.26,""
"MEyellow","Veillonella_atypica",0.11,0.41,""
"MEyellow","Planktothrix_rubescens",-0.15,0.27,""
"MEyellow","Rothia_mucilaginosa",0.13,0.34,""
"MEyellow","Prevotella_veroralis",-0.086,0.53,""
"MEyellow","Candidatus_Nanosynbacter_sp_HMT352",0.44,0.00063,"***"
"MEyellow","Fusobacterium_periodonticum",0.017,0.9,""
"MEyellow","Fusobacterium_pseudoperiodonticum",0.15,0.27,""
"MEyellow","Streptococcus_sp_FDAARGOS_192",0.037,0.79,""
"MEyellow","Neisseria_mucosa",0.26,0.05,""
"MEyellow","Leptotrichia_sp_oral_taxon_221",0.047,0.73,""
"MEyellow","Filifactor_alocis",-0.035,0.8,""
"MEyellow","Prevotella_intermedia",-0.045,0.74,""
"MEyellow","Streptococcus_pneumoniae",-0.21,0.13,""
"MEyellow","Parvimonas_micra",-0.025,0.85,""
"MEgreen","Prevotella_sp_oral_taxon_299",-0.035,0.8,""
"MEgreen","Streptococcus_sp_116_D4",-0.063,0.65,""
"MEgreen","Lancefieldella_parvula",-0.0081,0.95,""
"MEgreen","Prevotella_jejuni",0.006,0.96,""
"MEgreen","Schaalia_odontolytica",0.022,0.87,""
"MEgreen","Campylobacter_concisus",0.041,0.76,""
"MEgreen","Erwinia_sp_Ejp617",-0.059,0.67,""
"MEgreen","Collinsella_aerofaciens",-0.12,0.37,""
"MEgreen","Prevotella_denticola",-0.061,0.66,""
"MEgreen","Kingella_oralis",-0.074,0.59,""
"MEgreen","Schaalia_meyeri",-0.044,0.75,""
"MEgreen","Pantoea_sp_CCBC3_3_1",0.04,0.77,""
"MEgreen","Streptococcus_mitis",-0.084,0.54,""
"MEgreen","Schaalia_cardiffensis",0.13,0.34,""
"MEgreen","Nanosynbacter_sp_HMT_352",0.1,0.45,""
"MEgreen","Candidatus_Methylopumilus_turicensis",-0.12,0.38,""
"MEgreen","Streptococcus_sp_1643",0.056,0.68,""
"MEgreen","Porphyromonas_endodontalis",-0.058,0.67,""
"MEgreen","Streptococcus_oralis",0.079,0.56,""
"MEgreen","Prevotella_scopos",0.072,0.6,""
"MEgreen","Desulfobulbus_oralis",0.011,0.93,""
"MEgreen","Tannerella_forsythia",0.0078,0.95,""
"MEgreen","Blattabacterium_punctulatus",-0.14,0.32,""
"MEgreen","Streptococcus_pseudopneumoniae",-0.08,0.56,""
"MEgreen","Microbacterium_paludicola",-0.015,0.91,""
"MEgreen","Prevotella_histicola",0.0056,0.97,""
"MEgreen","Shewanella_loihica",-0.037,0.78,""
"MEgreen","Olsenella_uli",0.21,0.12,""
"MEgreen","Mogibacterium_diversum",0.037,0.79,""
"MEgreen","Porphyromonas_gingivalis",0.015,0.91,""
"MEgreen","Prevotella_multiformis",-0.1,0.44,""
"MEgreen","Lachnoanaerobaculum_umeaense",0.047,0.73,""
"MEgreen","Veillonella_atypica",0.00056,1,""
"MEgreen","Planktothrix_rubescens",0.037,0.79,""
"MEgreen","Rothia_mucilaginosa",0.09,0.51,""
"MEgreen","Prevotella_veroralis",-0.093,0.49,""
"MEgreen","Candidatus_Nanosynbacter_sp_HMT352",-0.0014,0.99,""
"MEgreen","Fusobacterium_periodonticum",0.0076,0.96,""
"MEgreen","Fusobacterium_pseudoperiodonticum",-0.049,0.72,""
"MEgreen","Streptococcus_sp_FDAARGOS_192",0.12,0.38,""
"MEgreen","Neisseria_mucosa",0.12,0.38,""
"MEgreen","Leptotrichia_sp_oral_taxon_221",0.089,0.51,""
"MEgreen","Filifactor_alocis",0.0036,0.98,""
"MEgreen","Prevotella_intermedia",0.041,0.76,""
"MEgreen","Streptococcus_pneumoniae",-0.066,0.63,""
"MEgreen","Parvimonas_micra",-0.052,0.7,""
"MEturquoise","Prevotella_sp_oral_taxon_299",-0.026,0.85,""
"MEturquoise","Streptococcus_sp_116_D4",-0.085,0.53,""
"MEturquoise","Lancefieldella_parvula",-0.086,0.53,""
"MEturquoise","Prevotella_jejuni",-0.048,0.72,""
"MEturquoise","Schaalia_odontolytica",-0.05,0.72,""
"MEturquoise","Campylobacter_concisus",0.024,0.86,""
"MEturquoise","Erwinia_sp_Ejp617",-0.033,0.81,""
"MEturquoise","Collinsella_aerofaciens",-0.082,0.55,""
"MEturquoise","Prevotella_denticola",-0.02,0.88,""
"MEturquoise","Kingella_oralis",0.054,0.69,""
"MEturquoise","Schaalia_meyeri",-0.093,0.49,""
"MEturquoise","Pantoea_sp_CCBC3_3_1",0.16,0.23,""
"MEturquoise","Streptococcus_mitis",-0.1,0.44,""
"MEturquoise","Schaalia_cardiffensis",-0.033,0.81,""
"MEturquoise","Nanosynbacter_sp_HMT_352",-0.047,0.73,""
"MEturquoise","Candidatus_Methylopumilus_turicensis",-0.1,0.45,""
"MEturquoise","Streptococcus_sp_1643",-0.11,0.43,""
"MEturquoise","Porphyromonas_endodontalis",-0.17,0.22,""
"MEturquoise","Streptococcus_oralis",-0.1,0.46,""
"MEturquoise","Prevotella_scopos",-0.044,0.75,""
"MEturquoise","Desulfobulbus_oralis",-0.083,0.54,""
"MEturquoise","Tannerella_forsythia",-0.1,0.45,""
"MEturquoise","Blattabacterium_punctulatus",-0.096,0.48,""
"MEturquoise","Streptococcus_pseudopneumoniae",-0.12,0.37,""
"MEturquoise","Microbacterium_paludicola",-0.056,0.68,""
"MEturquoise","Prevotella_histicola",-0.039,0.77,""
"MEturquoise","Shewanella_loihica",-0.083,0.54,""
"MEturquoise","Olsenella_uli",-0.075,0.58,""
"MEturquoise","Mogibacterium_diversum",-0.072,0.6,""
"MEturquoise","Porphyromonas_gingivalis",-0.12,0.36,""
"MEturquoise","Prevotella_multiformis",-0.086,0.53,""
"MEturquoise","Lachnoanaerobaculum_umeaense",0.091,0.5,""
"MEturquoise","Veillonella_atypica",-0.03,0.83,""
"MEturquoise","Planktothrix_rubescens",0.1,0.45,""
"MEturquoise","Rothia_mucilaginosa",-0.089,0.51,""
"MEturquoise","Prevotella_veroralis",-0.076,0.58,""
"MEturquoise","Candidatus_Nanosynbacter_sp_HMT352",-0.067,0.63,""
"MEturquoise","Fusobacterium_periodonticum",-0.044,0.75,""
"MEturquoise","Fusobacterium_pseudoperiodonticum",-0.11,0.4,""
"MEturquoise","Streptococcus_sp_FDAARGOS_192",-0.055,0.69,""
"MEturquoise","Neisseria_mucosa",0.014,0.92,""
"MEturquoise","Leptotrichia_sp_oral_taxon_221",0.029,0.83,""
"MEturquoise","Filifactor_alocis",-0.13,0.35,""
"MEturquoise","Prevotella_intermedia",-0.11,0.44,""
"MEturquoise","Streptococcus_pneumoniae",-0.11,0.41,""
"MEturquoise","Parvimonas_micra",-0.12,0.39,""
"MEblack","Prevotella_sp_oral_taxon_299",-0.067,0.62,""
"MEblack","Streptococcus_sp_116_D4",0.24,0.078,""
"MEblack","Lancefieldella_parvula",0.062,0.65,""
"MEblack","Prevotella_jejuni",-0.028,0.84,""
"MEblack","Schaalia_odontolytica",-0.06,0.66,""
"MEblack","Campylobacter_concisus",-0.12,0.36,""
"MEblack","Erwinia_sp_Ejp617",0.19,0.16,""
"MEblack","Collinsella_aerofaciens",-0.11,0.43,""
"MEblack","Prevotella_denticola",-0.21,0.12,""
"MEblack","Kingella_oralis",-0.2,0.14,""
"MEblack","Schaalia_meyeri",-0.067,0.63,""
"MEblack","Pantoea_sp_CCBC3_3_1",0.49,0.00012,"***"
"MEblack","Streptococcus_mitis",0.26,0.055,""
"MEblack","Schaalia_cardiffensis",0.15,0.27,""
"MEblack","Nanosynbacter_sp_HMT_352",-0.071,0.6,""
"MEblack","Candidatus_Methylopumilus_turicensis",-0.11,0.43,""
"MEblack","Streptococcus_sp_1643",0.26,0.056,""
"MEblack","Porphyromonas_endodontalis",0.038,0.78,""
"MEblack","Streptococcus_oralis",0.28,0.036,"*"
"MEblack","Prevotella_scopos",0.01,0.94,""
"MEblack","Desulfobulbus_oralis",0.013,0.93,""
"MEblack","Tannerella_forsythia",0.14,0.31,""
"MEblack","Blattabacterium_punctulatus",0.14,0.3,""
"MEblack","Streptococcus_pseudopneumoniae",0.2,0.13,""
"MEblack","Microbacterium_paludicola",-0.1,0.44,""
"MEblack","Prevotella_histicola",0.065,0.63,""
"MEblack","Shewanella_loihica",-0.12,0.4,""
"MEblack","Olsenella_uli",-0.043,0.75,""
"MEblack","Mogibacterium_diversum",0.093,0.5,""
"MEblack","Porphyromonas_gingivalis",0.071,0.6,""
"MEblack","Prevotella_multiformis",-0.056,0.68,""
"MEblack","Lachnoanaerobaculum_umeaense",-0.076,0.58,""
"MEblack","Veillonella_atypica",-0.035,0.8,""
"MEblack","Planktothrix_rubescens",0.12,0.37,""
"MEblack","Rothia_mucilaginosa",-0.11,0.44,""
"MEblack","Prevotella_veroralis",0.035,0.8,""
"MEblack","Candidatus_Nanosynbacter_sp_HMT352",-0.13,0.35,""
"MEblack","Fusobacterium_periodonticum",0.12,0.39,""
"MEblack","Fusobacterium_pseudoperiodonticum",0.061,0.66,""
"MEblack","Streptococcus_sp_FDAARGOS_192",-0.078,0.57,""
"MEblack","Neisseria_mucosa",-0.18,0.18,""
"MEblack","Leptotrichia_sp_oral_taxon_221",0.031,0.82,""
"MEblack","Filifactor_alocis",0.12,0.37,""
"MEblack","Prevotella_intermedia",0.044,0.75,""
"MEblack","Streptococcus_pneumoniae",0.24,0.07,""
"MEblack","Parvimonas_micra",0.064,0.64,""
"MEmagenta","Prevotella_sp_oral_taxon_299",-0.02,0.89,""
"MEmagenta","Streptococcus_sp_116_D4",0.025,0.86,""
"MEmagenta","Lancefieldella_parvula",0.022,0.87,""
"MEmagenta","Prevotella_jejuni",-0.026,0.85,""
"MEmagenta","Schaalia_odontolytica",0.029,0.83,""
"MEmagenta","Campylobacter_concisus",-0.093,0.5,""
"MEmagenta","Erwinia_sp_Ejp617",0.031,0.82,""
"MEmagenta","Collinsella_aerofaciens",-0.074,0.59,""
"MEmagenta","Prevotella_denticola",-0.12,0.38,""
"MEmagenta","Kingella_oralis",-0.26,0.057,""
"MEmagenta","Schaalia_meyeri",-0.022,0.87,""
"MEmagenta","Pantoea_sp_CCBC3_3_1",0.15,0.27,""
"MEmagenta","Streptococcus_mitis",0.1,0.45,""
"MEmagenta","Schaalia_cardiffensis",0.2,0.14,""
"MEmagenta","Nanosynbacter_sp_HMT_352",0.015,0.91,""
"MEmagenta","Candidatus_Methylopumilus_turicensis",-0.077,0.57,""
"MEmagenta","Streptococcus_sp_1643",0.31,0.02,"*"
"MEmagenta","Porphyromonas_endodontalis",-0.25,0.062,""
"MEmagenta","Streptococcus_oralis",0.32,0.015,"*"
"MEmagenta","Prevotella_scopos",-0.099,0.47,""
"MEmagenta","Desulfobulbus_oralis",-0.15,0.28,""
"MEmagenta","Tannerella_forsythia",-0.05,0.72,""
"MEmagenta","Blattabacterium_punctulatus",-0.097,0.48,""
"MEmagenta","Streptococcus_pseudopneumoniae",-0.01,0.94,""
"MEmagenta","Microbacterium_paludicola",0.026,0.85,""
"MEmagenta","Prevotella_histicola",-0.011,0.94,""
"MEmagenta","Shewanella_loihica",-0.051,0.71,""
"MEmagenta","Olsenella_uli",-0.087,0.52,""
"MEmagenta","Mogibacterium_diversum",0.08,0.56,""
"MEmagenta","Porphyromonas_gingivalis",-0.081,0.56,""
"MEmagenta","Prevotella_multiformis",-0.01,0.94,""
"MEmagenta","Lachnoanaerobaculum_umeaense",-0.033,0.81,""
"MEmagenta","Veillonella_atypica",-0.017,0.9,""
"MEmagenta","Planktothrix_rubescens",-0.046,0.74,""
"MEmagenta","Rothia_mucilaginosa",0.088,0.52,""
"MEmagenta","Prevotella_veroralis",-0.0019,0.99,""
"MEmagenta","Candidatus_Nanosynbacter_sp_HMT352",-0.058,0.67,""
"MEmagenta","Fusobacterium_periodonticum",0.013,0.92,""
"MEmagenta","Fusobacterium_pseudoperiodonticum",-0.018,0.9,""
"MEmagenta","Streptococcus_sp_FDAARGOS_192",0.092,0.5,""
"MEmagenta","Neisseria_mucosa",-0.029,0.83,""
"MEmagenta","Leptotrichia_sp_oral_taxon_221",0.059,0.67,""
"MEmagenta","Filifactor_alocis",0.061,0.65,""
"MEmagenta","Prevotella_intermedia",-0.041,0.76,""
"MEmagenta","Streptococcus_pneumoniae",0.013,0.92,""
"MEmagenta","Parvimonas_micra",0.15,0.29,""
"MEred","Prevotella_sp_oral_taxon_299",0.24,0.078,""
"MEred","Streptococcus_sp_116_D4",-0.078,0.57,""
"MEred","Lancefieldella_parvula",0.13,0.34,""
"MEred","Prevotella_jejuni",0.14,0.29,""
"MEred","Schaalia_odontolytica",0.26,0.049,"*"
"MEred","Campylobacter_concisus",0.088,0.52,""
"MEred","Erwinia_sp_Ejp617",0.075,0.58,""
"MEred","Collinsella_aerofaciens",-0.032,0.81,""
"MEred","Prevotella_denticola",-0.13,0.33,""
"MEred","Kingella_oralis",-0.26,0.048,"*"
"MEred","Schaalia_meyeri",0.18,0.18,""
"MEred","Pantoea_sp_CCBC3_3_1",0.008,0.95,""
"MEred","Streptococcus_mitis",-0.062,0.65,""
"MEred","Schaalia_cardiffensis",0.21,0.13,""
"MEred","Nanosynbacter_sp_HMT_352",0.33,0.014,"*"
"MEred","Candidatus_Methylopumilus_turicensis",0.049,0.72,""
"MEred","Streptococcus_sp_1643",0.22,0.099,""
"MEred","Porphyromonas_endodontalis",-0.22,0.1,""
"MEred","Streptococcus_oralis",0.22,0.1,""
"MEred","Prevotella_scopos",0.13,0.33,""
"MEred","Desulfobulbus_oralis",-0.1,0.44,""
"MEred","Tannerella_forsythia",-0.04,0.77,""
"MEred","Blattabacterium_punctulatus",-0.2,0.14,""
"MEred","Streptococcus_pseudopneumoniae",-0.073,0.59,""
"MEred","Microbacterium_paludicola",0.17,0.21,""
"MEred","Prevotella_histicola",0.048,0.72,""
"MEred","Shewanella_loihica",0.25,0.062,""
"MEred","Olsenella_uli",-0.026,0.85,""
"MEred","Mogibacterium_diversum",0.19,0.15,""
"MEred","Porphyromonas_gingivalis",-0.021,0.88,""
"MEred","Prevotella_multiformis",-0.036,0.79,""
"MEred","Lachnoanaerobaculum_umeaense",0.26,0.056,""
"MEred","Veillonella_atypica",0.13,0.34,""
"MEred","Planktothrix_rubescens",-0.16,0.23,""
"MEred","Rothia_mucilaginosa",0.44,8e-04,"***"
"MEred","Prevotella_veroralis",-0.034,0.8,""
"MEred","Candidatus_Nanosynbacter_sp_HMT352",0.22,0.11,""
"MEred","Fusobacterium_periodonticum",0.2,0.13,""
"MEred","Fusobacterium_pseudoperiodonticum",0.2,0.13,""
"MEred","Streptococcus_sp_FDAARGOS_192",0.37,0.0055,"**"
"MEred","Neisseria_mucosa",0.25,0.06,""
"MEred","Leptotrichia_sp_oral_taxon_221",0.23,0.092,""
"MEred","Filifactor_alocis",0.048,0.72,""
"MEred","Prevotella_intermedia",-0.034,0.81,""
"MEred","Streptococcus_pneumoniae",-0.076,0.58,""
"MEred","Parvimonas_micra",0.19,0.17,""
"MEgrey","Prevotella_sp_oral_taxon_299",0.026,0.85,""
"MEgrey","Streptococcus_sp_116_D4",-0.014,0.92,""
"MEgrey","Lancefieldella_parvula",0.13,0.35,""
"MEgrey","Prevotella_jejuni",0.084,0.54,""
"MEgrey","Schaalia_odontolytica",0.082,0.55,""
"MEgrey","Campylobacter_concisus",-0.032,0.81,""
"MEgrey","Erwinia_sp_Ejp617",0.12,0.36,""
"MEgrey","Collinsella_aerofaciens",-0.11,0.42,""
"MEgrey","Prevotella_denticola",-0.22,0.097,""
"MEgrey","Kingella_oralis",-0.18,0.18,""
"MEgrey","Schaalia_meyeri",0.023,0.86,""
"MEgrey","Pantoea_sp_CCBC3_3_1",0.24,0.079,""
"MEgrey","Streptococcus_mitis",0.012,0.93,""
"MEgrey","Schaalia_cardiffensis",0.23,0.087,""
"MEgrey","Nanosynbacter_sp_HMT_352",0.11,0.4,""
"MEgrey","Candidatus_Methylopumilus_turicensis",-0.11,0.4,""
"MEgrey","Streptococcus_sp_1643",0.21,0.13,""
"MEgrey","Porphyromonas_endodontalis",-0.09,0.51,""
"MEgrey","Streptococcus_oralis",0.24,0.077,""
"MEgrey","Prevotella_scopos",0.082,0.55,""
"MEgrey","Desulfobulbus_oralis",0.066,0.63,""
"MEgrey","Tannerella_forsythia",0.18,0.18,""
"MEgrey","Blattabacterium_punctulatus",-0.071,0.6,""
"MEgrey","Streptococcus_pseudopneumoniae",-0.028,0.84,""
"MEgrey","Microbacterium_paludicola",-0.11,0.42,""
"MEgrey","Prevotella_histicola",0.13,0.33,""
"MEgrey","Shewanella_loihica",-0.027,0.84,""
"MEgrey","Olsenella_uli",0.029,0.83,""
"MEgrey","Mogibacterium_diversum",0.17,0.2,""
"MEgrey","Porphyromonas_gingivalis",0.058,0.67,""
"MEgrey","Prevotella_multiformis",-0.14,0.29,""
"MEgrey","Lachnoanaerobaculum_umeaense",0.059,0.66,""
"MEgrey","Veillonella_atypica",0.075,0.58,""
"MEgrey","Planktothrix_rubescens",0.18,0.17,""
"MEgrey","Rothia_mucilaginosa",0.067,0.62,""
"MEgrey","Prevotella_veroralis",0.05,0.71,""
"MEgrey","Candidatus_Nanosynbacter_sp_HMT352",-0.0068,0.96,""
"MEgrey","Fusobacterium_periodonticum",0.1,0.45,""
"MEgrey","Fusobacterium_pseudoperiodonticum",0.021,0.88,""
"MEgrey","Streptococcus_sp_FDAARGOS_192",0.1,0.46,""
"MEgrey","Neisseria_mucosa",-0.023,0.86,""
"MEgrey","Leptotrichia_sp_oral_taxon_221",0.18,0.19,""
"MEgrey","Filifactor_alocis",0.15,0.27,""
"MEgrey","Prevotella_intermedia",0.024,0.86,""
"MEgrey","Streptococcus_pneumoniae",-0.0092,0.95,""
"MEgrey","Parvimonas_micra",0.024,0.86,""
