"Site","Genus","Eigengene","r","p_raw","p_adj","is_rescue_genus"
"Lung","Mitochondria","EG_DB_down",0.811188811188811,0.00136331525272704,0.128834054140075,FALSE
"Lung","Faecalibaculum","EG_DB_up",-0.776223776223776,0.00299286368018592,0.128834054140075,TRUE
"Lung","Mitochondria","EG_DB_up",-0.769230769230769,0.00344645026182744,0.128834054140075,FALSE
"Lung","Nocardioides","EG_DB_down",-0.769230769230769,0.00344645026182744,0.128834054140075,TRUE
"Lung","Skermanella","EG_DB_up",0.762237762237762,0.00395044897254282,0.128834054140075,TRUE
"Lung","Staphylococcus","EG_DB_down",0.755244755244755,0.00450843548429436,0.128834054140075,TRUE
"Lung","Solirubrobacter","EG_DB_down",-0.748251748251748,0.005124081698753,0.128834054140075,TRUE
"Lung","Enterococcus","EG_DB_up",-0.72027972027972,0.00823976871233834,0.158312383379467,TRUE
"Lung","Muribaculaceae","EG_DB_down",0.706293706293706,0.0102451939411279,0.158312383379467,TRUE
"Lung","Pseudarthrobacter","EG_DB_down",-0.706293706293706,0.0102451939411279,0.158312383379467,FALSE
"Lung","Alloprevotella","EG_DB_down",0.699300699300699,0.011374198642691,0.158312383379467,TRUE
"Lung","Faecalibaculum","EG_DB_down",0.699300699300699,0.011374198642691,0.158312383379467,TRUE
"Lung","Staphylococcus","EG_DB_up",-0.692307692307692,0.0125930304960939,0.158312383379467,TRUE
"Lung","Pseudomonas","EG_DB_down",0.692307692307692,0.0125930304960939,0.158312383379467,FALSE
"Lung","KD4-96","EG_DB_down",-0.685314685314685,0.0139059688143628,0.163163367421857,FALSE
"Lung","Lachnoclostridium","EG_DB_down",0.671328671328671,0.0168314561868934,0.174255075817249,FALSE
"Lung","Skermanella","EG_DB_down",-0.671328671328671,0.0168314561868934,0.174255075817249,TRUE
"Lung","Enterococcus","EG_DB_down",0.657342657342657,0.020185498509854,0.197369318763017,TRUE
"Lung","KD4-96","EG_DB_up",0.65034965034965,0.0220341909323654,0.204106189689279,FALSE
"Lung","Sphingomonas","EG_DB_up",0.643356643356643,0.0240031912007137,0.208775128421625,TRUE
"Lung","Nocardioides","EG_DB_up",0.636363636363636,0.0260968910527031,0.208775128421625,TRUE
"Lung","Pediococcus","EG_DB_down",0.636363636363636,0.0260968910527031,0.208775128421625,TRUE
"Lung","Methyloversatilis","EG_DB_down",0.629370629370629,0.0283196712957601,0.216707049915381,TRUE
"Lung","Solirubrobacter","EG_DB_up",0.615384615384615,0.0331699010901059,0.233402054857672,TRUE
"Lung","Helicobacter","EG_DB_down",0.615384615384615,0.0331699010901059,0.233402054857672,TRUE
"Lung","Blastococcus","EG_DB_up",0.608391608391608,0.0358059970520292,0.233402054857672,TRUE
"Lung","Parabacteroides","EG_DB_down",0.608391608391608,0.0358059970520292,0.233402054857672,FALSE
"Lung","Massilia","EG_DB_up",0.594405594405594,0.0415214944103186,0.251992517800554,TRUE
"Lung","Bifidobacterium","EG_DB_down",0.594405594405594,0.0415214944103186,0.251992517800554,FALSE
"Lung","Pseudomonas","EG_DB_up",-0.587412587412587,0.0446092964633631,0.253265683146836,FALSE
"Lung","Alistipes","EG_DB_down",0.587412587412587,0.0446092964633631,0.253265683146836,TRUE
"Lung","Blastococcus","EG_DB_down",-0.58041958041958,0.0478559768420606,0.263207872631333,TRUE
"Lung","Microvirga","EG_DB_down",-0.566433566433566,0.0548421197754076,0.286437435232997,TRUE
"Lung","Muribaculaceae","EG_DB_up",-0.559440559440559,0.0585894753885676,0.286437435232997,TRUE
"Lung","Lactobacillus","EG_DB_down",0.559440559440559,0.0585894753885676,0.286437435232997,TRUE
"Lung","Massilia","EG_DB_down",-0.559440559440559,0.0585894753885676,0.286437435232997,TRUE
"Lung","Clostridium_sensu_stricto_1","EG_DB_down",0.552447552447552,0.0625114832796152,0.288342847161155,TRUE
"Lung","Helicobacter","EG_DB_up",-0.545454545454545,0.0666118822668891,0.288342847161155,TRUE
"Lung","Clostridium_sensu_stricto_1","EG_DB_up",-0.545454545454545,0.0666118822668891,0.288342847161155,TRUE
"Lung","MND1","EG_DB_down",-0.545454545454545,0.0666118822668891,0.288342847161155,TRUE
"Lung","Alloprevotella","EG_DB_up",-0.538461538461538,0.0708943175492232,0.288342847161155,TRUE
"Lung","Lachnoclostridium","EG_DB_up",-0.531468531468531,0.0753623350534838,0.288342847161155,FALSE
"Lung","Parabacteroides","EG_DB_up",-0.531468531468531,0.0753623350534838,0.288342847161155,FALSE
"Lung","Akkermansia","EG_DB_down",0.531468531468531,0.0753623350534838,0.288342847161155,FALSE
"Lung","Bacteroides","EG_DB_down",0.531468531468531,0.0753623350534838,0.288342847161155,FALSE
"Lung","Haliangium","EG_DB_down",-0.531468531468531,0.0753623350534838,0.288342847161155,TRUE
"Lung","Eubacterium_coprostanoligenes_group","EG_DB_up",-0.517482517482518,0.0848687711339349,0.298581463948387,TRUE
"Lung","Nitrospira","EG_DB_down",-0.517482517482518,0.0848687711339349,0.298581463948387,TRUE
"Lung","Lachnospiraceae_NK4A136_group","EG_DB_up",-0.510489510489511,0.0899137363026392,0.298581463948387,TRUE
"Lung","Colidextribacter","EG_DB_up",-0.510489510489511,0.0899137363026392,0.298581463948387,TRUE
"Lung","Clostridia_UCG-014","EG_DB_down",0.510489510489511,0.0899137363026392,0.298581463948387,FALSE
"Lung","Bryobacter","EG_DB_down",-0.510489510489511,0.0899137363026392,0.298581463948387,TRUE
"Lung","Vicinamibacteraceae","EG_DB_down",-0.510489510489511,0.0899137363026392,0.298581463948387,TRUE
"Lung","Oscillibacter","EG_DB_down",0.503496503496504,0.0951573665941248,0.304503573101199,TRUE
"Lung","Gaiella","EG_DB_down",-0.503496503496504,0.0951573665941248,0.304503573101199,TRUE
"Lung","Methyloversatilis","EG_DB_up",-0.48951048951049,0.106252371759346,0.306564220158113,TRUE
"Lung","Nitrospira","EG_DB_up",0.48951048951049,0.106252371759346,0.306564220158113,TRUE
"Lung","Ralstonia","EG_DB_down",0.48951048951049,0.106252371759346,0.306564220158113,TRUE
"Lung","Lachnospiraceae_NK4A136_group","EG_DB_down",0.48951048951049,0.106252371759346,0.306564220158113,TRUE
"Lung","Prevotella","EG_DB_down",0.48951048951049,0.106252371759346,0.306564220158113,FALSE
"Lung","Mucispirillum","EG_DB_down",0.48951048951049,0.106252371759346,0.306564220158113,TRUE
"Lung","Haliangium","EG_DB_up",0.475524475524476,0.118175957013032,0.326926018645295,TRUE
"Lung","Pseudarthrobacter","EG_DB_up",0.468531468531469,0.124454791188834,0.326926018645295,FALSE
"Lung","Desulfovibrio","EG_DB_up",-0.468531468531469,0.124454791188834,0.326926018645295,TRUE
"Lung","Microvirga","EG_DB_up",0.468531468531469,0.124454791188834,0.326926018645295,TRUE
"Lung","Bryobacter","EG_DB_up",0.468531468531469,0.124454791188834,0.326926018645295,TRUE
"Lung","Eubacterium_xylanophilum_group","EG_DB_down",0.468531468531469,0.124454791188834,0.326926018645295,TRUE
"Lung","Pediococcus","EG_DB_up",-0.461538461538462,0.130948069507173,0.333817078576807,TRUE
"Lung","Escherichia-Shigella","EG_DB_down",0.461538461538462,0.130948069507173,0.333817078576807,FALSE
"Lung","Delftia","EG_DB_up",-0.454545454545455,0.13765791634773,0.333817078576807,TRUE
"Lung","MND1","EG_DB_up",0.454545454545455,0.13765791634773,0.333817078576807,TRUE
"Lung","Weissella","EG_DB_down",0.454545454545455,0.13765791634773,0.333817078576807,TRUE
"Lung","Bifidobacterium","EG_DB_up",-0.447552447552448,0.144586301303347,0.333817078576807,FALSE
"Lung","Vicinamibacteraceae","EG_DB_up",0.447552447552448,0.144586301303347,0.333817078576807,TRUE
"Lung","Ralstonia","EG_DB_up",-0.440559440559441,0.15173503571673,0.333817078576807,TRUE
"Lung","Coriobacteriaceae_UCG-002","EG_DB_up",-0.440559440559441,0.15173503571673,0.333817078576807,FALSE
"Lung","Akkermansia","EG_DB_up",-0.440559440559441,0.15173503571673,0.333817078576807,FALSE
"Lung","Coriobacteriaceae_UCG-002","EG_DB_down",0.440559440559441,0.15173503571673,0.333817078576807,FALSE
"Lung","Sphingomonas","EG_DB_down",-0.440559440559441,0.15173503571673,0.333817078576807,TRUE
"Lung","Pseudonocardia","EG_DB_down",-0.440559440559441,0.15173503571673,0.333817078576807,FALSE
"Lung","Alistipes","EG_DB_up",-0.433566433566434,0.159105769412196,0.337380908633089,TRUE
"Lung","67-14","EG_DB_up",0.433566433566434,0.159105769412196,0.337380908633089,TRUE
"Lung","Oscillibacter","EG_DB_up",-0.433566433566434,0.159105769412196,0.337380908633089,TRUE
"Lung","67-14","EG_DB_down",-0.426573426573427,0.166699987624945,0.341153463046399,TRUE
"Lung","Eubacterium_coprostanoligenes_group","EG_DB_down",0.426573426573427,0.166699987624945,0.341153463046399,TRUE
"Lung","Delftia","EG_DB_down",0.426573426573427,0.166699987624945,0.341153463046399,TRUE
"Lung","Mucispirillum","EG_DB_up",-0.41958041958042,0.174519008130059,0.349038016260119,TRUE
"Lung","Clostridia_vadinBB60_group","EG_DB_down",0.41958041958042,0.174519008130059,0.349038016260119,TRUE
"Lung","Eubacterium_xylanophilum_group","EG_DB_up",-0.412587412587413,0.182563978573167,0.357014002543082,TRUE
"Lung","Chloroplast","EG_DB_down",0.412587412587413,0.182563978573167,0.357014002543082,TRUE
"Lung","Lactobacillus","EG_DB_up",-0.405594405594406,0.1908358740045,0.365077324182522,TRUE
"Lung","Gaiella","EG_DB_up",0.405594405594406,0.1908358740045,0.365077324182522,TRUE
"Lung","Clostridia_UCG-014","EG_DB_up",-0.398601398601399,0.199335494617809,0.369295232134046,FALSE
"Lung","Ruminococcus","EG_DB_down",0.398601398601399,0.199335494617809,0.369295232134046,FALSE
"Lung","MB-A2-108","EG_DB_down",-0.398601398601399,0.199335494617809,0.369295232134046,TRUE
"Lung","Rodentibacter","EG_DB_down",0.391608391608392,0.208063463695353,0.381449683441481,TRUE
"Lung","Colidextribacter","EG_DB_down",0.384615384615385,0.217020225759977,0.393768657049031,TRUE
"Lung","Cutibacterium","EG_DB_up",-0.377622377622378,0.226206044935027,0.402144079884492,TRUE
"Lung","Neisseria","EG_DB_up",0.377622377622378,0.226206044935027,0.402144079884492,TRUE
"Lung","MB-A2-108","EG_DB_up",0.356643356643357,0.255137751758957,0.435963536986179,TRUE
"Lung","Pseudonocardia","EG_DB_up",0.356643356643357,0.255137751758957,0.435963536986179,FALSE
"Lung","Desulfovibrio","EG_DB_down",0.356643356643357,0.255137751758957,0.435963536986179,TRUE
"Lung","Anaerostipes","EG_DB_down",0.356643356643357,0.255137751758957,0.435963536986179,FALSE
"Lung","Weissella","EG_DB_up",-0.34965034965035,0.26523878689279,0.44459072850601,TRUE
"Lung","Corynebacterium","EG_DB_down",0.34965034965035,0.26523878689279,0.44459072850601,TRUE
"Lung","Turicibacter","EG_DB_up",-0.342657342657343,0.27556745095678,0.457545956305598,FALSE
"Lung","Neisseria","EG_DB_down",-0.335664335664336,0.286122902914987,0.47063206460783,TRUE
"Lung","Escherichia-Shigella","EG_DB_up",-0.328671328671329,0.296904115688764,0.475046585102023,FALSE
"Lung","Dubosiella","EG_DB_up",-0.328671328671329,0.296904115688764,0.475046585102023,FALSE
"Lung","Others","EG_DB_down",0.328671328671329,0.296904115688764,0.475046585102023,TRUE
"Lung","Clostridia_vadinBB60_group","EG_DB_up",-0.321678321678322,0.307909876180653,0.479576444316769,TRUE
"Lung","Ruminococcus_torques_group","EG_DB_down",0.321678321678322,0.307909876180653,0.479576444316769,FALSE
"Lung","Subgroup_7","EG_DB_down",-0.321678321678322,0.307909876180653,0.479576444316769,TRUE
"Lung","Others","EG_DB_up",-0.307692307692308,0.33058925941211,0.505945301361142,TRUE
"Lung","Streptomyces","EG_DB_down",-0.307692307692308,0.33058925941211,0.505945301361142,FALSE
"Lung","Erysipelatoclostridium","EG_DB_down",0.300699300699301,0.342259528940025,0.519290319771072,TRUE
"Lung","Cutibacterium","EG_DB_down",0.286713286713287,0.366251460583582,0.550942368057355,TRUE
"Lung","Barnesiella","EG_DB_up",-0.27972027972028,0.378568669662303,0.555234048838044,FALSE
"Lung","Proteus","EG_DB_up",-0.27972027972028,0.378568669662303,0.555234048838044,TRUE
"Lung","Subgroup_7","EG_DB_up",0.27972027972028,0.378568669662303,0.555234048838044,TRUE
"Lung","Dubosiella","EG_DB_down",0.265734265734266,0.403833088314712,0.587393583003217,FALSE
"Lung","Prevotella","EG_DB_up",-0.258741258741259,0.416774768899138,0.601248846936462,FALSE
"Lung","Arthrobacter","EG_DB_down",-0.251748251748252,0.429918785032884,0.615168342811281,TRUE
"Lung","Fusicatenibacter","EG_DB_up",0.244755244755245,0.443261936450183,0.624112806521858,TRUE
"Lung","Proteus","EG_DB_down",0.244755244755245,0.443261936450183,0.624112806521858,TRUE
"Lung","Rodentibacter","EG_DB_up",-0.237762237762238,0.456800852639923,0.633046850902571,TRUE
"Lung","Barnesiella","EG_DB_down",0.237762237762238,0.456800852639923,0.633046850902571,FALSE
"Lung","Bacillus","EG_DB_up",0.230769230769231,0.470531995381542,0.641966133233732,TRUE
"Lung","Streptomyces","EG_DB_up",0.230769230769231,0.470531995381542,0.641966133233732,FALSE
"Lung","Acinetobacter","EG_DB_up",0.223776223776224,0.484451661455399,0.645935548607198,TRUE
"Lung","Agathobacter","EG_DB_up",0.223776223776224,0.484451661455399,0.645935548607198,TRUE
"Lung","Subdoligranulum","EG_DB_down",0.223776223776224,0.484451661455399,0.645935548607198,FALSE
"Lung","Bacteroides","EG_DB_up",-0.216783216783217,0.498555985524189,0.649969284831535,FALSE
"Lung","Lachnospira","EG_DB_up",0.216783216783217,0.498555985524189,0.649969284831535,FALSE
"Lung","Rickettsia","EG_DB_up",0.216783216783217,0.498555985524189,0.649969284831535,FALSE
"Lung","Turicibacter","EG_DB_down",0.20979020979021,0.512840943181826,0.663676514705893,FALSE
"Lung","Arthrobacter","EG_DB_up",0.195804195804196,0.541935885731317,0.686192200638215,TRUE
"Lung","Romboutsia","EG_DB_down",0.195804195804196,0.541935885731317,0.686192200638215,TRUE
"Lung","Anaplasma","EG_DB_down",0.195804195804196,0.541935885731317,0.686192200638215,FALSE
"Lung","Subdoligranulum","EG_DB_up",-0.188811188811189,0.556737056176831,0.699898013479445,FALSE
"Lung","Lactococcus","EG_DB_up",-0.181818181818182,0.571701238527655,0.708587450569488,TRUE
"Lung","Ruminococcus","EG_DB_up",-0.181818181818182,0.571701238527655,0.708587450569488,FALSE
"Lung","Romboutsia","EG_DB_up",-0.167832167832168,0.602099427786538,0.730824133037453,TRUE
"Lung","Anaerostipes","EG_DB_up",-0.167832167832168,0.602099427786538,0.730824133037453,FALSE
"Lung","Bacillus","EG_DB_down",-0.167832167832168,0.602099427786538,0.730824133037453,TRUE
"Lung","Dorea","EG_DB_up",-0.153846153846154,0.633090681246262,0.757986121764232,TRUE
"Lung","Streptococcus","EG_DB_down",0.153846153846154,0.633090681246262,0.757986121764232,TRUE
"Lung","Corynebacterium","EG_DB_up",-0.13986013986014,0.664633161792668,0.79037457078047,TRUE
"Lung","Fusicatenibacter","EG_DB_down",-0.132867132867133,0.680597508286082,0.798567743055669,TRUE
"Lung","Rickettsia","EG_DB_down",-0.132867132867133,0.680597508286082,0.798567743055669,FALSE
"Lung","Dorea","EG_DB_down",0.125874125874126,0.696683109395766,0.812027995057317,TRUE
"Lung","Chloroplast","EG_DB_up",-0.118881118881119,0.712884219214772,0.820049820796077,TRUE
"Lung","Erysipelatoclostridium","EG_DB_up",-0.118881118881119,0.712884219214772,0.820049820796077,TRUE
"Lung","Eubacterium_hallii_group","EG_DB_up",0.111888111888112,0.729194990751066,0.833365703715504,TRUE
"Lung","Lachnospira","EG_DB_down",-0.104895104895105,0.745609480980708,0.846627539694223,FALSE
"Lung","Lactococcus","EG_DB_down",0.0909090909090909,0.778725396245442,0.872966049294253,TRUE
"Lung","Agathobacter","EG_DB_down",-0.0909090909090909,0.778725396245442,0.872966049294253,TRUE
"Lung","Haemophilus","EG_DB_up",0.0839160839160839,0.795414501853898,0.886031343837253,FALSE
"Lung","Eubacterium_hallii_group","EG_DB_down",-0.0769230769230769,0.812182698028059,0.89901984184238,TRUE
"Lung","Ruminococcus_torques_group","EG_DB_up",-0.0699300699300699,0.829023640531309,0.90066765884883,FALSE
"Lung","Roseburia","EG_DB_up",0.0699300699300699,0.829023640531309,0.90066765884883,FALSE
"Lung","Roseburia","EG_DB_down",-0.0699300699300699,0.829023640531309,0.90066765884883,FALSE
"Lung","Blautia","EG_DB_down",0.048951048951049,0.879918578878675,0.950096134249367,FALSE
"Lung","Candidatus_Arthromitus","EG_DB_up",0.041958041958042,0.896985870819554,0.962618983318546,FALSE
"Lung","Streptococcus","EG_DB_up",0.034965034965035,0.91409334241076,0.969806188233911,TRUE
"Lung","Blautia","EG_DB_up",0.027972027972028,0.931234351201881,0.969806188233911,FALSE
"Lung","Comamonas","EG_DB_up",0.027972027972028,0.931234351201881,0.969806188233911,TRUE
"Lung","Acinetobacter","EG_DB_down",-0.027972027972028,0.931234351201881,0.969806188233911,TRUE
"Lung","Comamonas","EG_DB_down",0.027972027972028,0.931234351201881,0.969806188233911,TRUE
"Lung","Stenotrophomonas","EG_DB_up",0.020979020979021,0.948402225236522,0.970458090939697,TRUE
"Lung","Anaplasma","EG_DB_up",-0.020979020979021,0.948402225236522,0.970458090939697,FALSE
"Lung","Stenotrophomonas","EG_DB_down",-0.020979020979021,0.948402225236522,0.970458090939697,TRUE
"Lung","Candidatus_Arthromitus","EG_DB_down",0.013986013986014,0.965590268918779,0.976689007641984,FALSE
"Lung","Faecalibacterium","EG_DB_down",-0.013986013986014,0.965590268918779,0.976689007641984,FALSE
"Lung","Faecalibacterium","EG_DB_up",0.00699300699300699,0.982791768902848,0.982791768902848,FALSE
"Lung","Haemophilus","EG_DB_down",-0.00699300699300699,0.982791768902848,0.982791768902848,FALSE
